# Blender 5.2.2 LTS
# www.blender.org
mtllib Boneclaw Colored over default.mtl
o RenderMesh_125980134342906.001
v -1.189444 0.216101 -0.085293 0.1821 0.1800 0.1755
v -1.185940 0.072745 -0.085293 0.1576 0.1576 0.1576
v -1.189444 0.216101 0.084672 0.3133 0.3013 0.2705
v -1.185940 0.072745 0.084672 0.3383 0.3239 0.2864
v 0.918661 0.204986 -0.125050 0.2401 0.2352 0.2194
v 0.931087 -0.303406 0.125050 0.2732 0.2666 0.2498
v 0.931087 -0.303406 -0.125050 0.1790 0.1790 0.1790
v 0.918661 0.204987 0.125050 0.1725 0.1725 0.1725
v 0.858421 -0.305182 0.125050 0.1844 0.1844 0.1844
v 0.750922 0.200887 -0.125050 0.1844 0.1844 0.1844
v 0.858421 -0.305182 -0.125050 0.1844 0.1844 0.1844
v 0.750922 0.200887 0.125050 0.1844 0.1844 0.1844
v 0.780083 -0.248340 -0.125050 0.1723 0.1723 0.1723
v 0.701960 0.180372 0.125050 0.1856 0.1854 0.1851
v 0.780083 -0.248340 0.125050 0.1723 0.1723 0.1723
v 0.701960 0.180372 -0.125050 0.1762 0.1762 0.1762
v 0.758191 -0.190117 -0.125050 0.3558 0.3412 0.3056
v 0.683563 0.116335 -0.125050 0.1844 0.1844 0.1844
v 0.758191 -0.190117 0.125050 0.1788 0.1788 0.1788
v 0.683563 0.116335 0.125050 0.2131 0.2109 0.2053
v 0.705026 -0.132661 -0.125050 0.2028 0.2012 0.1979
v 0.646858 0.051850 -0.125050 0.1844 0.1844 0.1844
v 0.705026 -0.132661 0.125050 0.1844 0.1844 0.1844
v 0.646858 0.051850 0.125050 0.1844 0.1844 0.1844
v 0.657963 -0.075054 -0.125050 0.1789 0.1789 0.1789
v 0.669193 -0.011192 -0.125050 0.1844 0.1844 0.1844
v 0.657963 -0.075054 0.125050 0.1814 0.1814 0.1814
v 0.669193 -0.011192 0.125050 0.1803 0.1803 0.1803
v 0.079550 -0.509220 -0.097010 0.2012 0.1986 0.1907
v 0.295827 -0.450535 -0.097010 0.1777 0.1777 0.1777
v 0.079550 -0.509220 0.097010 0.1479 0.1479 0.1479
v 0.295827 -0.450535 0.097010 0.1809 0.1809 0.1809
v 0.632359 0.182502 -0.111138 0.1768 0.1768 0.1768
v 0.614519 0.090148 0.111138 0.4038 0.3840 0.3357
v 0.614519 0.090148 -0.111138 0.1844 0.1844 0.1844
v 0.632359 0.182502 0.111138 0.1757 0.1757 0.1757
v 0.591913 0.192896 0.111138 0.1844 0.1844 0.1844
v 0.591913 0.192896 -0.111138 0.1791 0.1791 0.1791
v 0.550796 0.230749 0.111138 0.1844 0.1844 0.1844
v 0.550796 0.230749 -0.111138 0.1795 0.1795 0.1795
v 0.465295 0.248757 -0.111138 0.1794 0.1794 0.1794
v 0.465295 0.248757 0.111138 0.1844 0.1844 0.1844
v 0.368584 0.246393 -0.111138 0.1792 0.1792 0.1792
v 0.368584 0.246393 0.111138 0.1844 0.1844 0.1844
v 0.287756 0.264513 0.111138 0.3107 0.3014 0.2755
v 0.287756 0.264513 -0.111138 0.1948 0.1936 0.1910
v -0.549844 0.040820 0.105817 0.1510 0.1510 0.1510
v -0.549844 0.040820 -0.105817 0.2509 0.2452 0.2306
v -0.547567 -0.052327 -0.105817 0.3410 0.3276 0.2954
v -0.547567 -0.052327 0.105817 0.1704 0.1695 0.1677
v -0.504007 -0.190156 -0.105817 0.1485 0.1485 0.1485
v -0.504007 -0.190156 0.105817 0.1432 0.1432 0.1432
v -0.521811 -0.136215 -0.105817 0.2244 0.2213 0.2134
v -0.521811 -0.136215 0.105817 0.1844 0.1844 0.1844
v -0.513528 -0.081638 -0.105817 0.2870 0.2772 0.2550
v -0.513528 -0.081638 0.105817 0.1757 0.1757 0.1757
v -1.227139 -0.012424 -0.115609 0.3288 0.3161 0.2847
v -1.076137 -0.010932 -0.115609 0.1478 0.1478 0.1478
v -1.076137 -0.010932 0.114988 0.1844 0.1844 0.1844
v -0.961971 -0.025289 0.114988 0.1844 0.1844 0.1844
v -1.227139 -0.012424 0.114988 0.1480 0.1480 0.1480
v -0.961971 -0.025289 -0.115609 0.1475 0.1475 0.1475
v -1.228382 0.038430 0.114988 0.1479 0.1479 0.1479
v -0.848643 -0.005372 0.114988 0.1844 0.1844 0.1844
v -1.228382 0.038430 -0.115609 0.1844 0.1844 0.1844
v -0.848643 -0.005372 -0.115609 0.1474 0.1474 0.1474
v -1.230717 0.133955 0.114988 0.1477 0.1477 0.1477
v -0.734251 -0.028956 0.114988 0.1844 0.1844 0.1844
v -1.230717 0.133955 -0.115609 0.1833 0.1833 0.1833
v -0.734251 -0.028956 -0.115609 0.1472 0.1472 0.1472
v -0.624779 0.148763 0.114988 0.1844 0.1844 0.1844
v -0.621148 0.000188 0.114988 0.1844 0.1844 0.1844
v -0.580032 0.149857 0.114988 0.1844 0.1844 0.1844
v 0.278268 0.170833 -0.115609 0.2409 0.2351 0.2180
v 0.278268 0.170833 0.114988 0.1474 0.1474 0.1474
v -0.621148 0.000188 -0.115609 0.1475 0.1475 0.1475
v -0.577138 0.031407 0.114988 0.1844 0.1844 0.1844
v -0.577138 0.031407 -0.115609 0.1471 0.1471 0.1471
v 0.281163 0.052383 -0.115609 0.1341 0.1341 0.1341
v 0.281163 0.052383 0.114988 0.1474 0.1474 0.1474
v 0.584884 0.069328 0.104157 0.1978 0.1967 0.1943
v 0.584884 0.069328 -0.104157 0.1702 0.1702 0.1702
v 0.571416 0.003687 -0.104157 0.1844 0.1844 0.1844
v 0.571416 0.003687 0.104157 0.1844 0.1844 0.1844
v 0.537864 -0.062445 -0.104157 0.1754 0.1754 0.1754
v 0.537864 -0.062445 0.104157 0.1778 0.1778 0.1778
v 0.462580 -0.051309 0.104157 0.1844 0.1844 0.1844
v 0.462580 -0.051309 -0.104157 0.1844 0.1844 0.1844
v 0.419591 -0.066541 0.104157 0.1844 0.1844 0.1844
v 0.419591 -0.066541 -0.104157 0.1844 0.1844 0.1844
v 0.363395 -0.080997 0.104157 0.1655 0.1655 0.1655
v 0.363395 -0.080997 -0.104157 0.1844 0.1844 0.1844
v 0.295892 -0.068359 -0.104157 0.1850 0.1845 0.1835
v 0.295892 -0.068358 0.104157 0.1808 0.1808 0.1808
v 0.229895 -0.063470 -0.105817 0.1819 0.1819 0.1819
v 0.229895 -0.063470 0.105817 0.1926 0.1910 0.1870
v 0.204932 -0.113788 -0.105817 0.1748 0.1748 0.1748
v 0.204932 -0.113788 0.105817 0.1779 0.1779 0.1779
v 0.283378 -0.042067 0.105817 0.1629 0.1629 0.1629
v 0.283378 -0.042067 -0.105817 0.1758 0.1758 0.1758
v 0.186929 -0.035698 -0.097010 0.1505 0.1502 0.1494
v 0.204981 -0.104464 0.097010 0.1844 0.1844 0.1844
v 0.204981 -0.104464 -0.097010 0.1844 0.1844 0.1844
v 0.186929 -0.035698 0.097010 0.1844 0.1844 0.1844
v 0.207472 -0.173614 0.097010 0.1826 0.1826 0.1826
v 0.207472 -0.173614 -0.097010 0.1844 0.1844 0.1844
v 0.263311 -0.241458 0.097010 0.1781 0.1781 0.1781
v 0.263311 -0.241458 -0.097010 0.2102 0.2077 0.2020
v 0.282938 -0.310187 0.097010 0.1844 0.1844 0.1844
v 0.282938 -0.310187 -0.097010 0.1844 0.1844 0.1844
v 0.270870 -0.345801 0.097010 0.1844 0.1844 0.1844
v 0.270870 -0.345801 -0.097010 0.2058 0.2040 0.2002
v 0.298048 -0.402844 -0.097010 0.1844 0.1844 0.1844
v 0.298048 -0.402844 0.097010 0.1844 0.1844 0.1844
v 0.276193 0.251921 0.084672 0.1410 0.1410 0.1410
v 0.276193 0.251921 -0.085293 0.1481 0.1481 0.1481
v -0.165475 -0.212481 -0.105817 0.1755 0.1755 0.1755
v -0.250216 -0.202475 0.105817 0.1744 0.1744 0.1744
v -0.250216 -0.202475 -0.105817 0.3641 0.3496 0.3139
v -0.165475 -0.212481 0.105817 0.2044 0.2027 0.1977
v -0.304153 -0.203625 0.105817 0.1636 0.1636 0.1636
v -0.304153 -0.203625 -0.105817 0.2599 0.2533 0.2391
v -0.419911 -0.173769 0.105817 0.1635 0.1635 0.1635
v -0.419911 -0.173769 -0.105817 0.1713 0.1713 0.1713
v -0.120289 -0.116773 0.105817 0.1815 0.1815 0.1815
v -0.120289 -0.116773 -0.105817 0.1904 0.1896 0.1874
v -0.057583 -0.117106 -0.105817 0.1844 0.1844 0.1844
v -0.057583 -0.117106 0.105817 0.1805 0.1805 0.1805
v -0.021191 -0.124519 -0.105817 0.1844 0.1844 0.1844
v -0.021191 -0.124519 0.105817 0.1804 0.1804 0.1804
v -0.063636 0.070791 -0.115609 0.1844 0.1844 0.1844
v -0.537625 0.059207 -0.115609 0.1844 0.1844 0.1844
v -0.065321 0.139773 -0.115609 0.2539 0.2458 0.2250
v -0.582371 0.058113 -0.115609 0.1844 0.1844 0.1844
v -0.602517 0.057621 -0.115609 0.1844 0.1844 0.1844
v -0.604204 0.126603 -0.115609 0.1573 0.1573 0.1573
v -0.602517 0.057621 0.114988 0.1821 0.1821 0.1821
v -0.604204 0.126603 0.114988 0.1838 0.1838 0.1838
v -0.063636 0.070791 0.114988 0.1844 0.1844 0.1844
v -0.065321 0.139773 0.114988 0.1842 0.1842 0.1842
v -0.539311 0.128189 0.114988 0.1844 0.1844 0.1844
v -0.584057 0.127095 0.114988 0.1844 0.1844 0.1844
v 0.292210 0.082271 -0.111138 0.2057 0.2023 0.1966
v 0.372547 0.084234 -0.111138 0.1784 0.1784 0.1784
v 0.459215 0.086352 -0.111138 0.1844 0.1844 0.1844
v 0.459215 0.086352 0.111138 0.1844 0.1844 0.1844
v 0.372547 0.084234 0.111138 0.1844 0.1844 0.1844
v 0.292210 0.082271 0.111138 0.1844 0.1844 0.1844
v 0.280856 0.061122 -0.105817 0.1305 0.1305 0.1305
v -0.163868 -0.167887 -0.105817 0.1844 0.1844 0.1844
v 0.280856 0.061122 0.105817 0.1257 0.1257 0.1257
v -0.163868 -0.167887 0.105817 0.1844 0.1844 0.1844
v 0.459706 0.066269 -0.104157 0.1636 0.1636 0.1636
v 0.373038 0.064151 -0.104157 0.1637 0.1637 0.1637
v 0.292701 0.062188 -0.104157 0.1627 0.1620 0.1600
v 0.459706 0.066269 0.104157 0.1785 0.1785 0.1785
v 0.373038 0.064151 0.104157 0.1786 0.1786 0.1786
v 0.292701 0.062188 0.104157 0.1701 0.1701 0.1701
v -0.035870 -0.094183 -0.097010 0.1829 0.1829 0.1829
v -0.036430 -0.188466 -0.097010 0.1631 0.1631 0.1631
v 0.001167 -0.269947 -0.097010 0.1844 0.1844 0.1844
v 0.038131 -0.300002 -0.097010 0.1844 0.1844 0.1844
v 0.055670 -0.368782 -0.097010 0.1844 0.1844 0.1844
v 0.055672 -0.437992 -0.097010 0.1844 0.1844 0.1844
v 0.050118 -0.467580 -0.097010 0.1632 0.1632 0.1632
v -0.035870 -0.094183 0.097010 0.3483 0.3365 0.3023
v -0.036430 -0.188466 0.097010 0.1844 0.1844 0.1844
v 0.001167 -0.269947 0.097010 0.1776 0.1776 0.1776
v 0.038131 -0.300002 0.097010 0.1844 0.1844 0.1844
v 0.055670 -0.368782 0.097010 0.1844 0.1844 0.1844
v 0.055672 -0.437992 0.097010 0.1844 0.1844 0.1844
v 0.050118 -0.467580 0.097010 0.1844 0.1844 0.1844
v -0.603235 0.086986 -0.085293 0.3023 0.2904 0.2615
v -0.670595 0.169336 -0.085293 0.1762 0.1762 0.1762
v -0.604204 0.126603 -0.085293 0.4233 0.4032 0.3535
v -0.545247 0.172400 -0.085293 0.4118 0.3925 0.3454
v -0.065321 0.139773 -0.085293 0.3221 0.3094 0.2784
v -0.852659 0.164887 -0.085293 0.1846 0.1846 0.1846
v 0.044270 0.186808 -0.085293 0.2235 0.2199 0.2111
v -0.064353 0.100155 -0.085293 0.2882 0.2786 0.2554
v 0.279696 0.108564 -0.085293 0.1742 0.1742 0.1742
v 0.043215 0.230008 -0.085293 0.1805 0.1805 0.1805
v -0.546304 0.215600 -0.085293 0.2508 0.2450 0.2310
v -0.671651 0.212537 -0.085293 0.1844 0.1844 0.1844
v -0.853715 0.208088 -0.085293 0.1845 0.1845 0.1845
v -0.924711 0.206353 -0.085293 0.1844 0.1844 0.1844
v -1.106774 0.201904 -0.085293 0.2088 0.2061 0.2022
v -1.105719 0.158703 -0.085293 0.1697 0.1697 0.1697
v -0.923655 0.163152 -0.085293 0.1714 0.1714 0.1714
v -0.853715 0.208088 0.084672 0.2189 0.2153 0.2056
v -0.923655 0.163152 0.084672 0.1996 0.1974 0.1921
v -0.852659 0.164887 0.084672 0.2035 0.2014 0.1976
v -0.603235 0.086986 0.084672 0.1896 0.1892 0.1883
v -0.670595 0.169336 0.084672 0.1849 0.1844 0.1830
v -0.604204 0.126603 0.084672 0.1844 0.1844 0.1844
v -1.105719 0.158703 0.084672 0.2511 0.2456 0.2305
v -0.671651 0.212537 0.084672 0.1815 0.1815 0.1815
v -0.924711 0.206353 0.084672 0.2344 0.2303 0.2202
v -1.106774 0.201904 0.084672 0.1827 0.1827 0.1827
v -0.546304 0.215600 0.084672 0.2241 0.2208 0.2124
v -0.545247 0.172400 0.084672 0.1844 0.1844 0.1844
v 0.043215 0.230008 0.084672 0.1844 0.1844 0.1844
v -0.065321 0.139773 0.084672 0.2135 0.2111 0.2057
v 0.044270 0.186808 0.084672 0.1732 0.1732 0.1732
v 0.279696 0.108564 0.084672 0.1816 0.1816 0.1816
v -0.064353 0.100155 0.084672 0.1862 0.1861 0.1858
v 0.727332 0.059059 0.097421 0.1381 0.1381 0.1381
v 0.729240 -0.018984 0.084053 0.1381 0.1381 0.1381
v 0.534254 0.054340 0.097421 0.1381 0.1381 0.1381
v 0.725425 0.137103 0.084053 0.1381 0.1381 0.1381
v 0.532346 0.132385 0.084053 0.1381 0.1381 0.1381
v 0.536161 -0.023703 0.084053 0.1381 0.1381 0.1381
v 0.305810 0.289057 -0.107673 0.1381 0.1381 0.1381
v 0.310792 0.085174 -0.138594 0.1381 0.1381 0.1381
v 0.310792 0.085174 0.138594 0.1381 0.1381 0.1381
v 0.306279 0.269813 -0.138594 0.1381 0.1381 0.1381
v 0.305810 0.289057 0.107673 0.1381 0.1381 0.1381
v 0.306279 0.269813 0.138594 0.1381 0.1381 0.1381
v 0.311302 0.064331 -0.127847 0.1381 0.1381 0.1381
v 0.311302 0.064331 0.127847 0.1381 0.1381 0.1381
v 0.314902 -0.082975 0.091463 0.1381 0.1381 0.1381
v 0.314441 -0.064096 0.127847 0.1381 0.1381 0.1381
v 0.314902 -0.082975 -0.091463 0.1381 0.1381 0.1381
v 0.314441 -0.064096 -0.127847 0.1381 0.1381 0.1381
v 0.224796 0.287078 -0.107673 0.1381 0.1381 0.1381
v 0.224796 0.287078 0.107673 0.1381 0.1381 0.1381
v 0.225266 0.267834 0.138594 0.1381 0.1381 0.1381
v 0.229779 0.083195 0.138594 0.1381 0.1381 0.1381
v 0.225266 0.267834 -0.138594 0.1381 0.1381 0.1381
v 0.229779 0.083195 -0.138594 0.1381 0.1381 0.1381
v 0.230287 0.062351 -0.127847 0.1381 0.1381 0.1381
v 0.233426 -0.066076 -0.127847 0.1381 0.1381 0.1381
v 0.233888 -0.084956 -0.091463 0.1381 0.1381 0.1381
v 0.233888 -0.084956 0.091463 0.1381 0.1381 0.1381
v 0.233426 -0.066076 0.127847 0.1381 0.1381 0.1381
v 0.230287 0.062351 0.127847 0.1381 0.1381 0.1381
v 0.729240 -0.018984 -0.084053 0.1381 0.1381 0.1381
v 0.727332 0.059059 -0.097421 0.1381 0.1381 0.1381
v 0.536161 -0.023703 -0.084053 0.1381 0.1381 0.1381
v 0.534254 0.054340 -0.097421 0.1381 0.1381 0.1381
v 0.725425 0.137103 -0.084053 0.1381 0.1381 0.1381
v 0.532346 0.132385 -0.084053 0.1381 0.1381 0.1381
v 0.532091 0.142809 -0.000000 0.1381 0.1381 0.1381
v 0.725171 0.147527 -0.000000 0.1381 0.1381 0.1381
v 0.729495 -0.029410 0.000000 0.1381 0.1381 0.1381
v 0.536415 -0.034128 0.000000 0.1381 0.1381 0.1381
v 1.015713 0.232386 -0.161501 0.1381 0.1381 0.1381
v 0.996831 0.044104 0.144610 0.1381 0.1381 0.1381
v 0.996831 0.044104 -0.144610 0.1381 0.1381 0.1381
v 1.015713 0.232386 0.161501 0.1381 0.1381 0.1381
v 1.001419 -0.143603 0.144610 0.1381 0.1381 0.1381
v 1.001419 -0.143603 -0.144610 0.1381 0.1381 0.1381
v 1.029475 -0.330738 0.161501 0.1381 0.1381 0.1381
v 1.029475 -0.330738 -0.161501 0.1381 0.1381 0.1381
v 0.918049 -0.333461 0.161501 0.1381 0.1381 0.1381
v 0.918049 -0.333461 -0.161501 0.1381 0.1381 0.1381
v 0.904286 0.229664 -0.161501 0.1381 0.1381 0.1381
v 0.908874 0.041954 -0.144610 0.1381 0.1381 0.1381
v 0.913462 -0.145753 -0.144610 0.1381 0.1381 0.1381
v 0.908874 0.041954 0.144610 0.1381 0.1381 0.1381
v 0.904286 0.229664 0.161501 0.1381 0.1381 0.1381
v 0.913462 -0.145753 0.144610 0.1381 0.1381 0.1381
v -0.123601 -0.077785 -0.113971 0.1381 0.1381 0.1381
v -0.253389 -0.080956 -0.113971 0.1381 0.1381 0.1381
v -0.123601 -0.077785 0.113971 0.1381 0.1381 0.1381
v -0.103929 -0.031327 0.113971 0.1381 0.1381 0.1381
v -0.103929 -0.031327 -0.113971 0.1381 0.1381 0.1381
v -0.253389 -0.080956 0.113971 0.1381 0.1381 0.1381
v -0.275305 -0.035516 -0.113971 0.1381 0.1381 0.1381
v -0.275305 -0.035516 0.113971 0.1381 0.1381 0.1381
v -0.255634 0.010940 -0.113971 0.1381 0.1381 0.1381
v -0.125846 0.014112 -0.113971 0.1381 0.1381 0.1381
v -0.255634 0.010941 0.113971 0.1381 0.1381 0.1381
v -0.125846 0.014112 0.113971 0.1381 0.1381 0.1381
v -0.043237 0.153193 0.100481 0.1381 0.1381 0.1381
v -0.041121 0.066604 0.100481 0.1381 0.1381 0.1381
v -0.625005 0.138976 0.100481 0.1381 0.1381 0.1381
v -0.622889 0.052386 0.100481 0.1381 0.1381 0.1381
v -0.043237 0.153193 -0.100481 0.1381 0.1381 0.1381
v -0.625005 0.138976 -0.100481 0.1381 0.1381 0.1381
v -0.622889 0.052386 -0.100481 0.1381 0.1381 0.1381
v -0.041121 0.066604 -0.100481 0.1381 0.1381 0.1381
v 0.122805 0.244172 0.072413 0.1381 0.1381 0.1381
v 0.124274 0.184108 0.072413 0.1381 0.1381 0.1381
v -1.110370 0.214034 0.072413 0.1381 0.1381 0.1381
v -1.108902 0.153969 0.072413 0.1381 0.1381 0.1381
v 0.122805 0.244172 -0.072413 0.1381 0.1381 0.1381
v -1.110370 0.214034 -0.072413 0.1381 0.1381 0.1381
v -1.108902 0.153969 -0.072413 0.1381 0.1381 0.1381
v 0.124274 0.184108 -0.072413 0.1381 0.1381 0.1381
v -1.122809 0.120185 -0.121057 0.1381 0.1381 0.1381
v -1.147667 0.079484 -0.121057 0.1381 0.1381 0.1381
v -1.120851 0.040046 -0.121057 0.1381 0.1381 0.1381
v -0.690061 0.050574 -0.121057 0.1381 0.1381 0.1381
v -0.692020 0.130714 -0.121057 0.1381 0.1381 0.1381
v -0.665204 0.091275 -0.121057 0.1381 0.1381 0.1381
v -1.120851 0.040046 0.121057 0.1381 0.1381 0.1381
v -1.122809 0.120185 0.121057 0.1381 0.1381 0.1381
v -0.692020 0.130714 0.121057 0.1381 0.1381 0.1381
v -1.147667 0.079484 0.121057 0.1381 0.1381 0.1381
v -0.690061 0.050574 0.121057 0.1381 0.1381 0.1381
v -0.665204 0.091275 0.121057 0.1381 0.1381 0.1381
v -1.167962 0.155747 -0.037758 0.1381 0.1381 0.1381
v -1.413751 0.149741 -0.037758 0.1381 0.1381 0.1381
v -1.413029 0.120242 -0.026784 0.1381 0.1381 0.1381
v -1.167241 0.126249 -0.026784 0.1381 0.1381 0.1381
v -1.412309 0.090744 -0.037758 0.1381 0.1381 0.1381
v -1.166520 0.096750 -0.037758 0.1381 0.1381 0.1381
v -1.165994 0.075231 -0.021697 0.1381 0.1381 0.1381
v -1.165994 0.075231 0.021697 0.1381 0.1381 0.1381
v -1.168488 0.177267 -0.021697 0.1381 0.1381 0.1381
v -1.168643 0.183602 -0.000000 0.1381 0.1381 0.1381
v -1.167241 0.126249 0.026784 0.1381 0.1381 0.1381
v -1.166520 0.096750 0.037758 0.1381 0.1381 0.1381
v -1.168488 0.177267 0.021697 0.1381 0.1381 0.1381
v -1.167962 0.155747 0.037758 0.1381 0.1381 0.1381
v -1.877347 0.068211 0.028953 0.1381 0.1381 0.1381
v -2.062498 0.063686 0.028953 0.1381 0.1381 0.1381
v -2.061790 0.034742 0.040946 0.1381 0.1381 0.1381
v -1.876640 0.039267 0.040946 0.1381 0.1381 0.1381
v -1.877640 0.080201 -0.000000 0.1381 0.1381 0.1381
v -1.875933 0.010323 0.028953 0.1381 0.1381 0.1381
v -1.877347 0.068211 -0.028953 0.1381 0.1381 0.1381
v -2.062498 0.063686 -0.028953 0.1381 0.1381 0.1381
v -1.876640 0.039267 -0.040946 0.1381 0.1381 0.1381
v -1.875933 0.010323 -0.028953 0.1381 0.1381 0.1381
v -2.062791 0.075676 -0.000000 0.1381 0.1381 0.1381
v -2.061790 0.034742 -0.040946 0.1381 0.1381 0.1381
v -2.061084 0.005798 -0.028953 0.1381 0.1381 0.1381
v -1.875640 -0.001666 0.000000 0.1381 0.1381 0.1381
v -2.060791 -0.006191 0.000000 0.1381 0.1381 0.1381
v -2.061084 0.005798 0.028953 0.1381 0.1381 0.1381
v -1.860098 0.083819 -0.000000 0.1381 0.1381 0.1381
v -1.410370 0.094811 -0.000000 0.1381 0.1381 0.1381
v -1.410054 0.081888 0.031208 0.1381 0.1381 0.1381
v -1.859783 0.070897 0.031208 0.1381 0.1381 0.1381
v -1.859783 0.070897 -0.031208 0.1381 0.1381 0.1381
v -1.410054 0.081888 -0.031208 0.1381 0.1381 0.1381
v -1.859020 0.039698 -0.044135 0.1381 0.1381 0.1381
v -1.409292 0.050689 -0.044135 0.1381 0.1381 0.1381
v -1.858258 0.008499 -0.031208 0.1381 0.1381 0.1381
v -1.408529 0.019490 -0.031208 0.1381 0.1381 0.1381
v -1.857941 -0.004424 0.000000 0.1381 0.1381 0.1381
v -1.408213 0.006567 -0.000000 0.1381 0.1381 0.1381
v -1.858258 0.008499 0.031208 0.1381 0.1381 0.1381
v -1.408529 0.019490 0.031208 0.1381 0.1381 0.1381
v -1.859020 0.039698 0.044135 0.1381 0.1381 0.1381
v -1.409292 0.050689 0.044135 0.1381 0.1381 0.1381
v -1.427503 0.050244 0.056162 0.1381 0.1381 0.1381
v -1.426533 0.010543 0.039713 0.1381 0.1381 0.1381
v -1.428474 0.089945 0.039713 0.1381 0.1381 0.1381
v -1.426533 0.010543 -0.039713 0.1381 0.1381 0.1381
v -1.428474 0.089945 -0.039713 0.1381 0.1381 0.1381
v -1.428875 0.106390 -0.000000 0.1381 0.1381 0.1381
v -1.427503 0.050244 -0.056162 0.1381 0.1381 0.1381
v -1.426131 -0.005901 0.000000 0.1381 0.1381 0.1381
v -1.411782 0.069224 0.021697 0.1381 0.1381 0.1381
v -1.411782 0.069224 -0.021697 0.1381 0.1381 0.1381
v -1.413029 0.120242 0.026784 0.1381 0.1381 0.1381
v -1.412309 0.090744 0.037758 0.1381 0.1381 0.1381
v -1.414276 0.171260 0.021697 0.1381 0.1381 0.1381
v -1.413751 0.149741 0.037758 0.1381 0.1381 0.1381
v -1.414431 0.177594 -0.000000 0.1381 0.1381 0.1381
v -1.414276 0.171260 -0.021697 0.1381 0.1381 0.1381
v -1.161945 0.096459 -0.039713 0.1381 0.1381 0.1381
v -1.162348 0.112903 -0.000000 0.1381 0.1381 0.1381
v -1.160975 0.056758 -0.056162 0.1381 0.1381 0.1381
v -1.160005 0.017057 -0.039713 0.1381 0.1381 0.1381
v -1.159603 0.000612 0.000000 0.1381 0.1381 0.1381
v -1.160005 0.017057 0.039713 0.1381 0.1381 0.1381
v -1.160975 0.056758 0.056162 0.1381 0.1381 0.1381
v -1.161945 0.096459 0.039713 0.1381 0.1381 0.1381
v -2.060801 -0.005762 0.040516 0.1381 0.1381 0.1381
v -1.851276 0.039887 0.057298 0.1381 0.1381 0.1381
v -1.850286 -0.000617 0.040516 0.1381 0.1381 0.1381
v -2.060391 -0.022539 0.000000 0.1381 0.1381 0.1381
v -2.061790 0.034742 0.057298 0.1381 0.1381 0.1381
v -1.852266 0.080390 0.040516 0.1381 0.1381 0.1381
v -2.062780 0.075246 0.040516 0.1381 0.1381 0.1381
v -1.852676 0.097168 -0.000000 0.1381 0.1381 0.1381
v -2.063190 0.092024 -0.000000 0.1381 0.1381 0.1381
v -1.852266 0.080390 -0.040516 0.1381 0.1381 0.1381
v -2.062780 0.075246 -0.040516 0.1381 0.1381 0.1381
v -2.061790 0.034742 -0.057298 0.1381 0.1381 0.1381
v -1.851276 0.039887 -0.057298 0.1381 0.1381 0.1381
v -1.850286 -0.000617 -0.040516 0.1381 0.1381 0.1381
v -2.060801 -0.005762 -0.040516 0.1381 0.1381 0.1381
v -1.849876 -0.017394 0.000000 0.1381 0.1381 0.1381
v -0.322680 0.304587 0.049945 0.7248 0.6862 0.5897
v -0.322214 0.276738 0.107902 0.7248 0.6862 0.5897
v -0.360796 0.242011 0.084656 0.7248 0.6862 0.5897
v -0.366721 0.246227 0.046593 0.7248 0.6862 0.5897
v -0.321033 0.215496 0.118564 0.7248 0.6862 0.5897
v -0.356100 0.214516 0.090542 0.7248 0.6862 0.5897
v 0.789421 -0.171775 -0.051286 0.7248 0.6862 0.5897
v 0.773623 -0.240615 -0.061673 0.7248 0.6862 0.5897
v 0.776838 -0.245322 -0.000048 0.7248 0.6862 0.5897
v 0.797616 -0.166653 -0.000048 0.7248 0.6862 0.5897
v 0.773623 -0.240615 0.053674 0.7248 0.6862 0.5897
v 0.789421 -0.171775 0.043286 0.7248 0.6862 0.5897
v 0.776112 -0.230923 0.114182 0.7248 0.6862 0.5897
v 0.779062 -0.178184 0.072862 0.7248 0.6862 0.5897
v 0.814371 -0.201245 0.119065 0.7248 0.6862 0.5897
v 0.791228 -0.170550 0.070414 0.7248 0.6862 0.5897
v 0.779062 -0.178184 -0.080862 0.7248 0.6862 0.5897
v 0.776112 -0.230923 -0.122180 0.7248 0.6862 0.5897
v 0.814371 -0.201245 -0.127064 0.7248 0.6862 0.5897
v 0.791228 -0.170550 -0.078413 0.7248 0.6862 0.5897
v 0.836861 -0.141715 -0.124480 0.7248 0.6862 0.5897
v 0.869407 -0.232491 -0.058473 0.7248 0.6862 0.5897
v 0.900837 -0.308968 -0.070440 0.7248 0.6862 0.5897
v 0.907091 -0.311294 0.000553 0.7248 0.6862 0.5897
v 0.873778 -0.222056 0.000553 0.7248 0.6862 0.5897
v 0.900837 -0.308968 0.062442 0.7248 0.6862 0.5897
v 0.869407 -0.232491 0.050474 0.7248 0.6862 0.5897
v -1.823103 0.020113 -0.043398 0.7248 0.6862 0.5897
v -1.799210 0.037854 -0.022133 0.7248 0.6862 0.5897
v -1.799166 0.035558 -0.018202 0.7248 0.6862 0.5897
v -1.829700 0.003584 -0.025075 0.7248 0.6862 0.5897
v -1.799271 0.041038 -0.024350 0.7248 0.6862 0.5897
v -1.820886 0.042407 -0.050363 0.7248 0.6862 0.5897
v -1.823102 0.020113 0.043398 0.7248 0.6862 0.5897
v -1.829700 0.003584 0.025077 0.7248 0.6862 0.5897
v -1.799166 0.035558 0.018203 0.7248 0.6862 0.5897
v -1.799210 0.037854 0.022133 0.7248 0.6862 0.5897
v -1.799271 0.041038 0.024350 0.7248 0.6862 0.5897
v -1.820886 0.042407 0.050364 0.7248 0.6862 0.5897
v 0.792982 -0.169442 -0.160531 0.7248 0.6862 0.5897
v -1.799101 0.032254 -0.000000 0.7248 0.6862 0.5897
v -1.829662 -0.001914 0.000000 0.7248 0.6862 0.5897
v 0.707221 -0.000156 -0.083758 0.7087 0.6709 0.5764
v 0.691472 -0.000416 -0.085192 0.7248 0.6862 0.5897
v 0.661981 -0.056993 -0.101260 0.7248 0.6862 0.5897
v 0.665305 -0.048026 -0.128791 0.7248 0.6862 0.5897
v 0.896666 -0.298023 0.126748 0.7248 0.6862 0.5897
v 0.863838 -0.245620 0.079148 0.7248 0.6862 0.5897
v 0.691472 -0.000416 0.077018 0.7248 0.6862 0.5897
v 0.661981 -0.056993 0.093088 0.7248 0.6862 0.5897
v 0.665305 -0.048026 0.120618 0.7248 0.6862 0.5897
v 0.707221 -0.000156 0.075585 0.7087 0.6709 0.5764
v 0.863838 -0.245620 -0.078479 0.7248 0.6862 0.5897
v 0.896666 -0.298023 -0.126078 0.7248 0.6862 0.5897
v 0.836861 -0.141715 0.121512 0.7248 0.6862 0.5897
v 0.792982 -0.169442 0.152531 0.7248 0.6862 0.5897
v 0.913174 -0.243796 -0.134765 0.7248 0.6862 0.5897
v 0.870307 -0.230100 -0.078717 0.7248 0.6862 0.5897
v 0.894434 -0.171696 -0.120926 0.7248 0.6862 0.5897
v -1.797903 -0.029836 0.000000 0.7248 0.6862 0.5897
v -1.798008 -0.024373 0.027522 0.7248 0.6862 0.5897
v -1.798008 -0.024373 -0.027521 0.7248 0.6862 0.5897
v 0.871234 -0.227855 0.170927 0.7248 0.6862 0.5897
v 0.894434 -0.171696 0.124998 0.7248 0.6862 0.5897
v 0.913174 -0.243796 0.132373 0.7248 0.6862 0.5897
v -1.755451 0.013630 -0.039174 0.7248 0.6862 0.5897
v -1.733734 0.029486 -0.020026 0.7248 0.6862 0.5897
v -1.733716 0.027944 -0.017090 0.7248 0.6862 0.5897
v -1.760763 0.000547 -0.023440 0.7248 0.6862 0.5897
v -1.733758 0.031479 -0.021570 0.7248 0.6862 0.5897
v -1.753519 0.031639 -0.044970 0.7248 0.6862 0.5897
v -1.755451 0.013630 0.039174 0.7248 0.6862 0.5897
v -1.760763 0.000547 0.023440 0.7248 0.6862 0.5897
v -1.733716 0.027944 0.017090 0.7248 0.6862 0.5897
v -1.733734 0.029486 0.020026 0.7248 0.6862 0.5897
v -1.733758 0.031479 0.021570 0.7248 0.6862 0.5897
v -1.753519 0.031639 0.044970 0.7248 0.6862 0.5897
v 0.870307 -0.230100 0.076326 0.7248 0.6862 0.5897
v -1.733024 -0.029721 0.000000 0.7248 0.6862 0.5897
v -1.760761 -0.003982 0.000000 0.7248 0.6862 0.5897
v -1.733081 -0.024954 0.027102 0.7248 0.6862 0.5897
v -1.733081 -0.024954 -0.027101 0.7248 0.6862 0.5897
v 0.871234 -0.227855 -0.173320 0.7248 0.6862 0.5897
v -1.733683 0.025330 -0.000000 0.7248 0.6862 0.5897
v -1.799859 0.071443 -0.046021 0.7248 0.6862 0.5897
v -1.799859 0.071443 0.046022 0.7248 0.6862 0.5897
v 0.865358 0.234672 -0.000000 0.7248 0.6862 0.5897
v 0.865173 0.225835 -0.000000 0.7248 0.6862 0.5897
v 0.820277 0.231902 0.047604 0.7248 0.6862 0.5897
v 0.829939 0.253327 0.040032 0.7248 0.6862 0.5897
v 0.829939 0.253327 -0.040031 0.7248 0.6862 0.5897
v 0.820277 0.231902 -0.047604 0.7248 0.6862 0.5897
v -1.733768 0.032367 0.064544 0.7248 0.6862 0.5897
v -1.733374 -0.000587 0.054854 0.7248 0.6862 0.5897
v -1.733768 0.032367 -0.064543 0.7248 0.6862 0.5897
v -1.733374 -0.000587 -0.054853 0.7248 0.6862 0.5897
v 0.837116 -0.310306 0.158664 0.7248 0.6862 0.5897
v 0.826605 -0.336101 0.066697 0.7248 0.6862 0.5897
v 0.837116 -0.310307 -0.157996 0.7248 0.6862 0.5897
v 0.826605 -0.336101 -0.074696 0.7248 0.6862 0.5897
v -1.663254 0.042947 -0.000000 0.7248 0.6862 0.5897
v -1.697706 0.010618 0.033624 0.7248 0.6862 0.5897
v -1.697630 0.004788 -0.000000 0.7248 0.6862 0.5897
v -1.663337 0.046310 0.022179 0.7248 0.6862 0.5897
v -1.663337 0.046310 -0.022179 0.7248 0.6862 0.5897
v -1.697706 0.010618 -0.033624 0.7248 0.6862 0.5897
v 0.652548 -0.063945 0.000083 0.7248 0.6862 0.5897
v 0.706776 -0.000205 0.000083 0.7248 0.6862 0.5897
v -1.799294 0.042207 0.068258 0.7248 0.6862 0.5897
v -1.798559 0.004178 0.057655 0.7248 0.6862 0.5897
v -1.799294 0.042207 -0.068257 0.7248 0.6862 0.5897
v -1.798559 0.004178 -0.057654 0.7248 0.6862 0.5897
v -1.661523 -0.027890 0.000000 0.7248 0.6862 0.5897
v -1.661672 -0.021755 0.040223 0.7248 0.6862 0.5897
v -1.661672 -0.021755 -0.040222 0.7248 0.6862 0.5897
v -1.663385 0.048294 -0.021010 0.7248 0.6862 0.5897
v -1.691079 0.027540 -0.044652 0.7248 0.6862 0.5897
v 0.836793 0.222120 -0.000000 0.7248 0.6862 0.5897
v 0.849096 0.201535 -0.000000 0.7248 0.6862 0.5897
v 0.816340 0.200734 0.032767 0.7248 0.6862 0.5897
v 0.815828 0.221608 0.020970 0.7248 0.6862 0.5897
v -1.691079 0.027540 0.044652 0.7248 0.6862 0.5897
v -1.663385 0.048294 0.021010 0.7248 0.6862 0.5897
v 0.815828 0.221608 -0.020970 0.7248 0.6862 0.5897
v 0.816340 0.200734 -0.032767 0.7248 0.6862 0.5897
v -1.734072 0.057749 -0.043398 0.7248 0.6862 0.5897
v -1.734072 0.057749 0.043398 0.7248 0.6862 0.5897
v 0.348311 -0.321254 -0.000001 0.7248 0.6862 0.5897
v 0.299435 -0.389598 -0.000001 0.7248 0.6862 0.5897
v 0.300053 -0.385954 0.095096 0.7248 0.6862 0.5897
v 0.340761 -0.322555 0.099812 0.7248 0.6862 0.5897
v 0.340761 -0.322554 -0.099813 0.7248 0.6862 0.5897
v 0.300053 -0.385954 -0.095098 0.7248 0.6862 0.5897
v 0.650528 0.044571 -0.100441 0.7248 0.6862 0.5897
v 0.654935 0.039913 -0.127422 0.7248 0.6862 0.5897
v -1.584926 -0.030811 0.000000 0.7248 0.6862 0.5897
v -1.613901 -0.004212 0.000000 0.7248 0.6862 0.5897
v -1.613967 0.000687 0.023086 0.7248 0.6862 0.5897
v -1.585051 -0.025708 0.025646 0.7248 0.6862 0.5897
v -1.613967 0.000687 -0.023086 0.7248 0.6862 0.5897
v -1.585051 -0.025708 -0.025645 0.7248 0.6862 0.5897
v 0.650528 0.044571 0.092267 0.7248 0.6862 0.5897
v 0.654935 0.039913 0.119250 0.7248 0.6862 0.5897
v 0.872745 0.268724 -0.000000 0.7248 0.6862 0.5897
v 0.845283 0.279198 0.029393 0.7248 0.6862 0.5897
v 0.870885 0.295785 0.016130 0.7248 0.6862 0.5897
v 0.883669 0.285950 -0.000000 0.7248 0.6862 0.5897
v -1.586313 0.025946 -0.000000 0.7248 0.6862 0.5897
v -1.586397 0.029368 0.018518 0.7248 0.6862 0.5897
v -1.586397 0.029368 -0.018518 0.7248 0.6862 0.5897
v -1.688882 0.050748 -0.044584 0.7248 0.6862 0.5897
v -1.663448 0.050858 -0.020346 0.7248 0.6862 0.5897
v -1.688882 0.050748 0.044584 0.7248 0.6862 0.5897
v -1.663448 0.050858 0.020346 0.7248 0.6862 0.5897
v -1.237113 -0.023980 -0.065366 0.7248 0.6862 0.5897
v -1.247480 0.042937 -0.061186 0.7248 0.6862 0.5897
v -1.240053 -0.027780 -0.000048 0.7248 0.6862 0.5897
v -1.251590 0.046740 -0.000048 0.7248 0.6862 0.5897
v -1.247480 0.042937 0.053186 0.7248 0.6862 0.5897
v -1.237113 -0.023980 0.057367 0.7248 0.6862 0.5897
v -1.607924 0.015938 -0.041198 0.7248 0.6862 0.5897
v -1.586463 0.032091 -0.023720 0.7248 0.6862 0.5897
v -1.607924 0.015938 0.041198 0.7248 0.6862 0.5897
v -1.586463 0.032091 0.023721 0.7248 0.6862 0.5897
v -1.606018 0.036191 -0.046144 0.7248 0.6862 0.5897
v -1.586561 0.036099 -0.025670 0.7248 0.6862 0.5897
v -1.586561 0.036099 0.025670 0.7248 0.6862 0.5897
v -1.606018 0.036191 0.046144 0.7248 0.6862 0.5897
v -1.662439 0.009597 0.064013 0.7248 0.6862 0.5897
v -1.662439 0.009597 -0.064012 0.7248 0.6862 0.5897
v 0.824509 -0.341321 0.000553 0.7248 0.6862 0.5897
v -1.586593 0.037386 0.063940 0.7248 0.6862 0.5897
v -1.585718 0.001614 0.056141 0.7248 0.6862 0.5897
v -1.536899 0.026185 -0.040965 0.7248 0.6862 0.5897
v -1.511427 0.045286 -0.019910 0.7248 0.6862 0.5897
v -1.511384 0.043597 -0.016906 0.7248 0.6862 0.5897
v -1.542880 0.010846 -0.024003 0.7248 0.6862 0.5897
v -1.511482 0.047422 -0.021458 0.7248 0.6862 0.5897
v -1.534915 0.047276 -0.047186 0.7248 0.6862 0.5897
v -1.586593 0.037386 -0.063939 0.7248 0.6862 0.5897
v -1.585718 0.001614 -0.056140 0.7248 0.6862 0.5897
v -1.536899 0.026185 0.040965 0.7248 0.6862 0.5897
v -1.542880 0.010846 0.024003 0.7248 0.6862 0.5897
v -1.511384 0.043597 0.016906 0.7248 0.6862 0.5897
v -1.511427 0.045286 0.019910 0.7248 0.6862 0.5897
v -1.511482 0.047422 0.021458 0.7248 0.6862 0.5897
v -1.534915 0.047276 0.047186 0.7248 0.6862 0.5897
v -1.511308 0.040594 -0.000000 0.7248 0.6862 0.5897
v -1.542811 0.005533 -0.000000 0.7248 0.6862 0.5897
v -1.663476 0.052001 0.064859 0.7248 0.6862 0.5897
v -1.663476 0.052001 -0.064859 0.7248 0.6862 0.5897
v 0.503212 -0.057132 -0.057476 0.7248 0.6862 0.5897
v 0.459644 -0.108707 -0.060902 0.7248 0.6862 0.5897
v 0.460302 -0.113467 -0.000335 0.7248 0.6862 0.5897
v 0.508836 -0.056209 -0.000335 0.7248 0.6862 0.5897
v 0.459644 -0.108707 0.052902 0.7248 0.6862 0.5897
v 0.503212 -0.057132 0.049477 0.7248 0.6862 0.5897
v 0.845283 0.279198 -0.029393 0.7248 0.6862 0.5897
v 0.870885 0.295785 -0.016131 0.7248 0.6862 0.5897
v 0.910810 0.302310 -0.000000 0.7248 0.6862 0.5897
v -1.587261 0.064741 -0.039793 0.7248 0.6862 0.5897
v -1.587261 0.064741 0.039794 0.7248 0.6862 0.5897
v 0.446888 -0.009508 -0.149141 0.7248 0.6862 0.5897
v 0.456512 -0.085122 -0.139270 0.7248 0.6862 0.5897
v 0.495480 -0.050779 -0.113582 0.7248 0.6862 0.5897
v 0.484751 -0.003562 -0.118110 0.7248 0.6862 0.5897
v -1.509672 -0.024376 0.000000 0.7248 0.6862 0.5897
v -1.509813 -0.018772 0.028096 0.7248 0.6862 0.5897
v -1.509813 -0.018772 -0.028096 0.7248 0.6862 0.5897
v 0.446888 -0.009507 0.141142 0.7248 0.6862 0.5897
v 0.484751 -0.003562 0.110111 0.7248 0.6862 0.5897
v 0.495480 -0.050779 0.105582 0.7248 0.6862 0.5897
v 0.456512 -0.085122 0.131270 0.7248 0.6862 0.5897
v -1.664274 0.084662 -0.042043 0.7248 0.6862 0.5897
v 0.708807 0.001521 -0.169258 0.7248 0.6862 0.5897
v 0.714518 -0.037481 -0.133944 0.7248 0.6862 0.5897
v 0.761828 0.007745 -0.128721 0.7248 0.6862 0.5897
v -1.664274 0.084662 0.042043 0.7248 0.6862 0.5897
v -1.238240 0.044281 -0.120884 0.7248 0.6862 0.5897
v -1.222454 -0.005240 -0.149886 0.7248 0.6862 0.5897
v -1.175169 0.054546 -0.160531 0.7248 0.6862 0.5897
v -1.205173 0.078631 -0.125570 0.7248 0.6862 0.5897
v -1.238240 0.044280 0.112885 0.7248 0.6862 0.5897
v -1.222454 -0.005240 0.141886 0.7248 0.6862 0.5897
v -1.175169 0.054546 0.152531 0.7248 0.6862 0.5897
v -1.205173 0.078631 0.117571 0.7248 0.6862 0.5897
v 0.708807 0.001522 0.165338 0.7248 0.6862 0.5897
v 0.761828 0.007745 0.126646 0.7248 0.6862 0.5897
v 0.714518 -0.037481 0.130022 0.7248 0.6862 0.5897
v -1.511506 0.048418 0.068626 0.7248 0.6862 0.5897
v -1.510531 0.009733 0.058143 0.7248 0.6862 0.5897
v -1.511507 0.048418 -0.068626 0.7248 0.6862 0.5897
v -1.510531 0.009733 -0.058142 0.7248 0.6862 0.5897
v -1.512258 0.078248 -0.041973 0.7248 0.6862 0.5897
v -1.512258 0.078248 0.041974 0.7248 0.6862 0.5897
v 0.287399 -0.148771 -0.000001 0.7248 0.6862 0.5897
v 0.249306 -0.214406 -0.000001 0.7248 0.6862 0.5897
v 0.246710 -0.211418 0.094334 0.7248 0.6862 0.5897
v 0.277882 -0.150928 0.094908 0.7248 0.6862 0.5897
v 0.277882 -0.150928 -0.094910 0.7248 0.6862 0.5897
v 0.246710 -0.211417 -0.094334 0.7248 0.6862 0.5897
v 0.526343 0.254080 -0.000000 0.7248 0.6862 0.5897
v 0.529811 0.232802 -0.000000 0.7248 0.6862 0.5897
v 0.502307 0.239003 0.028195 0.7248 0.6862 0.5897
v 0.506706 0.258510 0.020130 0.7248 0.6862 0.5897
v 0.506706 0.258510 -0.020130 0.7248 0.6862 0.5897
v 0.502307 0.239003 -0.028194 0.7248 0.6862 0.5897
v 0.639983 0.049168 0.000083 0.7248 0.6862 0.5897
v 0.429621 0.290926 -0.000000 0.7248 0.6862 0.5897
v 0.431986 0.267809 -0.000000 0.7248 0.6862 0.5897
v 0.395553 0.278143 0.036624 0.7248 0.6862 0.5897
v 0.399532 0.297730 0.030850 0.7248 0.6862 0.5897
v 0.399532 0.297730 -0.030849 0.7248 0.6862 0.5897
v 0.395553 0.278143 -0.036624 0.7248 0.6862 0.5897
v 0.392562 0.264234 0.018405 0.7248 0.6862 0.5897
v 0.410967 0.264240 -0.000000 0.7248 0.6862 0.5897
v 0.419287 0.241723 -0.000000 0.7248 0.6862 0.5897
v 0.391797 0.241050 0.027602 0.7248 0.6862 0.5897
v 0.392562 0.264234 -0.018405 0.7248 0.6862 0.5897
v 0.391797 0.241050 -0.027602 0.7248 0.6862 0.5897
v 0.061123 -0.390974 -0.098225 0.7248 0.6862 0.5897
v 0.064634 -0.395407 0.011170 0.7248 0.6862 0.5897
v 0.099495 -0.305480 -0.055701 0.7248 0.6862 0.5897
v 0.097107 -0.308386 0.011170 0.7248 0.6862 0.5897
v 0.099495 -0.305480 0.049611 0.7248 0.6862 0.5897
v 0.061123 -0.390974 0.081871 0.7248 0.6862 0.5897
v 0.706688 0.001273 0.078686 0.7248 0.6862 0.5897
v -1.056660 0.229691 -0.002534 0.7248 0.6862 0.5897
v -1.002705 0.300737 -0.002534 0.7248 0.6862 0.5897
v -1.002627 0.294550 0.055059 0.7248 0.6862 0.5897
v -1.051073 0.230352 0.051371 0.7248 0.6862 0.5897
v -1.002627 0.294550 -0.053158 0.7248 0.6862 0.5897
v -1.051073 0.230352 -0.049471 0.7248 0.6862 0.5897
v 0.075980 -0.377267 0.106544 0.7248 0.6862 0.5897
v 0.099984 -0.304477 0.063695 0.7248 0.6862 0.5897
v 0.099984 -0.304477 -0.066399 0.7248 0.6862 0.5897
v 0.075980 -0.377267 -0.115068 0.7248 0.6862 0.5897
v -1.044556 0.225714 -0.097974 0.7248 0.6862 0.5897
v -1.002116 0.263916 -0.123545 0.7248 0.6862 0.5897
v -1.000815 0.196550 -0.132931 0.7248 0.6862 0.5897
v -1.039390 0.195472 -0.102106 0.7248 0.6862 0.5897
v -1.002116 0.263916 0.118812 0.7248 0.6862 0.5897
v -1.044556 0.225714 0.093240 0.7248 0.6862 0.5897
v -1.000815 0.196550 0.130540 0.7248 0.6862 0.5897
v -1.039390 0.195472 0.099714 0.7248 0.6862 0.5897
v -1.067721 -0.074761 0.066697 0.7248 0.6862 0.5897
v -1.127373 -0.022553 0.061880 0.7248 0.6862 0.5897
v -1.120098 -0.014395 0.125254 0.7248 0.6862 0.5897
v -1.068678 -0.046924 0.158664 0.7248 0.6862 0.5897
v -1.071262 0.042270 0.170927 0.7248 0.6862 0.5897
v -1.116292 0.041293 0.130651 0.7248 0.6862 0.5897
v -1.067721 -0.074761 -0.074696 0.7248 0.6862 0.5897
v -1.068678 -0.046924 -0.157996 0.7248 0.6862 0.5897
v -1.120098 -0.014395 -0.124584 0.7248 0.6862 0.5897
v -1.127373 -0.022553 -0.069880 0.7248 0.6862 0.5897
v -1.071262 0.042270 -0.173320 0.7248 0.6862 0.5897
v -1.116292 0.041293 -0.133043 0.7248 0.6862 0.5897
v 0.136940 0.258197 -0.002413 0.7248 0.6862 0.5897
v 0.085198 0.314555 0.049945 0.7248 0.6862 0.5897
v 0.085127 0.320180 -0.002413 0.7248 0.6862 0.5897
v 0.131742 0.258341 0.046982 0.7248 0.6862 0.5897
v 0.131742 0.258341 -0.045473 0.7248 0.6862 0.5897
v 0.085198 0.314555 -0.048434 0.7248 0.6862 0.5897
v 0.536774 0.285582 0.032591 0.7248 0.6862 0.5897
v 0.565265 0.269761 -0.000000 0.7248 0.6862 0.5897
v 0.554336 0.245168 -0.000000 0.7248 0.6862 0.5897
v 0.516505 0.264633 0.041201 0.7248 0.6862 0.5897
v 0.536774 0.285582 -0.032590 0.7248 0.6862 0.5897
v 0.516505 0.264633 -0.041200 0.7248 0.6862 0.5897
v 0.428558 0.341888 0.012430 0.7248 0.6862 0.5897
v 0.439316 0.335659 -0.000000 0.7248 0.6862 0.5897
v 0.432703 0.321401 -0.000000 0.7248 0.6862 0.5897
v 0.410666 0.326641 0.022650 0.7248 0.6862 0.5897
v 0.136163 -0.338907 0.097808 0.7248 0.6862 0.5897
v 0.117664 -0.299509 0.134411 0.7248 0.6862 0.5897
v 0.169385 -0.272881 0.099615 0.7248 0.6862 0.5897
v 0.136163 -0.338907 -0.097807 0.7248 0.6862 0.5897
v 0.169385 -0.272881 -0.099615 0.7248 0.6862 0.5897
v 0.117664 -0.299509 -0.134411 0.7248 0.6862 0.5897
v 0.704504 0.040859 -0.132367 0.7248 0.6862 0.5897
v 0.557556 0.305760 0.023929 0.7248 0.6862 0.5897
v 0.578995 0.295132 -0.000000 0.7248 0.6862 0.5897
v 0.557556 0.305760 -0.023929 0.7248 0.6862 0.5897
v 0.448929 -0.025818 -0.075269 0.7248 0.6862 0.5897
v 0.447498 -0.013720 -0.047845 0.7248 0.6862 0.5897
v 0.447152 -0.011566 -0.072998 0.7248 0.6862 0.5897
v 0.440304 0.041978 -0.109745 0.7248 0.6862 0.5897
v 0.086846 0.225465 -0.120956 0.7248 0.6862 0.5897
v 0.121799 0.224808 -0.094130 0.7248 0.6862 0.5897
v 0.125571 0.253323 -0.090215 0.7248 0.6862 0.5897
v 0.085664 0.286707 -0.112422 0.7248 0.6862 0.5897
v 0.448929 -0.025818 0.067270 0.7248 0.6862 0.5897
v 0.447152 -0.011566 0.064998 0.7248 0.6862 0.5897
v 0.440304 0.041977 0.106410 0.7248 0.6862 0.5897
v 0.447498 -0.013720 0.039845 0.7248 0.6862 0.5897
v 0.458405 0.350889 -0.000000 0.7248 0.6862 0.5897
v 0.428558 0.341888 -0.012430 0.7248 0.6862 0.5897
v 0.410666 0.326641 -0.022650 0.7248 0.6862 0.5897
v 0.086846 0.225465 0.118564 0.7248 0.6862 0.5897
v 0.085664 0.286708 0.107902 0.7248 0.6862 0.5897
v 0.125571 0.253323 0.085696 0.7248 0.6862 0.5897
v 0.121798 0.224808 0.091739 0.7248 0.6862 0.5897
v 0.228131 -0.162197 0.135485 0.7248 0.6862 0.5897
v 0.209174 -0.210947 0.108822 0.7248 0.6862 0.5897
v 0.228131 -0.162197 -0.135485 0.7248 0.6862 0.5897
v 0.209174 -0.210947 -0.108822 0.7248 0.6862 0.5897
v 0.704504 0.040859 0.128446 0.7248 0.6862 0.5897
v -1.067499 -0.080381 0.000553 0.7248 0.6862 0.5897
v -1.133920 -0.022235 0.000553 0.7248 0.6862 0.5897
v -1.145546 0.322979 0.025914 0.7248 0.6862 0.5897
v -1.175636 0.329782 -0.000000 0.7248 0.6862 0.5897
v -1.156447 0.357130 -0.000000 0.7248 0.6862 0.5897
v -1.134412 0.351890 0.019026 0.7248 0.6862 0.5897
v -1.134412 0.351890 -0.019026 0.7248 0.6862 0.5897
v -1.145546 0.322979 -0.025913 0.7248 0.6862 0.5897
v -0.008482 -0.259964 0.000000 0.7248 0.6862 0.5897
v 0.033979 -0.172706 0.073634 0.7248 0.6862 0.5897
v 0.036416 -0.177851 0.000000 0.7248 0.6862 0.5897
v -0.006879 -0.253350 0.092490 0.7248 0.6862 0.5897
v -0.006879 -0.253350 -0.092490 0.7248 0.6862 0.5897
v 0.033979 -0.172706 -0.073634 0.7248 0.6862 0.5897
v 0.256097 -0.381557 0.130118 0.7248 0.6862 0.5897
v 0.282109 -0.329815 0.168871 0.7248 0.6862 0.5897
v 0.205681 -0.340786 0.176474 0.7248 0.6862 0.5897
v 0.211943 -0.382485 0.124054 0.7248 0.6862 0.5897
v 0.149679 -0.347117 0.099847 0.7248 0.6862 0.5897
v 0.282109 -0.329815 -0.168871 0.7248 0.6862 0.5897
v 0.256097 -0.381557 -0.130118 0.7248 0.6862 0.5897
v 0.205681 -0.340786 -0.176474 0.7248 0.6862 0.5897
v 0.211943 -0.382485 -0.124054 0.7248 0.6862 0.5897
v 0.149679 -0.347117 -0.099848 0.7248 0.6862 0.5897
v 0.262663 0.285909 0.023186 0.7248 0.6862 0.5897
v 0.263428 0.309092 0.015460 0.7248 0.6862 0.5897
v 0.281832 0.309098 -0.000000 0.7248 0.6862 0.5897
v 0.290152 0.286583 -0.000000 0.7248 0.6862 0.5897
v 0.263428 0.309092 -0.015460 0.7248 0.6862 0.5897
v 0.262663 0.285909 -0.023186 0.7248 0.6862 0.5897
v -1.170139 0.257489 -0.000000 0.7248 0.6862 0.5897
v -1.151716 0.202320 0.023186 0.7248 0.6862 0.5897
v -1.179205 0.201648 -0.000000 0.7248 0.6862 0.5897
v -1.151734 0.257494 0.015460 0.7248 0.6862 0.5897
v -1.151716 0.202320 -0.023186 0.7248 0.6862 0.5897
v -1.151734 0.257494 -0.015460 0.7248 0.6862 0.5897
v 0.112120 -0.300353 -0.042767 0.7248 0.6862 0.5897
v 0.112120 -0.300353 0.042768 0.7248 0.6862 0.5897
v 0.446320 -0.004128 -0.000335 0.7248 0.6862 0.5897
v -0.912236 0.230610 -0.002332 0.7248 0.6862 0.5897
v -0.866453 0.290897 -0.002332 0.7248 0.6862 0.5897
v -0.866386 0.285647 0.046539 0.7248 0.6862 0.5897
v -0.907495 0.231172 0.043410 0.7248 0.6862 0.5897
v -0.866386 0.285647 -0.045290 0.7248 0.6862 0.5897
v -0.907495 0.231172 -0.042161 0.7248 0.6862 0.5897
v -1.071033 0.037292 0.050474 0.7248 0.6862 0.5897
v -1.070745 0.023034 0.079148 0.7248 0.6862 0.5897
v -1.071191 0.039842 0.076326 0.7248 0.6862 0.5897
v -1.148744 0.271401 0.030764 0.7248 0.6862 0.5897
v -1.190836 0.270648 -0.000000 0.7248 0.6862 0.5897
v -1.073058 0.103007 0.124998 0.7248 0.6862 0.5897
v -1.148744 0.271401 -0.030763 0.7248 0.6862 0.5897
v 0.070978 -0.213904 0.092964 0.7248 0.6862 0.5897
v 0.058194 -0.171954 0.132247 0.7248 0.6862 0.5897
v 0.113604 -0.152836 0.094441 0.7248 0.6862 0.5897
v 0.070978 -0.213904 -0.092964 0.7248 0.6862 0.5897
v 0.113605 -0.152835 -0.094441 0.7248 0.6862 0.5897
v 0.058194 -0.171954 -0.132247 0.7248 0.6862 0.5897
v -1.073058 0.103007 -0.120926 0.7248 0.6862 0.5897
v 0.300487 0.335785 -0.000000 0.7248 0.6862 0.5897
v 0.270397 0.342588 0.025914 0.7248 0.6862 0.5897
v 0.281532 0.371499 0.019026 0.7248 0.6862 0.5897
v 0.303567 0.366259 -0.000000 0.7248 0.6862 0.5897
v 0.266418 0.323001 0.030764 0.7248 0.6862 0.5897
v 0.302851 0.312667 -0.000000 0.7248 0.6862 0.5897
v -1.071033 0.037292 -0.058473 0.7248 0.6862 0.5897
v -1.071312 0.048602 0.000553 0.7248 0.6862 0.5897
v -1.070745 0.023034 -0.078479 0.7248 0.6862 0.5897
v -1.071191 0.039842 -0.078717 0.7248 0.6862 0.5897
v 0.270397 0.342588 -0.025913 0.7248 0.6862 0.5897
v 0.266418 0.323001 -0.030763 0.7248 0.6862 0.5897
v 0.281532 0.371499 -0.019026 0.7248 0.6862 0.5897
v -0.960256 -0.033579 0.143059 0.7248 0.6862 0.5897
v -0.959450 -0.059312 0.112782 0.7248 0.6862 0.5897
v -0.997657 -0.025873 0.105553 0.7248 0.6862 0.5897
v -0.993191 -0.012743 0.120141 0.7248 0.6862 0.5897
v -0.993235 -0.010918 -0.123250 0.7248 0.6862 0.5897
v -0.997657 -0.025873 -0.102842 0.7248 0.6862 0.5897
v -0.960301 -0.031753 -0.146168 0.7248 0.6862 0.5897
v -0.959450 -0.059312 -0.110071 0.7248 0.6862 0.5897
v 0.579595 0.317206 0.013132 0.7248 0.6862 0.5897
v 0.589190 0.308240 -0.000000 0.7248 0.6862 0.5897
v -1.127278 0.373367 -0.000000 0.7248 0.6862 0.5897
v -1.116520 0.367138 0.010442 0.7248 0.6862 0.5897
v -0.961955 0.025378 0.148900 0.7248 0.6862 0.5897
v -0.990798 0.024751 0.121995 0.7248 0.6862 0.5897
v -0.961956 0.025378 -0.151353 0.7248 0.6862 0.5897
v -0.990798 0.024751 -0.124446 0.7248 0.6862 0.5897
v -0.901965 0.227236 -0.083318 0.7248 0.6862 0.5897
v -0.865951 0.259652 -0.105016 0.7248 0.6862 0.5897
v -0.864848 0.202487 -0.112982 0.7248 0.6862 0.5897
v -0.897582 0.201572 -0.086824 0.7248 0.6862 0.5897
v -0.863978 0.157625 -0.094346 0.7248 0.6862 0.5897
v -0.002332 0.252976 -0.002332 0.7248 0.6862 0.5897
v -0.050630 0.305583 0.046539 0.7248 0.6862 0.5897
v -0.050695 0.310833 -0.002332 0.7248 0.6862 0.5897
v -0.007185 0.253110 0.043776 0.7248 0.6862 0.5897
v -0.007185 0.253110 -0.042525 0.7248 0.6862 0.5897
v -0.050630 0.305583 -0.045290 0.7248 0.6862 0.5897
v 0.216036 -0.338304 -0.076638 0.7248 0.6862 0.5897
v 0.210603 -0.338487 -0.056153 0.7248 0.6862 0.5897
v 0.216036 -0.338304 0.076638 0.7248 0.6862 0.5897
v 0.210603 -0.338487 0.056152 0.7248 0.6862 0.5897
v -0.865951 0.259652 0.100638 0.7248 0.6862 0.5897
v -0.901965 0.227236 0.078939 0.7248 0.6862 0.5897
v -0.864849 0.202487 0.110590 0.7248 0.6862 0.5897
v -0.897582 0.201572 0.084433 0.7248 0.6862 0.5897
v -0.863978 0.157625 0.087757 0.7248 0.6862 0.5897
v -0.959122 -0.070484 -0.001058 0.7248 0.6862 0.5897
v -1.001666 -0.033239 -0.001058 0.7248 0.6862 0.5897
v -0.049092 0.222424 -0.112982 0.7248 0.6862 0.5897
v -0.016466 0.221811 -0.087942 0.7248 0.6862 0.5897
v -0.012944 0.248428 -0.084289 0.7248 0.6862 0.5897
v -0.050195 0.279589 -0.105018 0.7248 0.6862 0.5897
v -0.049092 0.222424 0.110590 0.7248 0.6862 0.5897
v -0.050195 0.279589 0.100638 0.7248 0.6862 0.5897
v -0.012944 0.248428 0.079910 0.7248 0.6862 0.5897
v -0.016466 0.221811 0.085550 0.7248 0.6862 0.5897
v -1.116520 0.367138 -0.010442 0.7248 0.6862 0.5897
v -1.086673 0.376138 -0.000000 0.7248 0.6862 0.5897
v -0.963106 0.064280 -0.122970 0.7248 0.6862 0.5897
v -0.963106 0.064280 0.120519 0.7248 0.6862 0.5897
v -0.850077 -0.073727 -0.063011 0.7248 0.6862 0.5897
v -0.851186 -0.037796 -0.154276 0.7248 0.6862 0.5897
v -0.894125 -0.010632 -0.124396 0.7248 0.6862 0.5897
v -0.899891 -0.030129 -0.058988 0.7248 0.6862 0.5897
v -0.853343 0.036689 -0.161034 0.7248 0.6862 0.5897
v -0.890948 0.035872 -0.125956 0.7248 0.6862 0.5897
v -0.850077 -0.073727 0.055065 0.7248 0.6862 0.5897
v -0.899891 -0.030129 0.051042 0.7248 0.6862 0.5897
v -0.894125 -0.010632 0.116450 0.7248 0.6862 0.5897
v -0.851185 -0.037796 0.146330 0.7248 0.6862 0.5897
v -0.853343 0.036689 0.157168 0.7248 0.6862 0.5897
v -0.890948 0.035872 0.122089 0.7248 0.6862 0.5897
v -0.779678 0.235657 -0.002413 0.7248 0.6862 0.5897
v -0.730629 0.300244 -0.002413 0.7248 0.6862 0.5897
v -0.730558 0.294619 0.049945 0.7248 0.6862 0.5897
v -0.774600 0.236259 0.046593 0.7248 0.6862 0.5897
v -0.730558 0.294619 -0.048434 0.7248 0.6862 0.5897
v -0.774599 0.236259 -0.045083 0.7248 0.6862 0.5897
v 0.052545 -0.171997 -0.042079 0.7248 0.6862 0.5897
v 0.052545 -0.171997 0.042080 0.7248 0.6862 0.5897
v 0.706688 0.001273 -0.082606 0.7248 0.6862 0.5897
v -0.849649 -0.088292 -0.000171 0.7248 0.6862 0.5897
v -0.905118 -0.039735 -0.000171 0.7248 0.6862 0.5897
v 0.570000 0.326173 -0.000000 0.7248 0.6862 0.5897
v 0.612458 0.319384 -0.000000 0.7248 0.6862 0.5897
v -0.768674 0.232041 -0.089175 0.7248 0.6862 0.5897
v -0.730092 0.266771 -0.112422 0.7248 0.6862 0.5897
v -0.728910 0.205529 -0.120956 0.7248 0.6862 0.5897
v -0.763978 0.204548 -0.092933 0.7248 0.6862 0.5897
v -0.961571 0.012459 -0.085725 0.7248 0.6862 0.5897
v -0.961564 0.012133 -0.001058 0.7248 0.6862 0.5897
v -0.961571 0.012459 0.088437 0.7248 0.6862 0.5897
v -0.730092 0.266770 0.107902 0.7248 0.6862 0.5897
v -0.768674 0.232041 0.084656 0.7248 0.6862 0.5897
v -0.728910 0.205528 0.118564 0.7248 0.6862 0.5897
v -0.763978 0.204548 0.090542 0.7248 0.6862 0.5897
v 0.579595 0.317206 -0.013132 0.7248 0.6862 0.5897
v -1.000105 0.171264 0.042642 0.7248 0.6862 0.5897
v -0.999803 0.158822 -0.002534 0.7248 0.6862 0.5897
v -1.000105 0.171264 -0.040741 0.7248 0.6862 0.5897
v -0.854843 0.087409 0.120419 0.7248 0.6862 0.5897
v -0.854843 0.087409 -0.122516 0.7248 0.6862 0.5897
v -0.961626 0.013056 -0.091623 0.7248 0.6862 0.5897
v -0.129955 0.252491 -0.002534 0.7248 0.6862 0.5897
v -0.186871 0.314486 0.055059 0.7248 0.6862 0.5897
v -0.186949 0.320673 -0.002534 0.7248 0.6862 0.5897
v -0.135673 0.252650 0.051801 0.7248 0.6862 0.5897
v -0.135672 0.252650 -0.049901 0.7248 0.6862 0.5897
v -0.186870 0.314486 -0.053158 0.7248 0.6862 0.5897
v -0.961581 0.011232 0.088514 0.7248 0.6862 0.5897
v 0.029112 -0.232794 0.103080 0.7248 0.6862 0.5897
v -0.018466 -0.195858 0.133781 0.7248 0.6862 0.5897
v -1.000541 0.186943 0.057953 0.7248 0.6862 0.5897
v 0.045747 -0.333851 -0.136779 0.7248 0.6862 0.5897
v 0.097713 -0.363392 -0.105391 0.7248 0.6862 0.5897
v 0.014366 -0.346927 -0.122351 0.7248 0.6862 0.5897
v -0.010140 -0.359834 -0.079682 0.7248 0.6862 0.5897
v -0.018466 -0.195859 -0.133781 0.7248 0.6862 0.5897
v 0.029112 -0.232794 -0.103080 0.7248 0.6862 0.5897
v 0.045746 -0.333852 0.136781 0.7248 0.6862 0.5897
v 0.097713 -0.363392 0.105391 0.7248 0.6862 0.5897
v 0.014366 -0.346927 0.116365 0.7248 0.6862 0.5897
v -0.010140 -0.359835 0.067806 0.7248 0.6862 0.5897
v 0.299424 0.386746 0.010442 0.7248 0.6862 0.5897
v 0.310182 0.380518 -0.000000 0.7248 0.6862 0.5897
v -1.000541 0.186943 -0.062687 0.7248 0.6862 0.5897
v -1.000871 0.199220 -0.060527 0.7248 0.6862 0.5897
v 0.169555 -0.215563 -0.100038 0.7248 0.6862 0.5897
v 0.169451 -0.175488 -0.072030 0.7248 0.6862 0.5897
v 0.164581 -0.176118 -0.055848 0.7248 0.6862 0.5897
v 0.169555 -0.215563 0.100037 0.7248 0.6862 0.5897
v 0.169451 -0.175488 0.072030 0.7248 0.6862 0.5897
v 0.164581 -0.176118 0.055847 0.7248 0.6862 0.5897
v -0.185059 0.216486 -0.132931 0.7248 0.6862 0.5897
v -0.146612 0.215764 -0.103423 0.7248 0.6862 0.5897
v -0.142462 0.247131 -0.099118 0.7248 0.6862 0.5897
v -0.186359 0.283852 -0.123545 0.7248 0.6862 0.5897
v -0.185059 0.216486 0.130540 0.7248 0.6862 0.5897
v -0.186359 0.283852 0.118812 0.7248 0.6862 0.5897
v -0.142462 0.247131 0.094385 0.7248 0.6862 0.5897
v -0.146612 0.215764 0.101033 0.7248 0.6862 0.5897
v -0.777980 -0.008339 -0.122302 0.7248 0.6862 0.5897
v -0.784046 -0.028851 -0.096422 0.7248 0.6862 0.5897
v -0.732804 -0.036918 -0.151656 0.7248 0.6862 0.5897
v -0.731637 -0.074720 -0.103179 0.7248 0.6862 0.5897
v -0.735075 0.041446 -0.162431 0.7248 0.6862 0.5897
v -0.774637 0.040587 -0.127046 0.7248 0.6862 0.5897
v -0.732804 -0.036918 0.143656 0.7248 0.6862 0.5897
v -0.731637 -0.074720 0.095180 0.7248 0.6862 0.5897
v -0.784046 -0.028851 0.088422 0.7248 0.6862 0.5897
v -0.777980 -0.008339 0.114303 0.7248 0.6862 0.5897
v -0.735075 0.041446 0.158510 0.7248 0.6862 0.5897
v -0.774637 0.040587 0.123125 0.7248 0.6862 0.5897
v 0.087766 0.191168 -0.002413 0.7248 0.6862 0.5897
v 0.087491 0.202478 0.038658 0.7248 0.6862 0.5897
v 0.087491 0.202478 -0.037147 0.7248 0.6862 0.5897
v -0.961910 0.023821 -0.098795 0.7248 0.6862 0.5897
v -0.961910 0.023821 0.096343 0.7248 0.6862 0.5897
v -0.852833 0.019421 -0.000171 0.7248 0.6862 0.5897
v -0.852842 0.019846 0.041517 0.7248 0.6862 0.5897
v -0.852912 0.020625 0.075217 0.7248 0.6862 0.5897
v -0.853284 0.034662 0.074771 0.7248 0.6862 0.5897
v -0.852912 0.020625 -0.083164 0.7248 0.6862 0.5897
v -0.852842 0.019846 -0.049463 0.7248 0.6862 0.5897
v -0.853284 0.034662 -0.078638 0.7248 0.6862 0.5897
v -1.000871 0.199220 0.058135 0.7248 0.6862 0.5897
v -0.999790 0.143681 0.083422 0.7248 0.6862 0.5897
v -0.731188 -0.090042 0.000000 0.7248 0.6862 0.5897
v -0.789544 -0.038956 0.000000 0.7248 0.6862 0.5897
v -0.999790 0.143681 -0.090760 0.7248 0.6862 0.5897
v 0.087095 0.216733 0.052576 0.7248 0.6862 0.5897
v 0.087095 0.216733 -0.057096 0.7248 0.6862 0.5897
v 0.086796 0.227893 -0.055133 0.7248 0.6862 0.5897
v 0.087778 0.177403 -0.093728 0.7248 0.6862 0.5897
v 0.858099 0.305619 -0.000000 0.7248 0.6862 0.5897
v -0.648782 0.239659 -0.002534 0.7248 0.6862 0.5897
v -0.594828 0.310705 -0.002534 0.7248 0.6862 0.5897
v -0.594749 0.304518 0.055059 0.7248 0.6862 0.5897
v -0.643194 0.240321 0.051371 0.7248 0.6862 0.5897
v -0.594749 0.304518 -0.053158 0.7248 0.6862 0.5897
v -0.643194 0.240321 -0.049471 0.7248 0.6862 0.5897
v -0.736653 0.094806 0.121398 0.7248 0.6862 0.5897
v -0.736653 0.094806 -0.123548 0.7248 0.6862 0.5897
v 0.329271 0.395747 -0.000000 0.7248 0.6862 0.5897
v 0.299424 0.386746 -0.010442 0.7248 0.6862 0.5897
v 0.087778 0.177403 0.086839 0.7248 0.6862 0.5897
v -0.636678 0.235682 -0.097974 0.7248 0.6862 0.5897
v -0.594237 0.273884 -0.123545 0.7248 0.6862 0.5897
v -0.592937 0.206518 -0.132931 0.7248 0.6862 0.5897
v -0.631512 0.205440 -0.102106 0.7248 0.6862 0.5897
v -0.594237 0.273884 0.118812 0.7248 0.6862 0.5897
v -0.636678 0.235682 0.093240 0.7248 0.6862 0.5897
v -0.592937 0.206518 0.130540 0.7248 0.6862 0.5897
v -0.631512 0.205440 0.099714 0.7248 0.6862 0.5897
v 0.160354 -0.178607 0.134152 0.7248 0.6862 0.5897
v 0.160353 -0.178607 -0.134153 0.7248 0.6862 0.5897
v -0.864246 0.181031 0.036003 0.7248 0.6862 0.5897
v -0.863989 0.170473 -0.002332 0.7248 0.6862 0.5897
v -0.864246 0.181031 -0.034754 0.7248 0.6862 0.5897
v 0.288665 0.392975 -0.000000 0.7248 0.6862 0.5897
v -0.270938 0.248229 -0.002413 0.7248 0.6862 0.5897
v -0.322751 0.310212 -0.002413 0.7248 0.6862 0.5897
v -0.276136 0.248373 0.046982 0.7248 0.6862 0.5897
v -0.276136 0.248373 -0.045473 0.7248 0.6862 0.5897
v -0.322680 0.304587 -0.048434 0.7248 0.6862 0.5897
v 0.225376 -0.105648 -0.000001 0.7248 0.6862 0.5897
v 0.215825 -0.107935 0.090542 0.7248 0.6862 0.5897
v 0.215825 -0.107935 -0.090542 0.7248 0.6862 0.5897
v -0.864615 0.194337 0.048997 0.7248 0.6862 0.5897
v -0.048221 0.177562 -0.092586 0.7248 0.6862 0.5897
v -1.142995 0.095276 0.115977 0.7248 0.6862 0.5897
v -0.864615 0.194337 -0.053375 0.7248 0.6862 0.5897
v -0.864895 0.204754 -0.051542 0.7248 0.6862 0.5897
v 0.107351 -0.303308 0.062074 0.7248 0.6862 0.5897
v -0.524191 -0.167490 -0.000001 0.7248 0.6862 0.5897
v -0.591842 -0.118312 -0.000001 0.7248 0.6862 0.5897
v -0.584408 -0.116459 0.110270 0.7248 0.6862 0.5897
v -0.516716 -0.165491 0.103901 0.7248 0.6862 0.5897
v -0.516716 -0.165491 -0.103901 0.7248 0.6862 0.5897
v -0.584408 -0.116459 -0.110271 0.7248 0.6862 0.5897
v 0.086796 0.227893 0.052742 0.7248 0.6862 0.5897
v -0.321032 0.215497 -0.120956 0.7248 0.6862 0.5897
v -0.286079 0.214839 -0.094130 0.7248 0.6862 0.5897
v -0.282307 0.243355 -0.090215 0.7248 0.6862 0.5897
v -0.322213 0.276739 -0.112422 0.7248 0.6862 0.5897
v 0.728520 -0.210120 -0.149886 0.7248 0.6862 0.5897
v 0.708467 -0.222925 -0.065366 0.7248 0.6862 0.5897
v -0.282307 0.243355 0.085696 0.7248 0.6862 0.5897
v -0.286080 0.214839 0.091739 0.7248 0.6862 0.5897
v 0.728520 -0.210120 0.141886 0.7248 0.6862 0.5897
v 0.708467 -0.222925 0.057367 0.7248 0.6862 0.5897
v -0.016474 -0.364699 0.011170 0.7248 0.6862 0.5897
v -0.048221 0.177562 0.085998 0.7248 0.6862 0.5897
v 0.284478 -0.267212 -0.000001 0.7248 0.6862 0.5897
v 0.276875 -0.268653 0.094046 0.7248 0.6862 0.5897
v 0.276875 -0.268652 -0.094047 0.7248 0.6862 0.5897
v -0.451045 -0.088295 0.176474 0.7248 0.6862 0.5897
v -0.442294 -0.130757 0.128468 0.7248 0.6862 0.5897
v -0.485060 -0.145332 0.131850 0.7248 0.6862 0.5897
v -0.526453 -0.104882 0.168871 0.7248 0.6862 0.5897
v -0.395662 -0.077843 0.099847 0.7248 0.6862 0.5897
v -0.734547 0.023727 -0.080420 0.7248 0.6862 0.5897
v -0.734537 0.023280 -0.000000 0.7248 0.6862 0.5897
v -0.734547 0.023727 0.072421 0.7248 0.6862 0.5897
v -0.451045 -0.088294 -0.176474 0.7248 0.6862 0.5897
v -0.526453 -0.104882 -0.168871 0.7248 0.6862 0.5897
v -0.485060 -0.145331 -0.131850 0.7248 0.6862 0.5897
v -0.442293 -0.130757 -0.128468 0.7248 0.6862 0.5897
v -0.395662 -0.077843 -0.099848 0.7248 0.6862 0.5897
v 0.417801 0.348117 -0.000000 0.7248 0.6862 0.5897
v -0.048233 0.190410 -0.002332 0.7248 0.6862 0.5897
v -0.048489 0.200969 0.036003 0.7248 0.6862 0.5897
v -0.048489 0.200969 -0.034754 0.7248 0.6862 0.5897
v -1.142994 0.095276 -0.118945 0.7248 0.6862 0.5897
v -0.083175 -0.211148 0.100452 0.7248 0.6862 0.5897
v -0.083175 -0.211148 -0.100452 0.7248 0.6862 0.5897
v -0.734621 0.024546 -0.081794 0.7248 0.6862 0.5897
v -0.735012 0.039312 -0.079316 0.7248 0.6862 0.5897
v -0.727978 0.157465 -0.092398 0.7248 0.6862 0.5897
v 0.720922 -0.156366 -0.061186 0.7248 0.6862 0.5897
v 0.730084 -0.158169 -0.120884 0.7248 0.6862 0.5897
v 0.720922 -0.156366 0.053186 0.7248 0.6862 0.5897
v 0.730084 -0.158169 0.112885 0.7248 0.6862 0.5897
v -0.734621 0.024546 0.073795 0.7248 0.6862 0.5897
v -0.735012 0.039312 0.075396 0.7248 0.6862 0.5897
v -0.048859 0.214274 0.048997 0.7248 0.6862 0.5897
v -0.049138 0.224691 0.049151 0.7248 0.6862 0.5897
v -1.177752 0.051162 0.043286 0.7248 0.6862 0.5897
v -1.185394 0.041675 0.072862 0.7248 0.6862 0.5897
v -1.176455 0.052918 0.070414 0.7248 0.6862 0.5897
v -0.504358 0.240578 -0.002332 0.7248 0.6862 0.5897
v -0.458574 0.300865 -0.002332 0.7248 0.6862 0.5897
v -0.458508 0.295615 0.046539 0.7248 0.6862 0.5897
v -0.499617 0.241140 0.043410 0.7248 0.6862 0.5897
v -0.458508 0.295615 -0.045290 0.7248 0.6862 0.5897
v -0.499617 0.241140 -0.042161 0.7248 0.6862 0.5897
v -1.185394 0.041675 -0.080862 0.7248 0.6862 0.5897
v -1.177752 0.051162 -0.051286 0.7248 0.6862 0.5897
v -1.176455 0.052918 -0.078413 0.7248 0.6862 0.5897
v -0.048859 0.214274 -0.053375 0.7248 0.6862 0.5897
v -0.049138 0.224691 -0.051542 0.7248 0.6862 0.5897
v -0.727978 0.157465 0.085509 0.7248 0.6862 0.5897
v 0.107351 -0.303308 -0.062074 0.7248 0.6862 0.5897
v -0.864895 0.204754 0.049151 0.7248 0.6862 0.5897
v 0.189986 -0.126457 0.110014 0.7248 0.6862 0.5897
v 0.189986 -0.126457 -0.110014 0.7248 0.6862 0.5897
v -0.728265 0.182542 0.038658 0.7248 0.6862 0.5897
v -0.727990 0.171230 -0.002413 0.7248 0.6862 0.5897
v -0.728265 0.182542 -0.037147 0.7248 0.6862 0.5897
v -0.494087 0.237204 -0.083318 0.7248 0.6862 0.5897
v -0.458073 0.269620 -0.105018 0.7248 0.6862 0.5897
v -0.456970 0.212455 -0.112982 0.7248 0.6862 0.5897
v -0.489703 0.211541 -0.086824 0.7248 0.6862 0.5897
v -0.456100 0.167593 -0.091956 0.7248 0.6862 0.5897
v -0.458073 0.269620 0.100638 0.7248 0.6862 0.5897
v -0.494087 0.237204 0.078939 0.7248 0.6862 0.5897
v -0.456970 0.212455 0.110590 0.7248 0.6862 0.5897
v -0.489703 0.211541 0.084433 0.7248 0.6862 0.5897
v -0.456100 0.167593 0.085366 0.7248 0.6862 0.5897
v -0.728661 0.196797 0.052576 0.7248 0.6862 0.5897
v -0.728661 0.196797 -0.057096 0.7248 0.6862 0.5897
v -0.728960 0.207956 -0.055133 0.7248 0.6862 0.5897
v -0.410211 0.243008 -0.002332 0.7248 0.6862 0.5897
v -0.415063 0.243142 0.043776 0.7248 0.6862 0.5897
v -0.415063 0.243142 -0.042525 0.7248 0.6862 0.5897
v 0.536116 0.316387 -0.000000 0.7248 0.6862 0.5897
v -0.184034 0.163618 -0.092698 0.7248 0.6862 0.5897
v -0.420823 0.238459 0.079910 0.7248 0.6862 0.5897
v -0.424344 0.211844 0.085550 0.7248 0.6862 0.5897
v -0.424344 0.211843 -0.087942 0.7248 0.6862 0.5897
v -0.420823 0.238459 -0.084289 0.7248 0.6862 0.5897
v -0.184034 0.163617 0.085358 0.7248 0.6862 0.5897
v -0.184046 0.178759 -0.002534 0.7248 0.6862 0.5897
v -0.184349 0.191202 0.042642 0.7248 0.6862 0.5897
v -0.184349 0.191202 -0.040741 0.7248 0.6862 0.5897
v -1.171724 0.058717 -0.000048 0.7248 0.6862 0.5897
v 0.047364 -0.174259 -0.060714 0.7248 0.6862 0.5897
v 0.047364 -0.174259 0.060714 0.7248 0.6862 0.5897
v -0.184785 0.206880 0.057953 0.7248 0.6862 0.5897
v -0.728960 0.207956 0.052742 0.7248 0.6862 0.5897
v -0.184785 0.206880 -0.062687 0.7248 0.6862 0.5897
v -0.185114 0.219157 -0.060527 0.7248 0.6862 0.5897
v -0.591912 0.153649 -0.089951 0.7248 0.6862 0.5897
v -0.548495 -0.050223 0.105061 0.7248 0.6862 0.5897
v -0.504334 -0.051359 0.130118 0.7248 0.6862 0.5897
v -0.504334 -0.051359 -0.130118 0.7248 0.6862 0.5897
v -0.548495 -0.050223 -0.105061 0.7248 0.6862 0.5897
v -0.185114 0.219157 0.058135 0.7248 0.6862 0.5897
v -0.320100 0.167434 -0.093094 0.7248 0.6862 0.5897
v -0.371800 0.245625 -0.002413 0.7248 0.6862 0.5897
v -0.366721 0.246227 -0.045083 0.7248 0.6862 0.5897
v -0.591912 0.153649 0.082613 0.7248 0.6862 0.5897
v -0.084954 -0.217676 0.000000 0.7248 0.6862 0.5897
v 0.259496 0.376739 -0.000000 0.7248 0.6862 0.5897
v -0.320100 0.167433 0.086206 0.7248 0.6862 0.5897
v -0.548147 -0.046543 -0.000001 0.7248 0.6862 0.5897
v 0.110542 -0.189097 0.099054 0.7248 0.6862 0.5897
v 0.110542 -0.189097 -0.099054 0.7248 0.6862 0.5897
v -0.468257 -0.092702 -0.085993 0.7168 0.6786 0.5831
v -0.461187 -0.091536 -0.076638 0.7248 0.6862 0.5897
v -0.455782 -0.090953 -0.056153 0.7248 0.6862 0.5897
v -0.468257 -0.092702 0.085993 0.7141 0.6761 0.5808
v -0.461187 -0.091536 0.076638 0.7248 0.6862 0.5897
v -0.455782 -0.090953 0.056152 0.7248 0.6862 0.5897
v -0.592227 0.181233 0.042642 0.7248 0.6862 0.5897
v -0.591925 0.168790 -0.002534 0.7248 0.6862 0.5897
v -0.592227 0.181233 -0.040741 0.7248 0.6862 0.5897
v 0.223172 -0.337662 0.077837 0.7248 0.6862 0.5897
v 0.223172 -0.337662 -0.077837 0.7248 0.6862 0.5897
v 0.718309 -0.151413 -0.000048 0.7248 0.6862 0.5897
v -0.471511 -0.093702 -0.000001 0.7248 0.6862 0.5897
v -0.360796 0.242011 -0.089175 0.7248 0.6862 0.5897
v -0.356100 0.214516 -0.092933 0.7248 0.6862 0.5897
v -0.537834 0.242523 -0.002534 0.7248 0.6862 0.5897
v -0.543551 0.242682 0.051801 0.7248 0.6862 0.5897
v -0.543551 0.242682 -0.049901 0.7248 0.6862 0.5897
v -0.550340 0.237161 0.094385 0.7248 0.6862 0.5897
v -0.554490 0.205795 0.101033 0.7248 0.6862 0.5897
v -0.592663 0.196912 0.057953 0.7248 0.6862 0.5897
v -0.554490 0.205795 -0.103423 0.7248 0.6862 0.5897
v -0.550340 0.237161 -0.099118 0.7248 0.6862 0.5897
v -0.592663 0.196912 -0.062687 0.7248 0.6862 0.5897
v -0.592992 0.209188 -0.060527 0.7248 0.6862 0.5897
v -0.460371 -0.047173 0.124054 0.7248 0.6862 0.5897
v -0.460370 -0.047173 -0.124054 0.7248 0.6862 0.5897
v -0.592992 0.209188 0.058135 0.7248 0.6862 0.5897
v 0.772685 -0.136756 -0.125570 0.7248 0.6862 0.5897
v -1.169780 -0.019016 -0.061673 0.7248 0.6862 0.5897
v -1.165185 -0.022388 -0.000048 0.7248 0.6862 0.5897
v -1.169780 -0.019016 0.053674 0.7248 0.6862 0.5897
v -0.320112 0.181199 -0.002413 0.7248 0.6862 0.5897
v -0.320387 0.192510 0.038658 0.7248 0.6862 0.5897
v -0.320386 0.192510 -0.037147 0.7248 0.6862 0.5897
v 0.388631 0.331881 -0.000000 0.7248 0.6862 0.5897
v -0.049213 -0.138374 0.000000 0.7248 0.6862 0.5897
v -0.047321 -0.131955 -0.093416 0.7248 0.6862 0.5897
v -0.047321 -0.131955 0.093416 0.7248 0.6862 0.5897
v -0.320783 0.206765 0.052576 0.7248 0.6862 0.5897
v -0.320783 0.206765 -0.057096 0.7248 0.6862 0.5897
v -0.321082 0.217924 -0.055133 0.7248 0.6862 0.5897
v -0.001941 -0.137982 0.104454 0.7248 0.6862 0.5897
v 0.044202 -0.129091 0.096271 0.7248 0.6862 0.5897
v 0.817820 0.289671 -0.000000 0.7248 0.6862 0.5897
v 0.044202 -0.129091 -0.096271 0.7248 0.6862 0.5897
v -0.001941 -0.137982 -0.104452 0.7248 0.6862 0.5897
v 0.173450 -0.174582 -0.078262 0.7248 0.6862 0.5897
v -0.228799 0.245650 0.093240 0.7248 0.6862 0.5897
v -0.235316 0.250289 0.051371 0.7248 0.6862 0.5897
v -0.223634 0.215408 0.099714 0.7248 0.6862 0.5897
v -0.228799 0.245650 -0.097974 0.7248 0.6862 0.5897
v -0.235316 0.250289 -0.049471 0.7248 0.6862 0.5897
v -0.223633 0.215409 -0.102106 0.7248 0.6862 0.5897
v -0.240903 0.249625 -0.002534 0.7248 0.6862 0.5897
v 0.704431 -0.225533 -0.000048 0.7248 0.6862 0.5897
v -0.321082 0.217924 0.052742 0.7248 0.6862 0.5897
v 0.772685 -0.136756 0.117571 0.7248 0.6862 0.5897
v 0.226490 -0.336906 -0.000001 0.7248 0.6862 0.5897
v -0.456367 0.191000 -0.034754 0.7248 0.6862 0.5897
v -0.456111 0.180442 -0.002332 0.7248 0.6862 0.5897
v -0.456367 0.191000 0.036003 0.7248 0.6862 0.5897
v -0.695723 0.043735 -0.128558 0.7248 0.6862 0.5897
v -0.695723 0.043735 0.124637 0.7248 0.6862 0.5897
v -0.690185 0.233387 0.085696 0.7248 0.6862 0.5897
v -0.693958 0.204871 0.091739 0.7248 0.6862 0.5897
v -0.684014 0.238405 0.046982 0.7248 0.6862 0.5897
v -0.693957 0.204871 -0.094130 0.7248 0.6862 0.5897
v -0.690185 0.233387 -0.090215 0.7248 0.6862 0.5897
v -0.684014 0.238405 -0.045473 0.7248 0.6862 0.5897
v -0.678817 0.238260 -0.002413 0.7248 0.6862 0.5897
v -0.456737 0.204305 0.048997 0.7248 0.6862 0.5897
v -0.456737 0.204305 -0.053375 0.7248 0.6862 0.5897
v -0.457016 0.214723 -0.051542 0.7248 0.6862 0.5897
v -0.689473 -0.005671 -0.123615 0.7248 0.6862 0.5897
v -0.681870 -0.026294 -0.097208 0.7248 0.6862 0.5897
v -0.689473 -0.005671 0.115616 0.7248 0.6862 0.5897
v -0.681870 -0.026294 0.089209 0.7248 0.6862 0.5897
v -1.170653 -0.009048 -0.122180 0.7248 0.6862 0.5897
v -1.144428 0.031657 -0.127064 0.7248 0.6862 0.5897
v 0.179209 -0.173277 -0.000001 0.7248 0.6862 0.5897
v 0.173450 -0.174582 0.078262 0.7248 0.6862 0.5897
v -1.144428 0.031657 0.119065 0.7248 0.6862 0.5897
v -1.170653 -0.009048 0.114182 0.7248 0.6862 0.5897
v -0.457016 0.214723 0.049151 0.7248 0.6862 0.5897
v -0.675766 -0.036297 0.000000 0.7248 0.6862 0.5897
v 0.501664 0.302897 -0.000000 0.7248 0.6862 0.5897
v -0.815939 0.038865 -0.127455 0.7248 0.6862 0.5897
v -0.096479 0.250546 -0.002332 0.7248 0.6862 0.5897
v -0.091739 0.251108 0.043410 0.7248 0.6862 0.5897
v -0.091739 0.251108 -0.042161 0.7248 0.6862 0.5897
v -0.815939 0.038865 0.123588 0.7248 0.6862 0.5897
v 0.243818 -0.286418 0.131850 0.7248 0.6862 0.5897
v 0.200091 -0.297793 0.128468 0.7248 0.6862 0.5897
v 0.630402 -0.007583 -0.158025 0.7248 0.6862 0.5897
v 0.609402 -0.011635 -0.107485 0.7248 0.6862 0.5897
v 0.243818 -0.286418 -0.131850 0.7248 0.6862 0.5897
v 0.200091 -0.297793 -0.128468 0.7248 0.6862 0.5897
v 0.044080 -0.279610 0.106795 0.7248 0.6862 0.5897
v 0.088146 -0.264341 0.097847 0.7248 0.6862 0.5897
v 0.044080 -0.279610 -0.106794 0.7248 0.6862 0.5897
v 0.088146 -0.264341 -0.097847 0.7248 0.6862 0.5897
v -0.086208 0.247172 -0.083318 0.7248 0.6862 0.5897
v -0.081825 0.221509 -0.086824 0.7248 0.6862 0.5897
v -0.086208 0.247172 0.078939 0.7248 0.6862 0.5897
v -0.081825 0.221509 0.084433 0.7248 0.6862 0.5897
v -0.828701 0.228491 0.079910 0.7248 0.6862 0.5897
v -0.832223 0.201874 0.085550 0.7248 0.6862 0.5897
v -0.822941 0.233174 0.043776 0.7248 0.6862 0.5897
v -0.832223 0.201874 -0.087942 0.7248 0.6862 0.5897
v -0.828701 0.228491 -0.084289 0.7248 0.6862 0.5897
v -0.822941 0.233174 -0.042525 0.7248 0.6862 0.5897
v -0.818089 0.233040 -0.002332 0.7248 0.6862 0.5897
v -0.802771 -0.027699 0.051510 0.7248 0.6862 0.5897
v -0.796971 -0.037207 -0.000171 0.7248 0.6862 0.5897
v -0.802771 -0.027699 -0.059457 0.7248 0.6862 0.5897
v -0.809999 -0.008097 -0.125734 0.7248 0.6862 0.5897
v -0.809999 -0.008097 0.117786 0.7248 0.6862 0.5897
v 0.151644 -0.140429 0.102910 0.7248 0.6862 0.5897
v 0.151644 -0.140429 -0.102910 0.7248 0.6862 0.5897
v -0.933266 0.027046 -0.125597 0.7248 0.6862 0.5897
v -0.933266 0.027046 0.123144 0.7248 0.6862 0.5897
v -1.026471 0.044876 -0.134765 0.7248 0.6862 0.5897
v 0.047082 0.251979 0.084656 0.7248 0.6862 0.5897
v 0.041157 0.256195 0.046593 0.7248 0.6862 0.5897
v 0.051778 0.224486 0.090542 0.7248 0.6862 0.5897
v -0.002301 -0.286692 0.011170 0.7248 0.6862 0.5897
v 0.004159 -0.281919 -0.073390 0.7248 0.6862 0.5897
v 0.004159 -0.281919 0.063032 0.7248 0.6862 0.5897
v -1.026471 0.044876 0.132373 0.7248 0.6862 0.5897
v -0.928665 -0.010799 0.121166 0.7248 0.6862 0.5897
v -0.923166 -0.024009 0.106394 0.7248 0.6862 0.5897
v 0.036079 0.255593 -0.002413 0.7248 0.6862 0.5897
v 0.041157 0.256195 -0.045083 0.7248 0.6862 0.5897
v -0.928710 -0.008974 -0.124275 0.7248 0.6862 0.5897
v -0.923166 -0.024009 -0.103683 0.7248 0.6862 0.5897
v 0.240307 0.349391 -0.000000 0.7248 0.6862 0.5897
v -0.958218 0.227193 0.094385 0.7248 0.6862 0.5897
v -0.962368 0.195827 0.101033 0.7248 0.6862 0.5897
v -0.951430 0.232713 0.051801 0.7248 0.6862 0.5897
v 0.473064 0.275546 -0.000000 0.7248 0.6862 0.5897
v 0.047082 0.251979 -0.089175 0.7248 0.6862 0.5897
v 0.051778 0.224486 -0.092933 0.7248 0.6862 0.5897
v -0.962368 0.195826 -0.103423 0.7248 0.6862 0.5897
v -0.958218 0.227193 -0.099118 0.7248 0.6862 0.5897
v -0.951429 0.232713 -0.049901 0.7248 0.6862 0.5897
v 0.224326 0.322249 -0.000000 0.7248 0.6862 0.5897
v -0.945712 0.232555 -0.002534 0.7248 0.6862 0.5897
v -0.918718 -0.031301 -0.001058 0.7248 0.6862 0.5897
v -1.019358 -0.011359 -0.126078 0.7248 0.6862 0.5897
v -1.011075 -0.019643 -0.070440 0.7248 0.6862 0.5897
v 0.235174 0.285239 -0.000000 0.7248 0.6862 0.5897
v 0.245022 0.309087 -0.000000 0.7248 0.6862 0.5897
v -1.019358 -0.011359 0.126748 0.7248 0.6862 0.5897
v -1.011075 -0.019643 0.062442 0.7248 0.6862 0.5897
v -1.004417 -0.019208 0.000553 0.7248 0.6862 0.5897
v 0.020681 -0.280848 -0.101784 0.7248 0.6862 0.5897
v -1.112310 0.261068 -0.000000 0.7248 0.6862 0.5897
v -1.133329 0.257499 -0.000000 0.7248 0.6862 0.5897
v 0.369442 0.304533 -0.000000 0.7248 0.6862 0.5897
v 0.020681 -0.280848 0.096659 0.7248 0.6862 0.5897
v 0.404583 -0.069290 -0.057025 0.7248 0.6862 0.5897
v 0.398990 -0.069565 -0.000335 0.7248 0.6862 0.5897
v 0.404583 -0.069290 0.049025 0.7248 0.6862 0.5897
v 0.353460 0.277390 -0.000000 0.7248 0.6862 0.5897
v 0.410089 -0.061748 -0.112379 0.7248 0.6862 0.5897
v 0.408687 -0.014089 -0.116724 0.7248 0.6862 0.5897
v 0.410089 -0.061748 0.104380 0.7248 0.6862 0.5897
v 0.408687 -0.014089 0.108725 0.7248 0.6862 0.5897
v -1.124228 0.202992 -0.000000 0.7248 0.6862 0.5897
v 0.794519 0.271983 -0.000000 0.7248 0.6862 0.5897
v -1.105764 0.360909 -0.000000 0.7248 0.6862 0.5897
v -1.115457 0.316175 -0.000000 0.7248 0.6862 0.5897
v -1.112376 0.346650 -0.000000 0.7248 0.6862 0.5897
v 0.609402 -0.011635 0.099313 0.7248 0.6862 0.5897
v 0.630402 -0.007583 0.149852 0.7248 0.6862 0.5897
v 0.594178 -0.013417 0.000083 0.7248 0.6862 0.5897
v 0.474805 0.245206 -0.000000 0.7248 0.6862 0.5897
v 0.487069 0.262937 -0.000000 0.7248 0.6862 0.5897
v 0.364310 0.240379 -0.000000 0.7248 0.6862 0.5897
v 0.374157 0.264229 -0.000000 0.7248 0.6862 0.5897
v 0.829741 -0.210333 -0.133043 0.7248 0.6862 0.5897
v 0.829741 -0.210333 0.130651 0.7248 0.6862 0.5897
v -1.488069 0.048456 0.047186 0.7248 0.6862 0.5897
v -1.488069 0.048456 -0.047186 0.7248 0.6862 0.5897
v -1.567132 0.037142 0.046144 0.7248 0.6862 0.5897
v 0.772484 0.232196 -0.000000 0.7248 0.6862 0.5897
v 0.794865 0.221096 -0.000000 0.7248 0.6862 0.5897
v -1.567132 0.037142 -0.046144 0.7248 0.6862 0.5897
v -1.478279 0.012473 0.024003 0.7248 0.6862 0.5897
v -1.485026 0.027491 0.040965 0.7248 0.6862 0.5897
v -1.478279 0.012473 -0.024003 0.7248 0.6862 0.5897
v -1.485026 0.027491 -0.040965 0.7248 0.6862 0.5897
v -1.634709 0.028919 0.044652 0.7248 0.6862 0.5897
v -1.638038 0.051991 0.044584 0.7248 0.6862 0.5897
v -1.634709 0.028919 -0.044652 0.7248 0.6862 0.5897
v -1.638038 0.051991 -0.044584 0.7248 0.6862 0.5897
v -1.557458 0.002069 0.023086 0.7248 0.6862 0.5897
v -1.564240 0.017006 0.041198 0.7248 0.6862 0.5897
v -1.557458 0.002069 -0.023086 0.7248 0.6862 0.5897
v -1.564240 0.017006 -0.041198 0.7248 0.6862 0.5897
v -1.627263 0.012339 0.033624 0.7248 0.6862 0.5897
v -1.627263 0.012339 -0.033624 0.7248 0.6862 0.5897
v -1.478083 0.007164 -0.000000 0.7248 0.6862 0.5897
v -1.777626 0.042795 0.049565 0.7248 0.6862 0.5897
v -1.777626 0.042795 -0.049564 0.7248 0.6862 0.5897
v 0.783582 0.199933 -0.000000 0.7248 0.6862 0.5897
v 0.787675 -0.261097 0.000553 0.7248 0.6862 0.5897
v 0.793519 -0.264063 0.061880 0.7248 0.6862 0.5897
v 0.793519 -0.264063 -0.069880 0.7248 0.6862 0.5897
v -1.557285 -0.002828 0.000000 0.7248 0.6862 0.5897
v -1.714005 0.032113 0.044970 0.7248 0.6862 0.5897
v -1.714005 0.032113 -0.044970 0.7248 0.6862 0.5897
v -1.706018 0.001203 0.023440 0.7248 0.6862 0.5897
v -1.711643 0.014155 0.039174 0.7248 0.6862 0.5897
v -1.706018 0.001203 -0.023440 0.7248 0.6862 0.5897
v -1.711643 0.014155 -0.039174 0.7248 0.6862 0.5897
v -1.767513 0.005068 0.024754 0.7248 0.6862 0.5897
v -1.774608 0.021023 0.042730 0.7248 0.6862 0.5897
v -1.767513 0.005068 -0.024754 0.7248 0.6862 0.5897
v -1.774608 0.021023 -0.042730 0.7248 0.6862 0.5897
v -1.627054 0.006513 -0.000000 0.7248 0.6862 0.5897
v -1.705913 -0.003325 0.000000 0.7248 0.6862 0.5897
v -1.767342 -0.000325 0.000000 0.7248 0.6862 0.5897
v 0.803495 -0.259593 -0.124584 0.7248 0.6862 0.5897
v 0.803495 -0.259593 0.125254 0.7248 0.6862 0.5897
vn -0.9997 -0.0244 -0.0000
vn 0.1644 0.9864 -0.0000
vn 0.2125 -0.9772 -0.0000
vn 0.1645 0.9864 -0.0000
vn -0.1241 -0.9923 -0.0000
vn -0.1430 0.9897 -0.0000
vn -0.7567 -0.6537 -0.0000
vn -0.6073 0.7945 -0.0000
vn -0.7568 -0.6536 -0.0000
vn -0.8395 -0.5434 -0.0000
vn -0.9192 0.3938 -0.0000
vn -0.8395 -0.5433 -0.0000
vn -0.9193 0.3937 -0.0000
vn -0.7546 -0.6562 -0.0000
vn -0.9938 0.1109 -0.0000
vn -0.9546 -0.2979 -0.0000
vn -0.9962 -0.0870 -0.0000
vn -0.9962 -0.0869 -0.0000
vn 0.2619 -0.9651 -0.0000
vn 0.5393 0.8421 -0.0000
vn 0.9818 -0.1897 -0.0000
vn 0.3952 0.9186 -0.0000
vn 0.3558 0.9346 -0.0000
vn 0.3558 0.9345 -0.0000
vn 0.0667 0.9978 -0.0000
vn 0.0666 0.9978 -0.0000
vn 0.0698 0.9976 -0.0000
vn 0.0699 0.9976 -0.0000
vn 0.2188 0.9758 -0.0000
vn 0.0700 0.9975 -0.0000
vn -0.9496 -0.3134 -0.0000
vn -0.9962 -0.0873 -0.0000
vn -0.9962 -0.0872 -0.0000
vn -0.9887 0.1500 -0.0000
vn -0.1788 -0.9839 -0.0000
vn -0.0501 -0.9987 -0.0000
vn 0.0244 -0.9997 -0.0000
vn 0.0038 -1.0000 -0.0000
vn -0.2125 0.9772 -0.0000
vn -0.0244 0.9997 -0.0000
vn 0.3654 -0.9309 -0.0000
vn 0.1678 -0.9858 -0.0000
vn 0.1677 -0.9858 -0.0000
vn -0.6525 -0.7578 -0.0000
vn 0.5749 -0.8183 -0.0000
vn 0.9419 -0.3358 -0.0000
vn 0.0982 -0.9952 0.0002
vn 0.9796 -0.2010 -0.0000
vn 0.0982 -0.9952 -0.0000
vn 0.0541 -0.9985 -0.0000
vn 0.0542 -0.9985 -0.0000
vn 0.2876 -0.9578 -0.0000
vn 0.2875 -0.9578 -0.0000
vn 0.0285 -0.9996 -0.0000
vn -0.1840 -0.9829 -0.0000
vn 0.0284 -0.9996 -0.0001
vn 0.5636 -0.8260 0.0002
vn 0.5635 -0.8261 -0.0000
vn 0.8958 -0.4444 -0.0000
vn 0.3715 -0.9284 -0.0000
vn 0.5634 -0.8262 -0.0000
vn 0.9672 0.2539 -0.0000
vn 0.9892 0.1467 -0.0000
vn 0.9891 0.1472 -0.0000
vn 0.9208 0.3900 -0.0000
vn 0.8757 0.4828 -0.0000
vn 0.8758 0.4827 -0.0000
vn 0.9996 -0.0288 -0.0000
vn 0.9996 -0.0286 -0.0000
vn 0.9979 0.0643 -0.0000
vn 0.9979 0.0644 -0.0000
vn 0.9781 0.2081 -0.0000
vn 0.9781 0.2082 -0.0000
vn 0.9989 -0.0465 -0.0000
vn -0.1173 -0.9931 -0.0000
vn -0.0409 -0.9992 -0.0000
vn -0.0792 -0.9969 -0.0000
vn -0.0791 -0.9969 -0.0000
vn 0.0001 -1.0000 -0.0000
vn -0.0000 -1.0000 -0.0000
vn 0.1913 -0.9815 -0.0000
vn -0.0000 -0.0000 -1.0000
vn -0.0000 -0.0000 1.0000
vn -0.0053 -1.0000 -0.0000
vn -0.0834 -0.9965 -0.0000
vn -0.0515 -0.9987 -0.0000
vn -0.0516 -0.9987 -0.0000
vn 0.0474 -0.9989 -0.0000
vn -0.1644 -0.9864 -0.0000
vn -0.2124 0.9772 -0.0000
vn 0.2124 -0.9772 -0.0000
vn 0.0080 -0.3281 -0.9446
vn 0.0080 -0.3282 -0.9446
vn 0.0080 -0.3281 0.9446
vn 0.0080 -0.3282 0.9446
vn 0.7610 -0.6488 -0.0000
vn 0.9135 -0.4069 -0.0000
vn 0.9994 -0.0360 -0.0000
vn -0.1644 -0.9864 -0.0003
vn -0.2124 0.9772 -0.0002
vn 0.1644 0.9864 -0.0003
vn 0.2124 -0.9772 0.0004
vn 0.2124 -0.9772 0.0003
vn -1.0000 0.0059 -0.0000
vn -0.9754 -0.2205 -0.0000
vn -0.7664 -0.6423 -0.0000
vn -0.7664 -0.6424 -0.0000
vn -0.8073 -0.5901 -0.0000
vn -0.9920 -0.1259 -0.0000
vn -0.9920 -0.1261 -0.0000
vn -0.9957 0.0931 -0.0000
vn -0.9956 0.0933 -0.0000
vn -0.9694 -0.2454 -0.0000
vn -0.8166 -0.5772 -0.0000
vn 0.2124 -0.9772 0.0005
vn -0.1644 -0.9864 -0.0002
vn -0.1645 -0.9864 -0.0002
vn -0.0000 -0.0001 1.0000
vn 0.0041 -0.1687 0.9857
vn -0.0041 0.1687 0.9857
vn -0.0000 0.0001 1.0000
vn 0.9997 0.0244 -0.0000
vn -0.0235 0.9612 -0.2748
vn -0.0235 0.9612 0.2748
vn -0.0119 0.4854 0.8742
vn -0.0119 0.4854 -0.8742
vn 0.0127 -0.5191 -0.8546
vn 0.0237 -0.9712 -0.2371
vn 0.0237 -0.9712 0.2371
vn 0.0127 -0.5191 0.8546
vn 0.0112 -0.4580 0.8889
vn 0.0112 -0.4580 -0.8889
vn 0.0041 -0.1687 -0.9857
vn -0.0041 0.1687 -0.9857
vn -0.0242 0.9921 -0.1231
vn -0.0242 0.9921 0.1231
vn 0.0242 -0.9921 -0.1231
vn 0.0242 -0.9921 0.1231
vn 0.9950 -0.0998 -0.0000
vn 0.9992 -0.0395 -0.0000
vn 0.9961 0.0882 -0.0000
vn 0.9889 0.1483 -0.0000
vn 0.0022 -0.0896 -0.9960
vn 0.0011 -0.0465 -0.9989
vn 0.0011 -0.0448 -0.9990
vn -0.0011 0.0465 -0.9989
vn -0.0011 0.0448 -0.9990
vn -0.0022 0.0896 -0.9960
vn -0.0011 0.0448 0.9990
vn 0.0011 -0.0465 0.9989
vn 0.0011 -0.0448 0.9990
vn 0.0022 -0.0896 0.9960
vn -0.0011 0.0465 0.9989
vn -0.0022 0.0896 0.9960
vn 0.5624 -0.8268 -0.0000
vn -0.5214 -0.8533 -0.0000
vn 0.9208 -0.3899 -0.0000
vn -0.9007 -0.4344 -0.0000
vn 0.6896 0.7242 -0.0000
vn 0.7242 -0.6896 -0.0000
vn -0.7242 0.6896 -0.0000
vn -0.6896 -0.7242 -0.0000
vn 0.5214 0.8533 -0.0000
vn 0.9007 0.4344 -0.0000
vn -0.5625 0.8268 -0.0000
vn -0.5624 0.8268 -0.0000
vn -0.9209 0.3899 -0.0000
vn -0.9208 0.3899 -0.0000
vn -0.4570 -0.8895 -0.0000
vn 0.4999 -0.8661 -0.0000
vn -0.8269 -0.5623 -0.0000
vn 0.8534 -0.5212 -0.0000
vn 0.4570 0.8895 -0.0000
vn -0.4999 0.8661 -0.0000
vn 0.8270 0.5623 -0.0000
vn -0.8534 0.5212 -0.0000
vn 0.0085 -0.3485 -0.9373
vn -0.0085 0.3485 -0.9373
vn 0.0173 -0.7069 -0.7071
vn -0.6111 -0.7916 -0.0000
vn -0.6167 -0.5642 -0.5490
vn -0.6301 -0.0154 -0.7764
vn -0.6435 0.5334 -0.5490
vn -0.6167 -0.5642 0.5490
vn 0.0173 -0.7069 0.7071
vn -0.6301 -0.0154 0.7764
vn -0.6435 0.5334 0.5490
vn -0.0173 0.7069 0.7071
vn -0.6490 0.7608 -0.0000
vn -0.0173 0.7069 -0.7071
vn -0.9997 -0.0244 -0.0001
vn -0.9997 -0.0245 0.0001
vn -0.9997 -0.0244 0.0001
vn -0.0201 0.8211 -0.5704
vn -0.0146 0.5978 -0.8015
vn -0.0201 0.8211 0.5704
vn -0.0146 0.5978 0.8015
vn 0.0085 -0.3485 0.9373
vn -0.0085 0.3485 0.9373
vn 0.0146 -0.5978 0.8015
vn 0.0146 -0.5978 -0.8015
vn -0.9997 -0.0245 -0.0000
vn -0.7828 0.6037 0.1507
vn -0.7347 0.3856 0.5581
vn -0.7466 0.4278 0.5095
vn -0.7817 0.6037 0.1567
vn -0.6017 -0.1636 0.7818
vn -0.6046 -0.1247 0.7867
vn 0.9777 -0.1875 -0.0948
vn 0.9723 -0.2337 0.0076
vn 0.9805 -0.1726 -0.0939
vn 0.9723 -0.2337 0.0071
vn 0.9768 -0.1870 0.1045
vn 0.9798 -0.1721 0.1016
vn 0.8454 -0.4158 -0.3354
vn 0.8662 -0.3960 -0.3046
vn 0.6328 -0.4597 -0.6231
vn 0.6102 -0.4809 -0.6296
vn 0.8662 -0.3961 0.3046
vn 0.8454 -0.4158 0.3354
vn 0.6145 -0.4788 0.6270
vn 0.6005 -0.4914 0.6309
vn 0.7654 -0.3136 0.5619
vn 0.9047 0.4120 -0.1084
vn 0.9287 0.3707 0.0077
vn 0.8959 0.4298 -0.1121
vn 0.9288 0.3706 0.0071
vn 0.9047 0.4116 0.1102
vn 0.8980 0.4265 0.1086
vn -0.7235 0.3272 0.6079
vn -0.7487 0.4873 0.4495
vn -0.7497 0.4725 0.4634
vn -0.7317 0.6420 0.2289
vn -0.7332 0.6483 0.2051
vn -0.7182 0.3417 0.6061
vn -0.7487 0.4874 -0.4494
vn -0.7317 0.6420 -0.2290
vn -0.7332 0.6484 -0.2051
vn -0.7497 0.4725 -0.4634
vn -0.7235 0.3272 -0.6078
vn -0.7182 0.3418 -0.6061
vn 0.4750 -0.4360 -0.7644
vn 0.7015 -0.2358 -0.6725
vn 0.4601 -0.4466 -0.7674
vn -0.7417 0.6707 -0.0000
vn -0.7417 0.6708 -0.0001
vn 0.8229 -0.5502 -0.1421
vn 0.8399 -0.4914 -0.2305
vn 0.8373 -0.3082 -0.4516
vn 0.8372 -0.3082 -0.4518
vn 0.9315 0.1577 -0.3278
vn 0.9361 0.1814 -0.3012
vn 0.8399 -0.4921 0.2289
vn 0.8229 -0.5503 0.1411
vn 0.8372 -0.3085 0.4516
vn 0.8372 -0.3081 0.4518
vn 0.9388 0.2226 0.2629
vn 0.9334 0.1864 0.3066
vn 0.7890 -0.2755 -0.5491
vn 0.4585 -0.4502 0.7662
vn 0.4363 -0.4650 0.7703
vn 0.6658 -0.2800 0.6916
vn 0.7759 -0.0534 0.6286
vn 0.8018 0.0952 0.5900
vn 0.7741 -0.0608 0.6302
vn -0.6642 -0.7476 -0.0000
vn -0.6443 -0.6532 0.3979
vn -0.6516 -0.6793 0.3376
vn -0.6443 -0.6532 -0.3979
vn -0.6516 -0.6793 -0.3377
vn 0.6374 -0.0654 0.7678
vn 0.6336 -0.0765 0.7699
vn 0.7051 0.2511 0.6632
vn -0.7182 0.3537 0.5993
vn -0.7446 0.5003 0.4420
vn -0.7454 0.4909 0.4510
vn -0.7230 0.6579 0.2109
vn -0.7237 0.6629 0.1919
vn -0.7114 0.3735 0.5954
vn -0.7446 0.5003 -0.4420
vn -0.7230 0.6579 -0.2109
vn -0.7237 0.6629 -0.1919
vn -0.7454 0.4909 -0.4509
vn -0.7182 0.3537 -0.5993
vn -0.7113 0.3735 -0.5954
vn 0.7698 -0.0556 -0.6359
vn 0.7675 -0.0652 -0.6378
vn 0.8027 0.1496 -0.5774
vn -0.6836 -0.7298 -0.0000
vn -0.6764 -0.6437 0.3579
vn -0.6836 -0.7299 -0.0000
vn -0.6797 -0.6627 0.3143
vn -0.6764 -0.6437 -0.3579
vn -0.6797 -0.6627 -0.3143
vn 0.6418 -0.0626 -0.7643
vn 0.7047 0.3060 -0.6401
vn 0.6403 -0.0678 -0.7651
vn -0.7301 0.6833 -0.0000
vn -0.6904 0.4110 0.5953
vn -0.6904 0.4110 -0.5953
vn 0.7171 -0.0980 0.6900
vn 0.7265 -0.0652 0.6841
vn 0.7265 -0.0651 0.6841
vn 0.7170 -0.0985 0.6901
vn 0.7171 -0.0980 -0.6900
vn 0.7265 -0.0652 -0.6841
vn 0.7170 -0.0984 -0.6901
vn 0.7264 -0.0652 -0.6841
vn -0.6680 -0.3803 0.6396
vn -0.6903 0.1252 0.7126
vn -0.6917 0.0695 0.7188
vn -0.6670 -0.3925 0.6333
vn -0.6902 0.1249 -0.7127
vn -0.6681 -0.3803 -0.6396
vn -0.6917 0.0695 -0.7189
vn -0.6670 -0.3925 -0.6333
vn 0.4770 -0.6917 0.5422
vn 0.4736 -0.7010 0.5331
vn 0.3364 -0.9324 0.1319
vn 0.3364 -0.9325 0.1313
vn 0.4688 -0.6978 -0.5416
vn 0.4665 -0.7036 -0.5360
vn 0.3387 -0.9306 -0.1387
vn 0.3389 -0.9306 -0.1384
vn -0.7406 0.6719 -0.0000
vn -0.7455 0.6174 -0.2512
vn -0.7435 0.5816 -0.3301
vn -0.7407 0.6719 -0.0000
vn -0.7435 0.5816 0.3300
vn -0.7455 0.6174 0.2512
vn 0.7701 -0.6380 -0.0008
vn 0.7701 -0.6379 -0.0008
vn -0.6153 -0.3812 0.6900
vn -0.6225 0.1163 0.7739
vn -0.6243 0.0759 0.7775
vn -0.6144 -0.4096 0.6743
vn -0.6225 0.1164 -0.7739
vn -0.6153 -0.3812 -0.6900
vn -0.6243 0.0759 -0.7775
vn -0.6144 -0.4096 -0.6743
vn -0.6756 -0.7373 -0.0000
vn -0.6692 -0.5982 0.4407
vn -0.6755 -0.7374 -0.0000
vn -0.6770 -0.6358 0.3707
vn -0.6692 -0.5982 -0.4407
vn -0.6771 -0.6357 -0.3707
vn -0.7090 0.1623 0.6863
vn -0.7315 0.3524 0.5838
vn 0.6474 0.3869 0.6566
vn 0.6474 0.3870 0.6566
vn -0.7315 0.3524 -0.5838
vn -0.7090 0.1622 -0.6863
vn 0.6474 0.3870 -0.6566
vn 0.6474 0.3869 -0.6566
vn -0.6738 0.4674 0.5722
vn -0.6738 0.4674 -0.5722
vn 0.8263 -0.5632 -0.0000
vn 0.7360 -0.5878 0.3359
vn 0.7589 -0.5875 0.2809
vn 0.7589 -0.5875 -0.2808
vn 0.7360 -0.5878 -0.3359
vn -0.6196 0.4980 0.6067
vn -0.6196 0.4980 -0.6067
vn 0.7427 0.5437 -0.3908
vn 0.6983 0.6870 -0.2009
vn 0.6596 0.7450 -0.0991
vn 0.7429 0.5438 -0.3904
vn -0.6794 -0.7338 -0.0000
vn -0.6638 -0.6471 0.3749
vn -0.6788 -0.7343 -0.0000
vn -0.6693 -0.6702 0.3206
vn -0.6639 -0.6471 -0.3749
vn -0.6693 -0.6703 -0.3206
vn 0.6982 0.6876 0.1994
vn 0.7427 0.5438 0.3908
vn 0.6596 0.7452 0.0979
vn 0.7428 0.5438 0.3905
vn 0.6582 -0.2637 0.7052
vn 0.6775 -0.2157 0.7032
vn 0.5486 -0.4500 0.7046
vn 0.4914 -0.5164 0.7013
vn -0.7349 0.6782 -0.0000
vn -0.7249 0.6586 -0.2020
vn -0.7230 0.6524 -0.2272
vn -0.7230 0.6524 0.2272
vn -0.7249 0.6586 0.2020
vn -0.6703 0.1866 0.7182
vn -0.6681 0.2084 0.7143
vn -0.6703 0.1866 -0.7183
vn -0.6681 0.2084 -0.7143
vn -0.9804 -0.1583 -0.1171
vn -0.9885 -0.1511 0.0037
vn -0.9806 -0.1582 -0.1156
vn -0.9885 -0.1514 0.0037
vn -0.9802 -0.1580 0.1196
vn -0.9800 -0.1581 0.1210
vn -0.7373 0.4888 0.4664
vn -0.7378 0.4557 0.4980
vn -0.7374 0.4886 -0.4664
vn -0.7378 0.4557 -0.4980
vn -0.7012 0.2687 0.6604
vn -0.7018 0.2670 0.6605
vn -0.7012 0.2687 -0.6604
vn -0.7017 0.2670 -0.6605
vn -0.6105 -0.2588 0.7486
vn -0.6098 -0.1977 0.7675
vn -0.6104 -0.2588 -0.7486
vn -0.6098 -0.1976 -0.7675
vn -0.5503 0.4987 0.6697
vn -0.5503 0.4987 -0.6697
vn 0.3440 -0.9390 0.0040
vn 0.3440 -0.9390 0.0039
vn -0.6499 -0.3622 0.6682
vn -0.6604 0.1564 0.7345
vn -0.6614 0.1254 0.7395
vn -0.6486 -0.3888 0.6543
vn -0.7065 0.3174 0.6326
vn -0.7396 0.4899 0.4615
vn -0.7402 0.4688 0.4820
vn -0.7288 0.6443 0.2318
vn -0.7304 0.6504 0.2086
vn -0.7040 0.3252 0.6313
vn -0.6604 0.1564 -0.7345
vn -0.6498 -0.3622 -0.6682
vn -0.6614 0.1254 -0.7395
vn -0.6487 -0.3888 -0.6543
vn -0.7396 0.4898 -0.4617
vn -0.7288 0.6443 -0.2318
vn -0.7304 0.6504 -0.2086
vn -0.7402 0.4688 -0.4820
vn -0.7065 0.3174 -0.6326
vn -0.7041 0.3252 -0.6313
vn -0.7398 0.6728 -0.0000
vn -0.7399 0.6727 -0.0000
vn -0.5975 0.2113 0.7735
vn -0.5982 0.1889 0.7788
vn -0.5976 0.2113 -0.7735
vn -0.5982 0.1890 -0.7788
vn 0.7538 -0.6444 -0.1286
vn 0.7643 -0.6448 0.0042
vn 0.7538 -0.6443 -0.1290
vn 0.7642 -0.6449 0.0039
vn 0.7534 -0.6439 0.1333
vn 0.7535 -0.6439 0.1329
vn 0.6775 -0.2157 -0.7032
vn 0.5486 -0.4500 -0.7046
vn 0.6583 -0.2634 -0.7052
vn 0.4914 -0.5164 -0.7013
vn 0.3778 -0.6267 -0.6815
vn -0.6892 0.3068 0.6564
vn -0.6892 0.3068 -0.6564
vn 0.5616 0.2639 -0.7842
vn 0.7461 -0.3644 -0.5572
vn 0.7504 -0.3828 -0.5388
vn 0.5638 0.2528 -0.7863
vn -0.6739 -0.7388 -0.0000
vn -0.6598 -0.6446 0.3862
vn -0.6738 -0.7389 -0.0000
vn -0.6650 -0.6678 0.3345
vn -0.6598 -0.6446 -0.3861
vn -0.6650 -0.6678 -0.3345
vn 0.5670 0.2454 0.7863
vn 0.7461 -0.3644 0.5572
vn 0.5705 0.2257 0.7897
vn 0.7504 -0.3828 0.5388
vn -0.6307 0.4082 0.6600
vn 0.2509 -0.6051 -0.7556
vn 0.5595 -0.5098 -0.6535
vn 0.2396 -0.6072 -0.7576
vn -0.6307 0.4082 -0.6600
vn -0.8500 0.0841 -0.5201
vn -0.8496 0.0844 -0.5206
vn -0.3820 0.5428 -0.7480
vn -0.3903 0.5335 -0.7504
vn -0.8498 0.0841 0.5203
vn -0.8496 0.0844 0.5206
vn -0.3959 0.5299 0.7500
vn -0.4106 0.5126 0.7541
vn 0.2216 -0.6188 0.7536
vn 0.1968 -0.6233 0.7568
vn 0.5429 -0.5186 0.6605
vn -0.5669 0.4624 0.6818
vn -0.5669 0.4624 -0.6818
vn -0.6413 -0.3739 0.6700
vn -0.6616 0.1395 0.7368
vn -0.6628 0.0933 0.7429
vn -0.6401 -0.3945 0.6593
vn -0.6615 0.1394 -0.7369
vn -0.6413 -0.3739 -0.6700
vn -0.6629 0.0933 -0.7429
vn -0.6401 -0.3945 -0.6593
vn -0.6806 0.3939 0.6177
vn -0.6806 0.3940 -0.6177
vn -0.5922 0.5250 0.6112
vn -0.5922 0.5251 -0.6112
vn 0.8764 -0.4816 -0.0000
vn 0.7338 -0.4862 0.4745
vn 0.8764 -0.4815 -0.0000
vn 0.7946 -0.4948 0.3519
vn 0.7946 -0.4948 -0.3519
vn 0.7337 -0.4862 -0.4746
vn 0.7237 0.1179 0.6800
vn 0.7237 0.1179 -0.6800
vn -0.5860 0.5316 0.6115
vn -0.5860 0.5316 -0.6115
vn 0.6042 0.7969 -0.0010
vn 0.6046 0.7966 -0.0008
vn 0.7149 0.0038 0.6992
vn 0.6340 -0.3508 0.6892
vn 0.6346 -0.3487 0.6897
vn 0.7153 0.0078 0.6988
vn 0.7149 0.0039 -0.6992
vn 0.6340 -0.3507 -0.6892
vn 0.7153 0.0078 -0.6988
vn 0.6346 -0.3487 -0.6897
vn 0.6834 0.2508 0.6856
vn 0.6836 0.2513 0.6852
vn 0.6835 0.2510 0.6855
vn 0.6835 0.2509 0.6855
vn 0.6834 0.2508 -0.6856
vn 0.6836 0.2513 -0.6852
vn 0.6834 0.2510 -0.6855
vn 0.8989 -0.4256 0.1042
vn 0.9067 -0.4149 0.0761
vn 0.9270 -0.3749 0.0066
vn 0.9271 -0.3748 0.0069
vn 0.9137 -0.4023 -0.0579
vn 0.9103 -0.4071 -0.0749
vn 0.3930 -0.6958 -0.6012
vn 0.3645 -0.7060 -0.6072
vn 0.5545 -0.6213 -0.5536
vn -0.7982 0.6023 -0.0047
vn -0.7981 0.6025 -0.0047
vn -0.7819 0.6062 -0.1453
vn -0.7810 0.6065 -0.1494
vn 0.6098 -0.5654 -0.5554
vn 0.7378 -0.5283 -0.4203
vn 0.8547 -0.4672 0.2263
vn 0.8545 -0.4674 0.2268
vn -0.7527 0.4227 -0.5047
vn -0.5890 -0.2071 -0.7811
vn -0.7392 0.3729 -0.5609
vn -0.5908 -0.1877 -0.7847
vn -0.7348 0.3856 0.5581
vn -0.5952 -0.2069 0.7765
vn -0.5973 -0.1897 0.7793
vn -0.6497 -0.7493 0.1284
vn -0.7008 -0.4765 0.5309
vn -0.6499 -0.7493 0.1272
vn -0.7005 -0.4807 0.5274
vn -0.6365 0.1639 0.7537
vn -0.6369 0.1465 0.7569
vn -0.6515 -0.7466 -0.1350
vn -0.6948 -0.4857 -0.5304
vn -0.6948 -0.4859 -0.5302
vn -0.6516 -0.7466 -0.1341
vn -0.6396 0.1679 -0.7501
vn -0.6402 0.1560 -0.7522
vn 0.7697 0.6383 -0.0049
vn 0.7545 0.6377 0.1551
vn 0.7532 0.6375 0.1619
vn 0.7696 0.6385 -0.0049
vn 0.7525 0.6403 -0.1544
vn 0.7536 0.6400 -0.1497
vn 0.6296 -0.3134 0.7109
vn 0.6340 -0.2995 0.7130
vn 0.6282 -0.3178 0.7102
vn 0.6282 -0.3178 -0.7102
vn 0.6340 -0.2995 -0.7130
vn 0.6295 -0.3135 -0.7109
vn 0.6026 -0.3745 0.7047
vn 0.6813 -0.1862 0.7079
vn 0.5548 -0.4477 0.7013
vn 0.6923 -0.1426 0.7074
vn 0.4602 -0.4266 0.7786
vn 0.6392 -0.3405 0.6895
vn 0.4725 -0.4216 0.7739
vn 0.4602 -0.4266 -0.7786
vn 0.4725 -0.4216 -0.7739
vn 0.6392 -0.3405 -0.6895
vn 0.0850 0.6624 -0.7443
vn 0.4141 0.6463 -0.6409
vn 0.1021 0.6635 -0.7412
vn 0.6061 -0.3657 0.7064
vn 0.5929 -0.3880 0.7057
vn 0.5924 -0.3882 -0.7060
vn 0.6059 -0.3657 -0.7065
vn 0.5710 0.8147 -0.1012
vn 0.7182 0.6174 0.3209
vn 0.5828 0.8061 -0.1022
vn 0.7219 0.6053 0.3354
vn 0.6832 0.3126 0.6599
vn 0.6839 0.3101 0.6604
vn 0.6219 0.4956 0.6063
vn 0.5840 -0.1324 -0.8009
vn 0.7147 0.4016 -0.5727
vn 0.5846 -0.1011 -0.8050
vn 0.7284 0.4569 -0.5105
vn 0.7219 0.6053 -0.3354
vn 0.5701 0.8142 0.1096
vn 0.7182 0.6174 -0.3209
vn 0.6750 0.3363 -0.6567
vn 0.6780 0.3256 -0.6590
vn 0.5991 0.5364 -0.5945
vn 0.5819 0.8054 0.1126
vn 0.5547 -0.4478 -0.7013
vn 0.6026 -0.3745 -0.7047
vn 0.4564 -0.5720 -0.6816
vn 0.6811 -0.1863 -0.7081
vn 0.6923 -0.1426 -0.7074
vn 0.5895 -0.1369 0.7961
vn 0.7099 0.4139 0.5698
vn 0.7221 0.4613 0.5155
vn 0.5911 -0.1051 0.7997
vn 0.3478 -0.4990 0.7938
vn 0.2415 -0.5341 0.8102
vn 0.3479 -0.4990 -0.7937
vn 0.2414 -0.5341 -0.8102
vn 0.0399 0.6674 0.7436
vn 0.0711 0.6696 0.7393
vn 0.3963 0.6508 0.6477
vn -0.6601 -0.7512 0.0037
vn -0.6599 -0.7514 0.0038
vn -0.5839 0.2548 0.7708
vn -0.4854 0.4969 0.7194
vn -0.5852 0.2489 0.7718
vn -0.4472 0.5530 0.7030
vn -0.4472 0.5530 -0.7030
vn -0.5839 0.2548 -0.7708
vn -0.4854 0.4969 -0.7194
vn -0.5852 0.2489 -0.7718
vn 0.8867 -0.4623 -0.0000
vn 0.8858 -0.4626 0.0373
vn 0.8859 -0.4624 0.0372
vn 0.8865 -0.4627 -0.0000
vn 0.8859 -0.4624 -0.0372
vn 0.8858 -0.4626 -0.0372
vn 0.3248 -0.6661 0.6714
vn 0.3833 -0.6499 0.6563
vn -0.1761 -0.7360 0.6536
vn -0.2496 -0.7358 0.6295
vn -0.5670 -0.6763 0.4703
vn 0.3248 -0.6661 -0.6714
vn 0.3833 -0.6499 -0.6563
vn -0.1761 -0.7360 -0.6536
vn -0.2496 -0.7358 -0.6295
vn -0.5670 -0.6763 -0.4703
vn 0.6252 0.2292 0.7461
vn 0.6249 0.2296 0.7462
vn 0.6250 0.2293 0.7462
vn 0.6248 0.2296 0.7462
vn 0.6249 0.2296 -0.7462
vn 0.6251 0.2292 -0.7461
vn 0.6251 0.2293 -0.7461
vn 0.6252 0.2292 -0.7461
vn 0.6250 0.2294 -0.7462
vn -0.6419 0.1049 0.7596
vn -0.5836 -0.3495 0.7330
vn -0.5826 -0.3528 0.7322
vn -0.5828 -0.3526 0.7321
vn -0.6414 0.1052 0.7599
vn -0.6419 0.1049 -0.7596
vn -0.5826 -0.3528 -0.7322
vn -0.5836 -0.3495 -0.7330
vn -0.6415 0.1052 -0.7599
vn 0.4625 -0.5554 0.6911
vn 0.3472 -0.6101 0.7122
vn 0.7388 -0.3561 0.5722
vn 0.4626 -0.5555 -0.6910
vn 0.7388 -0.3561 -0.5722
vn 0.3472 -0.6101 -0.7122
vn 0.6226 0.7825 0.0081
vn 0.6227 0.7824 0.0074
vn -0.7983 0.6023 -0.0047
vn -0.7981 0.6024 -0.0047
vn -0.6868 0.7186 0.1093
vn -0.8074 0.5020 -0.3100
vn -0.6982 0.7072 0.1110
vn -0.8104 0.4829 -0.3317
vn -0.7300 0.2223 -0.6462
vn -0.7308 0.2157 -0.6476
vn -0.5975 -0.1782 0.7818
vn -0.5977 -0.1763 0.7821
vn 0.4859 0.5307 0.6945
vn -0.5925 0.4747 0.6509
vn -0.5975 -0.1781 -0.7818
vn -0.5977 -0.1763 -0.7821
vn 0.4144 -0.4931 0.7649
vn 0.6049 -0.4383 0.6649
vn 0.4219 -0.4915 0.7618
vn 0.4144 -0.4931 -0.7649
vn 0.4219 -0.4916 -0.7618
vn 0.6049 -0.4383 -0.6649
vn -0.5736 0.5253 -0.6286
vn 0.6516 0.0042 0.7585
vn 0.6289 -0.1318 0.7662
vn 0.6518 0.0056 0.7584
vn 0.6192 -0.1696 0.7667
vn 0.5692 -0.3488 0.7445
vn 0.5812 -0.3146 0.7505
vn -0.6838 0.7209 -0.1130
vn -0.7348 0.6783 0.0078
vn -0.6981 0.7076 -0.1093
vn -0.7348 0.6783 0.0072
vn -0.7955 0.5424 0.2701
vn -0.8020 0.5107 0.3099
vn -0.7351 0.2277 0.6386
vn -0.7357 0.2222 0.6398
vn -0.7073 0.3782 0.5973
vn 0.6516 0.0041 -0.7585
vn 0.5692 -0.3489 -0.7445
vn 0.6518 0.0056 -0.7584
vn 0.5812 -0.3145 -0.7505
vn 0.6290 -0.1318 -0.7661
vn 0.6192 -0.1696 -0.7667
vn 0.4625 0.5753 -0.6746
vn -0.6669 -0.3519 0.6568
vn -0.6737 -0.6690 0.3139
vn -0.6744 -0.6795 0.2890
vn -0.6667 -0.3044 0.6803
vn -0.6758 -0.3222 -0.6629
vn -0.6766 -0.3695 -0.6369
vn -0.6720 -0.6824 -0.2875
vn -0.6724 -0.6895 -0.2693
vn 0.5030 -0.5004 0.7047
vn 0.4398 -0.5610 0.7013
vn -0.2556 0.7383 0.6242
vn -0.1878 0.7749 0.6035
vn -0.6495 0.1701 0.7411
vn -0.6498 0.1567 0.7437
vn -0.6480 0.1747 -0.7413
vn -0.6482 0.1626 -0.7439
vn -0.6016 -0.1149 -0.7905
vn -0.6015 -0.0719 -0.7956
vn -0.5858 -0.3206 -0.7443
vn 0.7697 0.6384 -0.0049
vn 0.7546 0.6376 0.1550
vn -0.1017 -0.8257 0.5549
vn 0.1550 -0.7773 0.6098
vn 0.1284 -0.7794 0.6132
vn -0.0272 -0.8082 0.5883
vn 0.1550 -0.7772 -0.6099
vn -0.1017 -0.8257 -0.5549
vn 0.1285 -0.7789 -0.6138
vn -0.0271 -0.8082 -0.5883
vn -0.6064 -0.1236 0.7855
vn -0.6083 -0.0746 0.7902
vn -0.5706 -0.3813 0.7274
vn -0.6625 -0.7491 -0.0016
vn -0.6624 -0.7491 -0.0017
vn 0.5870 -0.1023 -0.8031
vn 0.7147 0.4015 -0.5727
vn 0.5867 -0.0656 -0.8072
vn 0.5923 -0.1097 0.7982
vn 0.7100 0.4139 0.5698
vn 0.5934 -0.0696 0.8019
vn -0.1878 0.7749 -0.6035
vn -0.2556 0.7383 -0.6242
vn -0.0567 0.8306 -0.5539
vn -0.6132 0.4537 -0.6467
vn -0.6131 0.4537 0.6467
vn -0.6498 -0.7283 -0.2176
vn -0.7044 -0.4213 -0.5713
vn -0.7044 -0.4419 -0.5555
vn -0.6494 -0.7270 -0.2230
vn -0.6471 0.1806 -0.7407
vn -0.6474 0.1714 -0.7426
vn -0.6481 -0.7259 0.2303
vn -0.7006 -0.4480 0.5554
vn -0.6478 -0.7247 0.2348
vn -0.7004 -0.4578 0.5476
vn -0.6568 0.1487 0.7393
vn -0.6573 0.1264 0.7430
vn -0.6892 0.4294 -0.5837
vn -0.7982 0.6024 -0.0047
vn -0.7818 0.6063 -0.1453
vn -0.7809 0.6065 -0.1494
vn 0.3428 -0.5992 0.7235
vn 0.2100 -0.6362 0.7424
vn 0.6593 -0.4455 0.6057
vn 0.3428 -0.5993 -0.7234
vn 0.6592 -0.4455 -0.6057
vn 0.2102 -0.6364 -0.7422
vn 0.3379 -0.7087 0.6194
vn 0.5405 -0.6298 0.5579
vn 0.3227 -0.7129 0.6226
vn 0.1671 -0.7452 0.6455
vn 0.1673 -0.7451 0.6456
vn -0.6627 -0.7488 0.0107
vn -0.6626 -0.7489 0.0124
vn -0.0836 0.8269 0.5561
vn -0.0202 0.8417 0.5396
vn 0.1378 0.8620 0.4879
vn -0.5958 -0.1627 -0.7865
vn -0.5976 -0.1263 -0.7918
vn -0.7484 0.6510 0.1266
vn -0.7407 0.6718 0.0003
vn -0.7479 0.6550 0.1079
vn -0.7408 0.6718 0.0003
vn -0.7485 0.6576 -0.0856
vn -0.7511 0.6469 -0.1318
vn -0.6012 -0.1668 0.7815
vn -0.6042 -0.1292 0.7863
vn 0.4398 -0.5610 -0.7013
vn 0.5030 -0.5004 -0.7047
vn 0.3161 -0.6600 -0.6816
vn -0.7650 -0.6439 -0.0098
vn -0.7273 -0.6691 0.1528
vn -0.7087 -0.6853 0.1678
vn -0.7651 -0.6438 -0.0082
vn -0.7135 -0.6825 -0.1585
vn -0.7274 -0.6686 -0.1545
vn -0.6140 0.4511 0.6477
vn -0.6080 0.4687 -0.6409
vn -0.7705 0.4474 0.4540
vn -0.7705 0.4488 0.4527
vn 0.1562 0.7592 0.6319
vn 0.3859 0.7301 0.5639
vn 0.1682 0.7587 0.6293
vn 0.7697 0.6384 -0.0050
vn 0.7533 0.6375 0.1619
vn -0.7692 0.4469 -0.4567
vn -0.7687 0.4336 -0.4701
vn -0.7511 0.6468 -0.1322
vn 0.1124 -0.5592 0.8214
vn 0.0084 -0.5791 0.8152
vn -0.7228 -0.6910 -0.0076
vn -0.7488 -0.6435 -0.1588
vn -0.6996 -0.3681 -0.6124
vn -0.0871 -0.5466 -0.8329
vn -0.2219 -0.6383 -0.7371
vn 0.1884 -0.4180 -0.8887
vn 0.2589 -0.4470 -0.8563
vn -0.3975 -0.8363 -0.3776
vn -0.3963 -0.8848 -0.2450
vn 0.0084 -0.5791 -0.8152
vn 0.1124 -0.5592 -0.8214
vn 0.3778 -0.6267 0.6815
vn 0.1163 -0.5452 0.8302
vn -0.1635 -0.6848 0.7102
vn 0.2129 -0.5159 0.8298
vn -0.2459 -0.7309 0.6366
vn -0.3890 -0.8904 0.2364
vn -0.3890 -0.8636 0.3206
vn 0.5470 -0.3433 0.7635
vn 0.5046 -0.4089 0.7604
vn -0.7564 -0.6484 0.0864
vn -0.7134 -0.6826 -0.1584
vn -0.7784 -0.5902 0.2140
vn -0.7564 -0.6484 0.0865
vn -0.6957 -0.3066 0.6496
vn -0.6937 -0.3109 0.6497
vn -0.7785 -0.5900 0.2140
vn 0.0542 -0.6768 0.7342
vn 0.3357 -0.5762 0.7452
vn 0.1606 -0.6508 0.7421
vn 0.1604 -0.6509 0.7420
vn 0.3357 -0.5763 0.7451
vn 0.0239 -0.6902 0.7232
vn 0.3358 -0.5761 -0.7452
vn 0.0539 -0.6769 -0.7341
vn 0.1605 -0.6509 -0.7420
vn 0.0239 -0.6903 -0.7231
vn 0.5784 -0.1771 -0.7963
vn 0.5794 -0.1622 -0.7987
vn 0.5846 -0.1772 0.7917
vn 0.5857 -0.1653 0.7935
vn -0.6553 -0.3421 -0.6735
vn -0.6559 -0.3880 -0.6475
vn -0.6607 -0.6785 -0.3212
vn -0.6625 -0.6912 -0.2888
vn -0.6372 0.1584 -0.7543
vn -0.6375 0.1381 -0.7580
vn -0.6544 -0.4036 0.6395
vn -0.6599 -0.6771 0.3258
vn -0.6616 -0.6900 0.2935
vn -0.6542 -0.3682 0.6606
vn -0.6458 0.1283 0.7527
vn -0.6463 0.0947 0.7572
vn 0.7916 -0.6110 -0.0097
vn 0.7543 -0.6387 0.1518
vn 0.7916 -0.6110 -0.0081
vn 0.7363 -0.6559 0.1663
vn 0.7544 -0.6382 -0.1536
vn 0.7408 -0.6530 -0.1575
vn -0.6753 0.2480 0.6946
vn -0.6707 0.2587 0.6951
vn -0.6752 0.2516 -0.6934
vn -0.6705 0.2621 -0.6940
vn -0.7407 0.6718 -0.0022
vn -0.7246 0.6862 -0.0648
vn -0.7249 0.6859 -0.0641
vn -0.7407 0.6718 -0.0019
vn -0.8010 0.4469 -0.3984
vn -0.8017 0.4386 -0.4061
vn -0.7410 0.2613 -0.6185
vn -0.7447 0.2392 -0.6231
vn -0.0567 0.8306 0.5539
vn -0.8126 0.3926 0.4307
vn -0.7244 0.6865 0.0627
vn -0.7249 0.6861 0.0618
vn -0.8114 0.4105 0.4161
vn -0.7438 0.1988 0.6382
vn -0.7440 0.1973 0.6384
vn -0.6986 -0.3654 -0.6152
vn -0.6822 -0.3139 -0.6603
vn -0.6995 -0.3683 -0.6124
vn -0.6624 -0.7491 0.0045
vn -0.6627 -0.7489 0.0049
vn -0.5161 -0.5402 -0.6647
vn 0.7752 -0.6115 -0.1584
vn 0.7510 -0.6602 -0.0107
vn 0.7509 -0.6604 -0.0104
vn 0.7753 -0.6114 -0.1584
vn 0.7012 -0.3912 -0.5961
vn 0.7819 -0.6175 0.0857
vn 0.8020 -0.5591 0.2102
vn 0.6995 -0.3375 0.6299
vn 0.6981 -0.3412 0.6295
vn 0.8020 -0.5590 0.2104
vn 0.5525 -0.4027 -0.7298
vn -0.1623 0.8151 0.5561
vn -0.1007 0.8359 0.5396
vn 0.0547 0.8712 0.4878
vn -0.7984 0.6021 -0.0048
vn -0.7828 0.6038 0.1508
vn -0.7819 0.6063 -0.1453
vn -0.6029 0.4435 0.6633
vn -0.6658 -0.3667 0.6498
vn -0.5972 0.4607 -0.6565
vn -0.4974 -0.5825 0.6428
vn 0.5046 -0.4088 -0.7604
vn 0.5470 -0.3433 -0.7635
vn 0.4177 -0.5236 -0.7426
vn 0.5358 -0.4579 0.7094
vn -0.5885 -0.2101 -0.7807
vn -0.5902 -0.1923 -0.7840
vn -0.5948 -0.2096 0.7761
vn -0.5967 -0.1941 0.7787
vn 0.2479 -0.7400 -0.6253
vn 0.2480 -0.7399 -0.6253
vn -0.1191 -0.6386 0.7603
vn -0.1147 -0.6373 0.7620
vn -0.1191 -0.6386 -0.7603
vn -0.1147 -0.6373 -0.7620
vn -0.7087 -0.6853 0.1677
vn -0.7651 -0.6438 -0.0083
vn -0.7274 -0.6686 -0.1544
vn -0.6937 0.4484 0.5637
vn -0.6025 0.3962 0.6929
vn -0.6025 0.3962 -0.6928
vn -0.6875 0.4635 -0.5591
vn -0.1879 0.7749 0.6035
vn 0.7545 0.6378 0.1551
vn 0.7535 0.6402 -0.1497
vn 0.5682 0.8229 -0.0000
vn 0.4896 0.7995 0.3479
vn 0.5683 0.8228 -0.0000
vn 0.4510 0.7756 0.4416
vn 0.4896 0.7995 -0.3479
vn 0.4510 0.7756 -0.4416
vn -0.7228 -0.6910 -0.0077
vn -0.6644 -0.4545 -0.5933
vn 0.5707 -0.3307 -0.7517
vn -0.1790 0.7317 0.6577
vn -0.7784 -0.5901 0.2140
vn -0.6643 -0.4013 0.6306
vn -0.6696 -0.3889 0.6328
vn 0.0788 -0.6651 -0.7426
vn 0.1586 -0.6134 -0.7737
vn -0.5860 -0.8103 -0.0000
vn -0.5053 -0.8068 0.3061
vn -0.5855 -0.8106 -0.0000
vn -0.4778 -0.7965 0.3706
vn -0.5053 -0.8068 -0.3061
vn -0.4778 -0.7965 -0.3706
vn 0.4564 -0.5720 0.6816
vn 0.7011 -0.3914 -0.5960
vn 0.6622 -0.4105 -0.6269
vn 0.7029 -0.3904 -0.5945
vn 0.5836 -0.1357 -0.8006
vn 0.5844 -0.1053 -0.8046
vn -0.0117 -0.8465 -0.5323
vn -0.0164 -0.8502 -0.5262
vn -0.2658 -0.9565 -0.1204
vn -0.2657 -0.9566 -0.1193
vn 0.5892 -0.1402 0.7957
vn 0.5909 -0.1092 0.7993
vn -0.0114 -0.8468 0.5317
vn -0.0164 -0.8502 0.5262
vn -0.2656 -0.9560 0.1244
vn -0.2655 -0.9562 0.1235
vn -0.3815 -0.9243 0.0133
vn -0.3815 -0.9243 0.0132
vn 0.5556 -0.3913 0.7336
vn 0.6436 0.7654 -0.0000
vn 0.5778 0.7666 0.2803
vn 0.6438 0.7652 -0.0000
vn 0.5579 0.7613 0.3302
vn 0.6979 -0.3415 0.6295
vn 0.6994 -0.3380 0.6298
vn 0.6437 -0.4568 0.6140
vn 0.5778 0.7666 -0.2802
vn 0.5579 0.7614 -0.3302
vn 0.4098 -0.6013 0.6859
vn -0.0811 -0.7088 0.7007
vn 0.4760 -0.5767 0.6639
vn -0.1347 -0.7139 0.6872
vn 0.7662 -0.4056 0.4984
vn -0.7481 0.6470 0.1475
vn -0.7408 0.6717 -0.0008
vn -0.7481 0.6437 0.1611
vn -0.7407 0.6718 -0.0008
vn -0.7481 0.6435 -0.1620
vn -0.7481 0.6469 -0.1479
vn 0.4098 -0.6013 -0.6859
vn -0.0811 -0.7088 -0.7007
vn -0.1347 -0.7139 -0.6872
vn 0.4760 -0.5767 -0.6640
vn 0.7662 -0.4056 -0.4985
vn -0.2673 0.7869 0.5561
vn -0.2090 0.8156 0.5396
vn -0.0595 0.8709 0.4879
vn 0.7917 -0.6109 -0.0083
vn 0.7544 -0.6382 -0.1535
vn 0.7409 -0.6529 -0.1575
vn -0.1349 0.7581 -0.6381
vn -0.3186 -0.7952 0.5159
vn -0.3818 -0.8433 0.3781
vn -0.3186 -0.7952 -0.5159
vn -0.3818 -0.8434 -0.3781
vn -0.7808 0.3269 0.5324
vn -0.7799 0.3955 0.4851
vn -0.7287 0.2297 0.6451
vn -0.7298 0.2203 0.6471
vn -0.5554 -0.4327 -0.7101
vn 0.2673 0.9590 -0.0944
vn 0.0165 0.9494 0.3136
vn -0.0054 0.9406 0.3394
vn 0.2530 0.9628 -0.0952
vn 0.2674 0.9582 0.1022
vn 0.0165 0.9494 -0.3136
vn 0.2531 0.9617 0.1051
vn -0.0053 0.9406 -0.3395
vn -0.7750 0.3795 -0.5053
vn -0.7737 0.4202 -0.4742
vn -0.7255 0.2871 -0.6255
vn -0.7300 0.2635 -0.6307
vn -0.6784 0.4569 -0.5754
vn 0.0753 0.7683 -0.6357
vn 0.0754 0.7683 -0.6357
vn 0.2262 0.7596 -0.6098
vn 0.1992 0.7625 -0.6156
vn 0.4014 0.7253 -0.5594
vn 0.7752 -0.6115 -0.1585
vn 0.7508 -0.6604 -0.0103
vn 0.7753 -0.6114 -0.1585
vn 0.6907 -0.4175 -0.5905
vn 0.6906 -0.4178 -0.5904
vn 0.6400 -0.4655 -0.6113
vn 0.6953 -0.4129 -0.5882
vn -0.0662 0.9926 0.1022
vn -0.2999 0.9009 -0.3136
vn -0.0809 0.9912 0.1051
vn -0.3176 0.8854 -0.3394
vn -0.4057 0.6549 -0.6376
vn -0.4163 0.6451 -0.6407
vn -0.0666 0.9933 -0.0944
vn -0.2999 0.9009 0.3136
vn -0.3176 0.8854 0.3394
vn -0.0813 0.9921 -0.0953
vn -0.4259 0.6381 0.6414
vn -0.4290 0.6351 0.6423
vn 0.7819 -0.6175 0.0856
vn 0.8020 -0.5591 0.2103
vn 0.6931 -0.3588 0.6252
vn 0.6887 -0.3696 0.6238
vn 0.6886 -0.3698 0.6238
vn 0.6930 -0.3590 0.6252
vn 0.6206 -0.5081 0.5973
vn -0.5377 -0.4848 0.6898
vn -0.0839 -0.5922 0.8014
vn -0.1179 -0.5449 0.8302
vn -0.1176 -0.5449 0.8302
vn -0.0312 -0.6605 0.7502
vn -0.6843 0.4420 0.5799
vn -0.2676 0.7681 0.5818
vn -0.6699 -0.4487 -0.5915
vn -0.6074 -0.5105 -0.6087
vn -0.6643 -0.4547 -0.5933
vn 0.1091 0.6163 0.7799
vn 0.0165 0.5920 0.8058
vn 0.1090 0.6164 -0.7799
vn 0.0165 0.5919 -0.8058
vn 0.3161 -0.6600 0.6816
vn -0.7650 -0.6440 -0.0098
vn -0.5999 -0.1301 -0.7894
vn -0.6005 -0.0879 -0.7948
vn -0.5774 -0.3557 -0.7349
vn -0.5871 -0.5505 0.5935
vn -0.6049 -0.1373 0.7844
vn -0.6073 -0.0908 0.7893
vn -0.5612 -0.4139 0.7168
vn -0.7487 -0.6436 -0.1588
vn -0.6818 -0.4137 -0.6033
vn 0.4177 -0.5236 0.7426
vn -0.7564 -0.6484 0.0863
vn -0.7784 -0.5902 0.2139
vn -0.6799 -0.3572 0.6404
vn -0.6804 -0.3560 0.6405
vn -0.7785 -0.5900 0.2141
vn 0.7537 0.6400 -0.1497
vn -0.0202 0.8417 -0.5396
vn -0.0836 0.8269 -0.5561
vn 0.1378 0.8620 -0.4879
vn -0.2513 0.7451 -0.6178
vn -0.2750 0.7245 -0.6320
vn -0.2262 0.7907 -0.5689
vn 0.5169 -0.5120 -0.6860
vn 0.5919 -0.1132 0.7980
vn 0.5931 -0.0741 0.8017
vn 0.5867 -0.1062 -0.8028
vn 0.5865 -0.0700 -0.8069
vn -0.2590 -0.8129 0.5216
vn -0.2590 -0.8129 -0.5216
vn 0.4988 -0.5575 0.6636
vn 0.7916 -0.6109 -0.0097
vn 0.7916 -0.6110 -0.0082
vn -0.1269 0.9919 0.0077
vn -0.1270 0.9919 0.0072
vn 0.0504 -0.5210 0.8521
vn 0.1295 -0.4447 0.8863
vn -0.0581 -0.6133 0.7877
vn 0.0504 -0.5209 -0.8521
vn 0.1296 -0.4446 -0.8863
vn -0.0581 -0.6133 -0.7877
vn 0.1295 -0.4448 -0.8862
vn 0.7753 -0.6113 -0.1585
vn 0.7177 -0.3462 -0.6042
vn -0.6827 -0.4136 -0.6023
vn -0.6446 -0.4250 -0.6355
vn -0.6817 -0.4140 -0.6032
vn 0.7113 -0.2951 0.6379
vn 0.7128 -0.2918 0.6378
vn -0.5130 -0.5474 -0.6612
vn -0.7859 0.5359 0.3086
vn -0.3952 0.6099 0.6869
vn -0.7527 0.5380 0.3794
vn -0.3340 0.6353 0.6963
vn -0.3340 0.6353 -0.6963
vn -0.3952 0.6099 -0.6869
vn -0.7528 0.5379 -0.3795
vn -0.7859 0.5359 -0.3086
vn -0.6255 -0.4712 0.6219
vn 0.1919 -0.9461 0.2610
vn 0.1922 -0.9460 0.2611
vn 0.1919 -0.9461 -0.2610
vn 0.1922 -0.9460 -0.2611
vn 0.7176 -0.3463 -0.6042
vn 0.6967 -0.3048 -0.6494
vn 0.7169 -0.3451 -0.6057
vn 0.5502 -0.4108 -0.7270
vn -0.7820 0.6061 -0.1453
vn -0.4944 -0.5891 0.6392
vn -0.4815 -0.8765 -0.0000
vn -0.4812 -0.8766 -0.0000
vn -0.4853 0.4969 -0.7194
vn 0.7128 -0.2921 0.6377
vn 0.7113 -0.2953 0.6379
vn 0.6809 -0.3571 0.6394
vn 0.5334 -0.4652 0.7064
vn -0.8657 0.5006 -0.0000
vn -0.8656 0.5007 -0.0000
vn -0.3180 -0.6846 0.6559
vn -0.3180 -0.6846 -0.6559
vn 0.7547 -0.6144 0.2301
vn 0.3721 -0.7335 0.5688
vn 0.7174 -0.6248 0.3081
vn 0.3718 -0.7335 0.5689
vn 0.0985 -0.7962 0.5970
vn 0.7174 -0.6247 0.3084
vn 0.1715 -0.7997 0.5753
vn 0.3067 -0.7774 0.5492
vn 0.5083 -0.7109 0.4861
vn 0.2836 -0.8509 0.4423
vn 0.2839 -0.8507 0.4423
vn 0.7175 -0.6247 -0.3080
vn 0.3722 -0.7334 -0.5688
vn 0.7547 -0.6144 -0.2301
vn 0.0984 -0.7960 -0.5972
vn 0.3716 -0.7336 -0.5690
vn 0.0986 -0.7962 -0.5969
vn 0.1714 -0.7998 -0.5753
vn 0.3067 -0.7774 -0.5492
vn 0.5083 -0.7109 -0.4861
vn 0.2836 -0.8508 -0.4423
vn 0.2839 -0.8507 -0.4423
vn -0.4563 -0.8460 -0.2759
vn -0.4939 -0.8489 -0.1883
vn -0.4563 -0.8460 0.2759
vn -0.4939 -0.8489 0.1883
vn 0.2099 0.9777 0.0077
vn 0.2099 0.9777 0.0071
vn 0.8208 -0.5712 -0.0000
vn 0.8209 -0.5710 -0.0000
vn -0.5963 -0.1592 -0.7868
vn -0.5980 -0.1219 -0.7922
vn -0.5580 -0.4242 -0.7132
vn 0.5834 -0.1867 0.7904
vn 0.5839 -0.1810 0.7914
vn -0.7008 -0.3647 -0.6130
vn 0.5769 -0.1875 -0.7950
vn 0.5777 -0.1782 -0.7966
vn -0.7134 -0.6826 -0.1583
vn -0.6968 -0.3028 0.6502
vn -0.6947 -0.3072 0.6504
vn 0.1212 0.7471 0.6536
vn 0.1946 0.7522 0.6296
vn -0.2513 0.7451 0.6178
vn -0.2750 0.7245 0.6320
vn 0.1946 0.7522 -0.6295
vn 0.1212 0.7471 -0.6536
vn -0.7000 -0.3613 -0.6160
vn -0.6848 -0.3050 -0.6619
vn -0.7008 -0.3649 -0.6130
vn -0.2195 0.6187 -0.7544
vn 0.0690 0.7484 -0.6596
vn -0.1992 0.6305 -0.7502
vn 0.0672 -0.9906 -0.1194
vn 0.0740 -0.9972 0.0039
vn 0.0670 -0.9905 -0.1203
vn 0.0740 -0.9973 0.0039
vn 0.0672 -0.9901 0.1235
vn 0.0671 -0.9900 0.1244
vn -0.6686 -0.3583 0.6517
vn -0.3872 -0.8843 -0.2609
vn 0.5685 -0.3401 -0.7491
vn 0.5533 -0.4001 0.7306
vn -0.2090 0.8156 -0.5396
vn -0.2673 0.7869 -0.5561
vn -0.0595 0.8709 -0.4879
vn -0.4910 0.5891 -0.6418
vn -0.5250 0.5427 -0.6556
vn -0.4474 0.5528 0.7030
vn -0.4853 0.4969 0.7194
vn 0.2375 0.8496 0.4709
vn 0.4275 0.9040 -0.0000
vn 0.4273 0.9041 -0.0000
vn 0.3428 0.9002 0.2687
vn 0.2374 0.8497 -0.4708
vn 0.3429 0.9001 -0.2686
vn 0.7024 -0.3881 -0.5967
vn 0.7003 -0.3350 0.6303
vn 0.6992 -0.3377 0.6302
vn 0.0644 0.6089 0.7906
vn -0.2082 0.4757 0.8546
vn -0.2681 0.4397 0.8572
vn 0.0569 0.6059 0.7935
vn 0.2474 0.6690 0.7009
vn -0.3713 0.6821 -0.6300
vn -0.4026 0.6515 -0.6431
vn -0.1624 0.8151 -0.5561
vn -0.1007 0.8359 -0.5396
vn 0.0547 0.8712 -0.4878
vn 0.0643 0.6089 -0.7907
vn 0.0569 0.6059 -0.7935
vn 0.2474 0.6690 -0.7009
vn -0.2083 0.4757 -0.8546
vn -0.2681 0.4397 -0.8572
vn 0.2728 -0.8181 0.5063
vn 0.2729 -0.8180 0.5064
vn 0.2727 -0.8181 -0.5063
vn 0.2729 -0.8180 -0.5064
vn -0.3873 -0.8843 0.2607
vn -0.3059 -0.8502 0.4285
vn 0.0538 -0.6770 0.7340
vn -0.5963 -0.2004 0.7774
vn -0.5986 -0.1790 0.7808
vn -0.5902 -0.1998 -0.7821
vn -0.7810 0.6064 -0.1494
vn -0.5921 -0.1768 -0.7862
vn 0.5154 0.7164 0.4703
vn 0.5155 0.7164 -0.4703
vn -0.2610 -0.9653 0.0038
vn -0.2615 -0.9652 0.0039
vn 0.7022 -0.3883 -0.5967
vn 0.6648 -0.4037 -0.6286
vn 0.7039 -0.3876 -0.5952
vn -0.2452 0.6052 0.7574
vn -0.2186 0.6216 0.7522
vn 0.0151 0.7347 0.6782
vn 0.6991 -0.3381 0.6301
vn 0.7002 -0.3354 0.6303
vn 0.6464 -0.4504 0.6158
vn -0.5595 -0.8288 -0.0000
vn -0.5594 -0.8289 -0.0000
vn -0.5405 -0.4771 0.6930
vn -0.3151 -0.7254 0.6120
vn -0.3151 -0.7254 -0.6120
vn 0.6094 0.1955 -0.7683
vn 0.5466 0.5037 -0.6690
vn 0.6108 0.1809 -0.7708
vn 0.6204 0.1655 0.7666
vn 0.6229 0.1379 0.7701
vn 0.5535 0.4865 0.6760
vn 0.5889 -0.1433 0.7954
vn 0.5905 -0.1138 0.7990
vn 0.5832 -0.1394 -0.8003
vn 0.5840 -0.1098 -0.8043
vn 0.7536 0.6401 -0.1497
vn -0.6697 -0.4423 -0.5966
vn -0.6690 -0.3884 0.6337
vn -0.6727 -0.3797 0.6350
vn -0.1893 0.6819 0.7065
vn -0.0800 0.7212 0.6881
vn 0.2507 0.7774 0.5769
vn -0.1893 0.6819 -0.7065
vn 0.2508 0.7774 -0.5769
vn -0.0800 0.7212 -0.6881
vn 0.5069 -0.5378 -0.6736
vn 0.6627 -0.3055 -0.6837
vn 0.6668 -0.3553 -0.6551
vn 0.6928 -0.6432 -0.3261
vn 0.6957 -0.6566 -0.2913
vn 0.6664 -0.3708 0.6469
vn 0.6918 -0.6419 0.3307
vn 0.6636 -0.3317 0.6705
vn 0.6948 -0.6555 0.2960
vn 0.2706 -0.8025 -0.5318
vn 0.6032 -0.2348 -0.7622
vn 0.5994 -0.2404 -0.7635
vn 0.2670 -0.8073 -0.5262
vn -0.4910 0.5890 0.6418
vn -0.5250 0.5427 0.6556
vn 0.4887 -0.5807 0.6511
vn -0.4764 -0.8792 -0.0000
vn -0.3060 -0.8501 -0.4286
vn -0.3874 -0.8843 -0.2605
vn 0.5938 -0.2517 0.7642
vn 0.2705 -0.8025 0.5318
vn 0.5839 -0.2658 0.7671
vn 0.2671 -0.8073 0.5262
vn -0.6736 -0.4389 -0.5947
vn -0.6187 -0.4862 -0.6171
vn -0.6695 -0.4426 -0.5965
vn -0.5987 -0.5281 0.6023
vn -0.0067 0.7535 0.6574
vn -0.0069 0.7535 0.6574
vn -0.1629 0.7519 -0.6389
vn -0.1378 0.7619 -0.6329
vn 0.0979 0.8268 -0.5540
vn 0.7916 -0.6109 -0.0082
vn 0.7543 -0.6387 0.1519
vn 0.7002 -0.7140 0.0046
vn 0.7001 -0.7140 0.0049
vn 0.7509 -0.6603 -0.0105
vn 0.7753 -0.6113 -0.1586
vn 0.6921 -0.4142 -0.5911
vn -0.3787 0.6334 0.6748
vn -0.3989 0.6149 0.6803
vn -0.3788 0.6334 -0.6748
vn -0.3989 0.6149 -0.6802
vn -0.0277 0.7782 0.6274
vn -0.2896 0.7169 0.6342
vn -0.1856 0.7673 0.6139
vn -0.0327 0.8080 0.5882
vn -0.1855 0.7674 0.6138
vn -0.2896 0.7170 0.6341
vn -0.5234 -0.5224 -0.6732
vn -0.2898 0.7168 -0.6342
vn -0.0275 0.7783 -0.6273
vn -0.1855 0.7673 -0.6138
vn -0.0327 0.8080 -0.5882
vn 0.6939 -0.3563 0.6257
vn 0.6899 -0.3661 0.6245
vn 0.8021 -0.5590 0.2104
vn 0.6898 -0.3663 0.6245
vn 0.6939 -0.3565 0.6257
vn 0.6236 -0.5019 0.5994
vn 0.6920 -0.4144 -0.5911
vn 0.6429 -0.4588 -0.6133
vn 0.6964 -0.4102 -0.5889
vn -0.7222 0.4505 0.5248
vn -0.8030 0.4545 0.3855
vn -0.5047 -0.5665 0.6514
vn -0.7222 0.4505 -0.5248
vn -0.8031 0.4545 -0.3854
vn 0.6179 0.2191 -0.7551
vn 0.5568 0.5127 -0.6535
vn 0.6183 0.2150 -0.7560
vn -0.3714 0.6821 0.6300
vn -0.4025 0.6515 0.6431
vn -0.7829 0.6037 0.1506
vn 0.6300 0.1872 0.7537
vn 0.6315 0.1703 0.7564
vn 0.5642 0.4953 0.6606
vn 0.4966 0.8680 -0.0000
vn 0.3382 0.8732 -0.3509
vn 0.4965 0.8680 -0.0000
vn 0.3381 0.8733 -0.3509
vn 0.4966 0.8680 0.0002
vn 0.3984 0.8866 -0.2350
vn 0.3983 0.8866 0.2352
vn 0.3381 0.8732 0.3509
vn 0.5477 -0.4195 -0.7239
vn 0.1982 0.8298 0.5216
vn 0.5307 -0.4733 0.7031
vn 0.1982 0.8298 -0.5216
vn -0.1767 0.7473 0.6406
vn 0.0538 0.8216 0.5676
vn -0.1626 0.7534 0.6372
vn 0.1669 0.7197 0.6739
vn -0.3642 0.6300 0.6859
vn 0.2151 0.7225 0.6570
vn -0.4320 0.6103 0.6640
vn -0.7341 0.4611 0.4984
vn -0.3445 -0.7443 -0.5721
vn -0.3462 -0.7447 -0.5706
vn -0.6275 -0.7513 -0.2043
vn -0.6282 -0.7516 -0.2011
vn 0.1669 0.7197 -0.6739
vn -0.3642 0.6300 -0.6859
vn -0.4320 0.6104 -0.6639
vn 0.2151 0.7225 -0.6570
vn -0.7341 0.4611 -0.4984
vn -0.0470 0.6584 0.7512
vn -0.3393 0.4639 0.8183
vn -0.3751 0.4430 0.8143
vn -0.0793 0.6298 0.7727
vn 0.0638 0.7445 0.6646
vn -0.2700 0.4739 -0.8382
vn -0.0470 0.6584 -0.7512
vn -0.2991 0.4510 -0.8409
vn -0.0794 0.6298 -0.7727
vn 0.0638 0.7445 -0.6646
vn 0.3982 0.8866 -0.2354
vn -0.7651 -0.6439 -0.0098
vn -0.7651 -0.6438 -0.0084
vn -0.6004 -0.1261 -0.7897
vn -0.6008 -0.0837 -0.7950
vn -0.5797 -0.3465 -0.7375
vn -0.6054 -0.1338 0.7846
vn -0.6076 -0.0866 0.7895
vn -0.5637 -0.4054 0.7196
vn -0.0271 0.7783 0.6273
vn -0.4055 0.5613 0.7215
vn -0.0932 0.6724 0.7343
vn -0.6817 -0.4167 -0.6014
vn -0.6417 -0.4323 -0.6335
vn -0.6803 -0.4173 -0.6025
vn -0.0932 0.6724 -0.7343
vn -0.4055 0.5613 -0.7215
vn 0.5931 -0.0992 0.7990
vn 0.5939 -0.0571 0.8025
vn 0.7545 0.6377 0.1550
vn 0.5881 -0.0909 -0.8037
vn 0.5872 -0.0533 -0.8077
vn 0.7284 0.4570 -0.5105
vn -0.6804 -0.4171 -0.6026
vn -0.6795 -0.3589 0.6399
vn -0.6787 -0.3608 0.6397
vn -0.6224 -0.4780 0.6197
vn 0.7006 -0.7135 0.0104
vn 0.6839 -0.6897 0.2378
vn 0.6846 -0.6909 0.2326
vn 0.7001 -0.7139 0.0124
vn 0.6859 -0.6918 -0.2258
vn 0.6864 -0.6932 -0.2199
vn 0.7182 -0.3807 -0.5824
vn 0.7202 -0.4079 -0.5612
vn 0.7216 -0.3346 -0.6061
vn 0.7047 -0.2746 -0.6542
vn 0.7208 -0.3315 -0.6087
vn 0.7173 -0.4239 0.5530
vn 0.7163 -0.4079 0.5661
vn 0.7163 -0.2790 0.6396
vn 0.7145 -0.2825 0.6401
vn 0.6899 -0.3284 0.6452
vn -0.3777 0.4850 0.7887
vn -0.3725 0.4859 0.7907
vn -0.5783 0.4336 0.6911
vn -0.3776 0.4850 -0.7888
vn -0.3726 0.4858 -0.7907
vn -0.5783 0.4336 -0.6911
vn 0.6191 0.2131 -0.7558
vn 0.5632 0.4979 -0.6595
vn 0.6198 0.2059 -0.7573
vn 0.6211 0.2084 0.7555
vn 0.6220 0.2000 0.7571
vn 0.5632 0.4978 0.6595
vn 0.5765 -0.3039 -0.7585
vn 0.7509 -0.6604 -0.0103
vn 0.7217 -0.3345 -0.6060
vn 0.5621 -0.3664 0.7414
vn 0.7145 -0.2823 0.6401
vn 0.7163 -0.2788 0.6397
vn 0.6114 0.2053 -0.7642
vn 0.5179 0.5675 -0.6401
vn 0.6121 0.2000 -0.7651
vn -0.7828 0.6037 0.1506
vn -0.6021 -0.1609 0.7821
vn -0.6049 -0.1208 0.7871
vn 0.2190 0.9706 0.0998
vn 0.2202 0.9753 -0.0198
vn 0.2202 0.9752 -0.0215
vn 0.2190 0.9705 0.1007
vn 0.2228 0.9683 -0.1127
vn 0.2229 0.9683 -0.1130
vn 0.7117 0.6843 0.1590
vn 0.7028 0.7114 -0.0008
vn 0.7115 0.6875 0.1451
vn 0.7026 0.7115 -0.0009
vn 0.7117 0.6841 -0.1599
vn 0.7114 0.6875 -0.1456
vn 0.6084 0.2009 0.7678
vn 0.6095 0.1892 0.7699
vn 0.5407 0.5175 0.6632
vn 0.6742 -0.3183 0.6665
vn 0.7046 -0.6329 0.3210
vn 0.6706 -0.2668 0.6922
vn 0.7063 -0.6450 0.2919
vn 0.6812 -0.2839 -0.6748
vn 0.6856 -0.3358 -0.6459
vn 0.7041 -0.6464 -0.2939
vn 0.7052 -0.6550 -0.2716
vn -0.5596 0.3522 0.7502
vn -0.5605 0.3489 0.7511
vn -0.5596 0.3522 -0.7502
vn -0.5605 0.3489 -0.7511
vn 0.7162 0.3271 -0.6165
vn 0.7229 0.3011 -0.6219
vn 0.6586 0.4917 -0.5696
vn -0.6958 -0.3747 -0.6128
vn -0.6760 -0.3349 -0.6564
vn -0.6965 -0.3764 -0.6109
vn -0.6913 -0.3197 0.6480
vn -0.6931 -0.3156 0.6481
vn -0.6589 -0.3866 0.6453
vn 0.5837 -0.1840 0.7908
vn 0.5844 -0.1763 0.7921
vn -0.3373 0.6225 0.7062
vn -0.1764 0.7349 0.6548
vn 0.1008 0.8522 0.5133
vn -0.3373 0.6225 -0.7062
vn 0.1008 0.8522 -0.5134
vn -0.1765 0.7348 -0.6549
vn -0.4433 0.5716 0.6905
vn -0.7651 -0.6439 -0.0083
vn -0.4433 0.5716 -0.6905
vn -0.5967 -0.1559 -0.7871
vn -0.5983 -0.1178 -0.7926
vn -0.5604 -0.4164 -0.7159
vn 0.5773 -0.1846 -0.7954
vn 0.5781 -0.1736 -0.7973
vn 0.7677 0.3707 0.5227
vn 0.7621 0.4380 0.4768
vn 0.7234 0.2713 0.6349
vn 0.7257 0.2588 0.6375
vn 0.6656 0.4771 0.5739
vn -0.5430 -0.4699 0.6959
vn 0.7584 0.4222 -0.4965
vn 0.7543 0.4619 -0.4665
vn -0.5992 -0.0518 0.7989
vn -0.5971 -0.1001 0.7959
vn 0.4917 -0.5740 0.6548
vn -0.6966 -0.3761 -0.6109
vn -0.5992 -0.0518 -0.7989
vn -0.5970 -0.1001 -0.7959
vn 0.5098 -0.5304 -0.6773
vn 0.7000 -0.7142 -0.0016
vn 0.7000 -0.7142 -0.0017
vn 0.7036 -0.3849 -0.5973
vn 0.6675 -0.3962 -0.6305
vn 0.7049 -0.3845 -0.5960
vn 0.7001 -0.3345 0.6308
vn 0.7010 -0.3325 0.6309
vn 0.6493 -0.4434 0.6179
vn 0.6858 0.7252 0.0618
vn 0.7026 0.7116 -0.0019
vn 0.6852 0.7257 0.0629
vn 0.7026 0.7115 -0.0022
vn 0.6858 0.7250 -0.0643
vn 0.6853 0.7253 -0.0650
vn 0.7037 -0.3847 -0.5973
vn 0.7012 -0.3320 0.6310
vn 0.7003 -0.3340 0.6309
vn 0.7131 -0.4450 -0.5417
vn 0.7135 -0.4512 -0.5360
vn 0.6898 -0.7106 -0.1386
vn 0.6898 -0.7107 -0.1384
vn -0.6719 -0.3822 0.6344
vn -0.6678 -0.3918 0.6329
vn -0.5956 -0.5341 0.6000
vn -0.6726 -0.4416 -0.5938
vn -0.6157 -0.4927 -0.6149
vn -0.6682 -0.4458 -0.5957
vn -0.6239 0.2617 0.7364
vn -0.6016 -0.2666 0.7530
vn -0.6238 0.2617 0.7364
vn -0.6001 -0.2735 0.7517
vn -0.6016 -0.2667 0.7530
vn 0.7189 -0.4460 0.5332
vn 0.6883 -0.7134 0.1320
vn 0.7181 -0.4361 0.5423
vn 0.6884 -0.7134 0.1313
vn -0.6239 0.2617 -0.7364
vn -0.6016 -0.2666 -0.7530
vn -0.6001 -0.2735 -0.7517
vn 0.7804 0.4793 -0.4016
vn 0.7781 0.4928 -0.3894
vn 0.7333 0.3026 -0.6088
vn 0.7390 0.2778 -0.6137
vn 0.6672 0.4986 -0.5534
vn 0.6978 -0.7163 0.0042
vn 0.6978 -0.7163 0.0039
vn -0.6705 0.3017 -0.6778
vn -0.6916 0.2941 -0.6597
vn -0.9485 0.1984 -0.2471
vn -0.9424 0.1999 -0.2682
vn 0.7933 0.4404 0.4203
vn 0.7916 0.4524 0.4108
vn 0.7403 0.2420 0.6272
vn 0.7411 0.2369 0.6282
vn 0.6745 0.4838 0.5576
vn 0.5739 -0.3337 0.7478
vn 0.4910 -0.5070 0.7084
vn 0.5771 -0.3246 0.7494
vn 0.5144 -0.4560 0.7263
vn 0.4910 -0.5071 -0.7084
vn 0.5740 -0.3336 -0.7478
vn 0.5770 -0.3246 -0.7494
vn 0.5144 -0.4560 -0.7262
vn -0.6130 0.3845 0.6902
vn -0.6138 0.3822 0.6908
vn -0.1188 0.8193 -0.5610
vn 0.1290 0.9399 -0.3162
vn 0.1707 0.9560 -0.2384
vn -0.4663 0.5244 -0.7125
vn -0.1838 -0.9619 0.2024
vn -0.1839 -0.9619 0.2024
vn -0.1840 -0.9619 0.2024
vn -0.1836 -0.9619 0.2024
vn -0.6130 0.3845 -0.6902
vn -0.6137 0.3822 -0.6908
vn -0.1839 -0.9619 -0.2024
vn -0.1840 -0.9619 -0.2024
vn -0.1836 -0.9619 -0.2025
vn -0.0394 0.7055 0.7076
vn -0.1751 0.6859 0.7063
vn -0.2939 0.6641 0.6875
vn -0.5978 0.5510 0.5822
vn -0.3993 0.6557 0.6408
vn -0.1751 0.6859 -0.7063
vn -0.2937 0.6639 -0.6877
vn -0.5978 0.5510 -0.5822
vn -0.0395 0.7056 -0.7075
vn -0.3993 0.6557 -0.6408
vn -0.7441 0.2763 0.6082
vn -0.7509 0.2734 0.6011
vn -0.9512 0.1913 0.2422
vn -0.9453 0.1922 0.2637
vn -0.5725 -0.8103 -0.1253
vn -0.5835 -0.8121 0.0041
vn -0.5726 -0.8103 -0.1246
vn -0.5834 -0.8122 0.0040
vn -0.5724 -0.8098 0.1288
vn -0.5722 -0.8098 0.1297
vn -0.6683 -0.4455 -0.5957
vn -0.7564 -0.6483 0.0864
vn -0.7785 -0.5900 0.2139
vn -0.4993 0.4728 0.7260
vn -0.1874 0.7444 0.6409
vn 0.0629 0.9104 0.4089
vn 0.1420 0.9492 0.2807
vn 0.6668 0.2952 0.6843
vn 0.5920 0.4262 0.6840
vn 0.6732 0.2824 0.6834
vn 0.6664 0.2983 -0.6833
vn 0.6728 0.2856 -0.6825
vn 0.5920 0.4262 -0.6840
vn 0.7109 0.6952 0.1062
vn 0.7026 0.7116 0.0003
vn 0.7118 0.6910 0.1257
vn 0.7025 0.7117 0.0003
vn 0.7114 0.6972 -0.0881
vn 0.7145 0.6876 -0.1295
vn -0.6657 -0.0330 0.7455
vn -0.6618 -0.1130 0.7411
vn -0.6657 -0.0330 -0.7455
vn -0.6618 -0.1130 -0.7411
vn -0.9115 0.4113 -0.0000
vn -0.7886 0.5887 -0.1779
vn -0.5188 0.6596 -0.5438
vn -0.5248 0.6590 -0.5388
vn -0.7887 0.5886 -0.1774
vn -0.6405 -0.5407 -0.5453
vn -0.6397 -0.5536 -0.5333
vn -0.6274 0.1117 -0.7707
vn -0.6262 0.0947 -0.7739
vn 0.6909 -0.3656 0.6237
vn 0.6851 -0.3795 0.6217
vn 0.6851 -0.3796 0.6217
vn 0.6909 -0.3658 0.6236
vn 0.6123 -0.5250 0.5911
vn 0.6870 -0.4267 -0.5882
vn 0.6868 -0.4270 -0.5882
vn 0.6320 -0.4837 -0.6055
vn 0.6928 -0.4202 -0.5860
vn -0.6406 -0.5403 0.5456
vn -0.6397 -0.5536 0.5333
vn -0.6278 0.0926 0.7729
vn -0.6254 0.0673 0.7774
vn 0.6395 0.1068 0.7613
vn 0.6395 0.1068 -0.7613
vn 0.4911 -0.5071 -0.7083
vn -0.6786 -0.3616 0.6393
vn -0.6776 -0.3641 0.6390
vn -0.6197 -0.4842 0.6177
vn -0.6806 -0.4195 -0.6006
vn -0.6391 -0.4390 -0.6316
vn -0.6791 -0.4203 -0.6018
vn -0.5579 0.4817 0.6758
vn -0.5555 0.4845 0.6758
vn -0.5579 0.4817 -0.6758
vn -0.5555 0.4846 -0.6757
vn 0.5046 -0.4088 0.7604
vn 0.6496 -0.0113 0.7602
vn 0.6290 -0.1318 0.7662
vn 0.6492 -0.0124 0.7605
vn 0.6960 0.7180 0.0077
vn 0.6573 0.7455 0.1102
vn 0.6450 0.7564 0.1086
vn 0.6960 0.7180 0.0071
vn 0.6496 -0.0113 -0.7602
vn 0.6492 -0.0124 -0.7605
vn 0.6289 -0.1318 -0.7662
vn 0.6571 0.7460 -0.1084
vn 0.6419 0.7586 -0.1122
vn 0.7417 0.0158 0.6705
vn -0.7877 0.5884 0.1825
vn -0.5423 0.6533 0.5283
vn -0.7878 0.5883 0.1824
vn -0.5395 0.6536 0.5308
vn -0.6504 -0.7595 0.0047
vn -0.6265 -0.7509 0.2090
vn -0.6502 -0.7597 0.0043
vn -0.6273 -0.7510 0.2061
vn -0.3624 -0.7436 0.5619
vn -0.3688 -0.7445 0.5566
vn 0.7492 0.4740 -0.4626
vn 0.7486 0.4880 -0.4489
vn 0.7145 0.6875 -0.1298
vn 0.7486 0.4879 -0.4490
vn 0.7492 0.4738 -0.4628
vn -0.6030 0.4171 0.6800
vn 0.7496 0.4904 0.4446
vn 0.7497 0.4886 0.4464
vn -0.6030 0.4171 -0.6800
vn 0.7569 0.0659 -0.6502
vn -0.6139 0.4287 -0.6628
vn -0.6245 0.3803 0.6822
vn -0.9831 0.1822 0.0199
vn -0.9831 0.1822 0.0178
vn 0.5047 -0.4087 -0.7604
vn -0.6806 0.2855 0.6747
vn -0.6621 -0.2801 0.6951
vn -0.6589 -0.2930 0.6929
vn -0.6806 0.2855 -0.6747
vn -0.6620 -0.2801 -0.6952
vn -0.6588 -0.2929 -0.6930
vn 0.7152 -0.2829 0.6391
vn 0.7135 -0.2864 0.6394
vn 0.6873 -0.3369 0.6435
vn 0.7204 -0.3381 -0.6055
vn 0.7024 -0.2836 -0.6529
vn 0.7197 -0.3354 -0.6079
vn -0.5204 0.4042 -0.7522
vn -0.3086 0.7139 -0.6285
vn -0.5151 0.4149 -0.7500
vn -0.7488 -0.6435 -0.1589
vn -0.6792 -0.4202 -0.6018
vn -0.7564 -0.6483 0.0865
vn 0.7299 0.2685 0.6286
vn 0.6928 0.4147 0.5900
vn 0.7313 0.2610 0.6302
vn 0.7855 0.5249 -0.3278
vn 0.7801 0.5484 -0.3012
vn 0.7252 0.2640 -0.6359
vn 0.7270 0.2544 -0.6378
vn 0.6713 0.4647 -0.5774
vn 0.7656 0.5871 0.2629
vn 0.7754 0.5520 0.3067
vn -0.5213 0.3941 0.7569
vn -0.5138 0.4097 0.7537
vn -0.3465 0.6755 0.6509
vn 0.7752 -0.6115 -0.1583
vn 0.7205 -0.3379 -0.6055
vn 0.7136 -0.2861 0.6395
vn 0.7153 -0.2826 0.6391
vn 0.6573 0.1266 0.7429
vn 0.5585 0.5605 0.6115
vn 0.6538 0.1729 0.7367
vn 0.6573 0.1266 -0.7429
vn 0.6537 0.1727 -0.7368
vn 0.5585 0.5605 -0.6115
vn -0.3809 0.7756 0.5033
vn -0.7137 0.6581 0.2398
vn -0.7342 0.6531 0.1855
vn -0.1330 0.8124 0.5678
vn -0.1118 0.8103 0.5753
vn -0.2483 0.7979 0.5492
vn -0.4544 0.7465 0.4861
vn -0.7137 0.6582 -0.2397
vn -0.3809 0.7756 -0.5033
vn -0.7342 0.6531 -0.1855
vn -0.1330 0.8124 -0.5677
vn -0.1118 0.8102 -0.5753
vn -0.2483 0.7979 -0.5492
vn -0.4544 0.7465 -0.4861
vn -0.0390 0.7056 -0.7075
vn -0.3996 0.6558 -0.6405
vn -0.7803 0.5781 -0.2385
vn -0.7353 0.5835 0.3448
vn -0.7804 0.5780 0.2385
vn -0.3996 0.6557 0.6406
vn 0.7260 -0.2736 0.6309
vn 0.8129 -0.0917 0.5752
vn 0.7223 -0.2799 0.6324
vn 0.9486 -0.0857 0.3046
vn 0.9355 -0.1111 0.3354
vn 0.7375 -0.2499 -0.6274
vn 0.7290 -0.2653 -0.6310
vn 0.8250 -0.0459 -0.5632
vn 0.9486 -0.0857 -0.3046
vn 0.9355 -0.1111 -0.3353
vn 0.6545 0.1576 0.7395
vn 0.5659 0.5533 0.6112
vn 0.6519 0.1884 0.7345
vn -0.3950 -0.8276 0.3988
vn -0.3951 -0.8276 0.3988
vn -0.3950 -0.8276 -0.3988
vn -0.3950 -0.8276 -0.3987
vn -0.3951 -0.8276 -0.3988
vn 0.6545 0.1576 -0.7395
vn 0.6519 0.1886 -0.7345
vn 0.5659 0.5533 -0.6112
vn -0.8321 0.5546 -0.0000
vn -0.7354 0.5835 -0.3445
vn -0.7806 0.5779 -0.2381
vn -0.7354 0.5835 0.3445
vn -0.7806 0.5779 0.2381
vn -0.6183 0.4036 0.6744
vn 0.6591 -0.3618 0.6593
vn 0.6914 -0.6106 0.3862
vn 0.6593 -0.3411 0.6700
vn 0.6977 -0.6335 0.3346
vn 0.6977 -0.6335 -0.3346
vn 0.6592 -0.3617 -0.6593
vn 0.6914 -0.6106 -0.3862
vn 0.6593 -0.3411 -0.6700
vn -0.6183 0.4036 -0.6744
vn -0.8465 0.4177 0.3300
vn -0.7561 0.6465 -0.1018
vn -0.7652 0.6356 -0.1027
vn -0.8467 0.4097 0.3394
vn -0.7552 0.6462 0.1102
vn -0.8465 0.4177 -0.3300
vn -0.7641 0.6350 0.1133
vn -0.8468 0.4097 -0.3393
vn -0.7283 0.1578 -0.6668
vn -0.7285 0.1501 -0.6684
vn -0.7301 0.1329 0.6703
vn -0.7301 0.1334 0.6702
vn -0.7070 0.3739 -0.6003
vn 0.6224 -0.2286 0.7486
vn 0.6187 -0.1676 0.7675
vn 0.5865 0.2403 0.7735
vn 0.5883 0.2180 0.7787
vn 0.5436 0.4896 0.6818
vn 0.5865 0.2402 -0.7735
vn 0.6187 -0.1676 -0.7675
vn 0.6224 -0.2286 -0.7486
vn 0.5883 0.2179 -0.7787
vn 0.5436 0.4896 -0.6818
vn -0.6043 -0.6515 0.4586
vn -0.7184 0.3288 0.6130
vn -0.6043 -0.6515 -0.4586
vn 0.6669 -0.3566 0.6543
vn 0.6947 -0.6139 0.3749
vn 0.6668 -0.3300 0.6682
vn 0.7013 -0.6367 0.3206
vn 0.7012 -0.6368 -0.3206
vn 0.6669 -0.3566 -0.6543
vn 0.6947 -0.6139 -0.3749
vn 0.6668 -0.3300 -0.6682
vn 0.6977 -0.5648 0.4407
vn 0.7073 -0.6020 0.3707
vn 0.6977 -0.5648 -0.4407
vn 0.7073 -0.6019 -0.3707
vn 0.7101 -0.7041 -0.0000
vn 0.7102 -0.7040 -0.0000
vn 0.6373 0.0939 0.7649
vn 0.5535 0.5109 0.6577
vn 0.6341 0.1411 0.7603
vn 0.6373 0.0938 -0.7649
vn 0.6340 0.1410 -0.7603
vn 0.5535 0.5109 -0.6577
vn -0.7974 0.6034 0.0082
vn -0.7974 0.6034 0.0075
vn 0.9821 0.1630 -0.0939
vn 0.9844 0.1480 -0.0948
vn 0.9813 0.1632 0.1016
vn 0.9834 0.1483 0.1045
vn 0.9947 0.1026 0.0076
vn 0.9947 0.1027 0.0070
vn -0.7765 0.6301 -0.0000
vn -0.6655 0.3548 0.6567
vn -0.6655 0.3548 0.6566
vn -0.6655 0.3548 -0.6566
vn -0.6655 0.3548 -0.6567
vn -0.3932 0.9194 0.0078
vn -0.3480 0.9309 0.1110
vn -0.3932 0.9194 0.0072
vn -0.3330 0.9366 0.1093
vn -0.3292 0.9375 -0.1131
vn -0.3477 0.9312 -0.1092
vn 0.7139 -0.7002 -0.0000
vn 0.7138 -0.7004 -0.0000
vn 0.6898 0.0860 0.7189
vn 0.6075 0.5127 0.6067
vn 0.6871 0.1416 0.7127
vn 0.7050 0.7092 -0.0000
vn 0.6968 0.6864 0.2082
vn 0.6954 0.6802 0.2318
vn 0.6898 0.0860 -0.7189
vn 0.6870 0.1415 -0.7127
vn 0.6075 0.5127 -0.6067
vn 0.6967 0.6864 -0.2084
vn 0.6953 0.6803 -0.2318
vn 0.7140 0.5265 0.4616
vn 0.7156 0.5055 0.4821
vn 0.6896 0.3525 0.6326
vn 0.6868 0.3603 0.6313
vn 0.6599 0.4277 0.6177
vn 0.6571 0.2408 0.7143
vn 0.6603 0.2191 0.7183
vn 0.6100 0.4385 0.6600
vn 0.7140 0.5265 -0.4615
vn 0.7156 0.5055 -0.4821
vn 0.6896 0.3525 -0.6326
vn 0.6599 0.4277 -0.6177
vn 0.6868 0.3603 -0.6313
vn 0.6571 0.2408 -0.7143
vn 0.6100 0.4385 -0.6600
vn 0.6604 0.2191 -0.7183
vn 0.6763 -0.3763 0.6333
vn 0.6916 -0.6273 0.3579
vn 0.6770 -0.3641 0.6396
vn 0.6955 -0.6462 0.3142
vn 0.6955 -0.6462 -0.3143
vn 0.6763 -0.3763 -0.6333
vn 0.6916 -0.6273 -0.3579
vn 0.6770 -0.3641 -0.6396
vn 0.6397 -0.3796 0.6683
vn 0.6760 -0.6227 0.3939
vn 0.6399 -0.3539 0.6821
vn 0.6839 -0.6479 0.3355
vn 0.6839 -0.6479 -0.3355
vn 0.6398 -0.3796 -0.6683
vn 0.6760 -0.6227 -0.3939
vn 0.6399 -0.3539 -0.6821
vn 0.6903 0.6870 0.2272
vn 0.7126 0.5241 0.4664
vn 0.7146 0.4912 0.4980
vn 0.6918 0.6933 0.2019
vn 0.6919 0.6932 -0.2019
vn 0.6903 0.6870 -0.2271
vn 0.7126 0.5241 -0.4663
vn 0.7146 0.4912 -0.4980
vn 0.6872 0.3026 0.6604
vn 0.6878 0.3010 0.6605
vn 0.6734 0.3401 0.6564
vn 0.6872 0.3026 -0.6604
vn 0.6878 0.3010 -0.6605
vn 0.6734 0.3401 -0.6564
vn 0.7109 -0.7033 -0.0000
vn 0.7107 -0.7035 -0.0000
vn -0.5787 0.4958 -0.6476
vn -0.5753 0.5014 -0.6462
vn -0.4533 0.6737 -0.5836
vn 0.7008 0.7133 -0.0000
vn 0.7009 0.7132 -0.0000
vn 0.7002 0.1967 0.6863
vn 0.7134 0.3877 0.5838
vn 0.7002 0.1967 -0.6863
vn 0.7134 0.3877 -0.5837
vn -0.8036 0.5951 0.0043
vn -0.8038 0.5949 0.0048
vn 0.7010 -0.7131 -0.0000
vn 0.7009 -0.7133 -0.0000
vn 0.7070 0.7072 -0.0000
vn 0.7144 0.6531 0.2511
vn 0.7142 0.6172 0.3302
vn 0.7069 0.7073 -0.0000
vn 0.7144 0.6531 -0.2512
vn 0.7142 0.6172 -0.3301
vn 0.7095 0.3708 0.5993
vn 0.7023 0.3903 0.5954
vn 0.6624 0.4834 0.5723
vn 0.7095 0.3708 -0.5993
vn 0.6624 0.4834 -0.5723
vn 0.7022 0.3904 -0.5954
vn 0.6982 -0.7159 -0.0000
vn -0.5041 0.8203 0.2701
vn -0.5230 0.7940 0.3099
vn -0.5777 0.5084 0.6386
vn -0.5806 0.5036 0.6398
vn -0.4907 0.6344 0.5973
vn -0.5316 0.7882 -0.3101
vn -0.5421 0.7721 -0.3318
vn -0.8327 -0.1591 -0.5304
vn -0.8998 -0.4149 -0.1350
vn -0.8999 -0.4149 -0.1341
vn -0.8328 -0.1593 -0.5302
vn 0.7013 0.3588 0.6160
vn 0.6959 0.3723 0.6141
vn 0.6652 0.4418 0.6019
vn 0.7013 0.3588 -0.6160
vn 0.6652 0.4418 -0.6018
vn 0.6959 0.3723 -0.6141
vn -0.8993 -0.4180 0.1283
vn -0.8344 -0.1483 0.5308
vn -0.8995 -0.4179 0.1272
vn -0.8359 -0.1522 0.5274
vn 0.7135 0.7006 -0.0000
vn 0.7076 0.6801 -0.1919
vn 0.7070 0.6750 -0.2109
vn 0.7076 0.6801 0.1919
vn 0.7070 0.6750 0.2109
vn -0.7737 0.3617 -0.5202
vn -0.9773 0.1765 -0.1170
vn -0.9775 0.1766 -0.1156
vn -0.7733 0.3619 -0.5206
vn -0.9768 0.1765 0.1210
vn -0.7736 0.3617 0.5203
vn -0.9770 0.1767 0.1196
vn -0.7733 0.3619 0.5206
vn -0.9096 -0.4155 0.0037
vn -0.9094 -0.4158 0.0038
vn 0.7324 0.5181 0.4419
vn 0.7334 0.5087 0.4510
vn 0.7324 0.5180 -0.4420
vn 0.7334 0.5087 -0.4510
vn 0.7123 0.7018 -0.0000
vn 0.7043 0.6793 0.2062
vn 0.7031 0.6725 0.2311
vn 0.7043 0.6793 -0.2062
vn 0.7031 0.6725 -0.2311
vn 0.7232 0.5199 0.4546
vn 0.7249 0.5027 0.4710
vn 0.7232 0.5200 -0.4546
vn 0.7249 0.5026 -0.4710
vn -0.9826 0.1859 0.0037
vn -0.9826 0.1855 0.0037
vt 0.753688 0.489728
vt 0.714779 0.486040
vt 0.753688 0.443873
vt 0.714779 0.440184
vt 0.721962 0.641167
vt 0.673157 0.493113
vt 0.721962 0.497354
vt 0.673157 0.636926
vt 0.487491 0.786422
vt 0.487491 0.715455
vt 0.508101 0.715455
vt 0.126598 0.749722
vt 0.079087 0.749732
vt 0.126598 0.678755
vt 0.508101 0.786422
vt 0.079087 0.678765
vt 0.530561 0.786416
vt 0.065439 0.678787
vt 0.530561 0.715448
vt 0.065439 0.749753
vt 0.826666 0.747507
vt 0.826666 0.680031
vt 0.840906 0.750738
vt 0.199972 0.732423
vt 0.132496 0.732423
vt 0.132454 0.713517
vt 0.840906 0.683262
vt 0.199929 0.713517
vt 0.178573 0.803403
vt 0.178573 0.732436
vt 0.193893 0.803397
vt 0.130872 0.693091
vt 0.193893 0.732430
vt 0.198348 0.693091
vt 0.207483 0.803390
vt 0.134254 0.677569
vt 0.207483 0.732423
vt 0.201730 0.677569
vt 0.134815 0.659259
vt 0.202291 0.659259
vt 0.556227 0.772569
vt 0.556227 0.711447
vt 0.611282 0.772563
vt 0.611282 0.711441
vt 0.130872 0.830847
vt 0.157440 0.789154
vt 0.157440 0.832693
vt 0.130872 0.787308
vt 0.065439 0.678755
vt 0.128513 0.667134
vt 0.128511 0.678720
vt 0.065441 0.667169
vt 0.128540 0.655044
vt 0.065468 0.655079
vt 0.065468 0.630632
vt 0.128540 0.630597
vt 0.065447 0.603239
vt 0.128519 0.603204
vt 0.128520 0.580080
vt 0.065448 0.580115
vt 0.753642 0.260540
vt 0.753642 0.317638
vt 0.728360 0.315241
vt 0.728360 0.258143
vt 0.000000 0.830031
vt 0.000000 0.772933
vt 0.013381 0.832815
vt 0.013381 0.775717
vt 0.028929 0.833405
vt 0.028929 0.776307
vt 0.000006 0.427680
vt 0.000005 0.384843
vt 0.065438 0.384841
vt 0.065435 0.352390
vt 0.065439 0.427678
vt 0.000002 0.352392
vt 0.724463 0.787930
vt 0.724463 0.725716
vt 0.738266 0.727024
vt 0.065437 0.320318
vt 0.738266 0.789238
vt 0.000004 0.320320
vt 0.764193 0.729482
vt 0.065433 0.287765
vt 0.764193 0.791696
vt 0.000000 0.287767
vt 0.065439 0.255785
vt 0.130872 0.427429
vt 0.065439 0.427415
vt 0.065436 0.255794
vt 0.065439 0.243111
vt 0.130872 0.000014
vt 0.065439 0.000000
vt 0.000003 0.255796
vt 0.065439 0.243436
vt 0.000006 0.243438
vt 0.000001 0.000002
vt 0.065435 0.000000
vt 0.611282 0.771496
vt 0.611282 0.711444
vt 0.621060 0.771493
vt 0.621060 0.711441
vt 0.531351 0.224823
vt 0.539674 0.163735
vt 0.539674 0.222845
vt 0.531351 0.161751
vt 0.575132 0.814846
vt 0.575132 0.774042
vt 0.594716 0.820415
vt 0.556227 0.813373
vt 0.594716 0.779611
vt 0.393138 0.235306
vt 0.452248 0.235306
vt 0.452249 0.256712
vt 0.393139 0.256712
vt 0.452247 0.268846
vt 0.393137 0.268846
vt 0.452246 0.284731
vt 0.393135 0.284731
vt 0.393137 0.303935
vt 0.452247 0.303935
vt 0.795278 0.580652
vt 0.795278 0.539198
vt 0.810164 0.584773
vt 0.810164 0.543319
vt 0.844191 0.298422
vt 0.829104 0.238367
vt 0.844191 0.238370
vt 0.829104 0.298419
vt 0.788262 0.750738
vt 0.807201 0.707704
vt 0.807201 0.745708
vt 0.788262 0.712734
vt 0.826666 0.705847
vt 0.826666 0.743851
vt 0.530179 0.786484
vt 0.513573 0.841476
vt 0.513573 0.786422
vt 0.530179 0.841538
vt 0.393444 0.762648
vt 0.434186 0.786655
vt 0.396463 0.782043
vt 0.431167 0.767260
vt 0.396463 0.752555
vt 0.434186 0.757167
vt 0.429436 0.741090
vt 0.391713 0.736479
vt 0.430606 0.727601
vt 0.392883 0.722989
vt 0.180524 0.415137
vt 0.180524 -0.000000
vt 0.228752 0.415148
vt 0.228752 0.000010
vt 0.616282 0.711441
vt 0.556229 0.687355
vt 0.616282 0.687356
vt 0.556230 0.711440
vt 0.556230 0.672057
vt 0.616282 0.672058
vt 0.556227 0.639090
vt 0.616280 0.639092
vt 0.556230 0.615298
vt 0.616282 0.615299
vt 0.637279 0.164796
vt 0.588168 0.192845
vt 0.602538 0.168086
vt 0.592300 0.174508
vt 0.584549 0.229079
vt 0.580245 0.211541
vt 0.591351 0.262963
vt 0.581901 0.247275
vt 0.602065 0.278530
vt 0.637279 0.308360
vt 0.606302 0.294711
vt 0.622229 0.309785
vt 0.453187 0.161751
vt 0.501447 0.272713
vt 0.453187 0.306045
vt 0.495641 0.289380
vt 0.473813 0.306046
vt 0.516130 0.256047
vt 0.525453 0.221344
vt 0.529081 0.239381
vt 0.520492 0.185270
vt 0.531351 0.203307
vt 0.500798 0.161753
vt 0.514830 0.167233
vt 0.547544 0.715448
vt 0.487492 0.715448
vt 0.487491 0.697656
vt 0.547544 0.697655
vt 0.487491 0.687300
vt 0.547543 0.687299
vt 0.487492 0.623187
vt 0.547544 0.623186
vt 0.359835 0.314665
vt 0.359835 0.136109
vt 0.367375 0.243786
vt 0.393135 0.317819
vt 0.367375 0.145179
vt 0.386768 0.245622
vt 0.367375 0.135870
vt 0.351366 0.125998
vt 0.367375 0.131679
vt 0.343955 0.101633
vt 0.386768 0.133516
vt 0.351366 0.078671
vt 0.393135 0.003897
vt 0.346549 0.054551
vt 0.351366 0.031344
vt 0.366280 0.001354
vt 0.351984 -0.000000
vt 0.130872 0.171990
vt 0.180524 0.139703
vt 0.156879 0.177673
vt 0.173041 0.171989
vt 0.164491 0.184690
vt 0.173041 0.107417
vt 0.137300 0.177673
vt 0.156879 0.330629
vt 0.164491 0.428310
vt 0.130872 0.428311
vt 0.137300 0.330629
vt 0.130872 0.184691
vt 0.137300 0.196092
vt 0.137301 0.183391
vt 0.130872 0.000001
vt 0.177905 0.075131
vt 0.173041 0.042845
vt 0.157984 0.000001
vt 0.172418 0.000000
vt 0.279383 0.689394
vt 0.330846 0.689394
vt 0.326750 0.706032
vt 0.280959 0.706032
vt 0.282659 0.723982
vt 0.328647 0.726062
vt 0.324643 0.743668
vt 0.314464 0.751988
vt 0.285705 0.756147
vt 0.312040 0.760307
vt 0.643853 0.745886
vt 0.673154 0.751587
vt 0.647081 0.757288
vt 0.673156 0.707505
vt 0.632831 0.734485
vt 0.627131 0.710356
vt 0.627132 0.682905
vt 0.673156 0.682905
vt 0.673157 0.660103
vt 0.621432 0.660103
vt 0.514071 0.404335
vt 0.561298 0.320299
vt 0.561298 0.493113
vt 0.526642 0.323945
vt 0.535111 0.317819
vt 0.500114 0.340429
vt 0.511365 0.320499
vt 0.496087 0.322480
vt 0.490931 0.363475
vt 0.490884 0.374690
vt 0.500009 0.393683
vt 0.487490 0.391937
vt 0.513546 0.417320
vt 0.511214 0.424628
vt 0.526642 0.478603
vt 0.532288 0.490366
vt 0.512676 0.471835
vt 0.228752 0.766947
vt 0.228752 0.829161
vt 0.210029 0.827386
vt 0.065433 0.562116
vt -0.000000 0.427681
vt 0.065433 0.427680
vt 0.210029 0.765172
vt 0.000000 0.580522
vt 0.130872 0.561700
vt 0.065439 0.427429
vt 0.130872 0.427443
vt 0.065433 0.574807
vt 0.065439 0.580066
vt 0.065433 0.580521
vt 0.130872 0.574374
vt 0.157440 0.834166
vt 0.157440 0.788998
vt 0.176880 0.832477
vt 0.176880 0.787308
vt 0.130872 0.580080
vt 0.228752 0.235786
vt 0.263740 0.220465
vt 0.258040 0.235785
vt 0.279316 0.148816
vt 0.277840 0.213035
vt 0.276961 0.138544
vt 0.276432 0.120759
vt 0.228752 0.000001
vt 0.255189 -0.000000
vt 0.263740 0.009452
vt 0.290522 0.035369
vt 0.279163 0.006724
vt 0.294587 0.011400
vt 0.299793 0.067999
vt 0.299841 0.083308
vt 0.290628 0.108042
vt 0.303267 0.107276
vt 0.796869 0.447691
vt 0.759829 0.435169
vt 0.796869 0.429661
vt 0.756154 0.423063
vt 0.760168 0.409473
vt 0.796869 0.412948
vt 0.763814 0.444561
vt 0.778518 0.468861
vt 0.760168 0.459812
vt 0.796868 0.473733
vt 0.247278 0.786674
vt 0.262123 0.755418
vt 0.265804 0.776697
vt 0.228752 0.755419
vt 0.228752 0.790950
vt 0.266146 0.743118
vt 0.228752 0.730819
vt 0.269857 0.727077
vt 0.265804 0.708016
vt 0.228752 0.708017
vt 0.692129 0.019496
vt 0.643380 0.009313
vt 0.692800 0.000000
vt 0.637269 0.035271
vt 0.688242 0.038622
vt 0.639798 0.058866
vt 0.645468 0.068274
vt 0.695380 0.059017
vt 0.644691 0.087758
vt 0.695035 0.078551
vt 0.690294 0.087994
vt 0.640290 0.106825
vt 0.692241 0.104539
vt 0.637269 0.114807
vt 0.640657 0.127177
vt 0.688752 0.117610
vt 0.135168 0.451337
vt 0.199581 0.428311
vt 0.207656 0.453815
vt 0.134281 0.431184
vt 0.140304 0.470287
vt 0.204314 0.479056
vt 0.196821 0.490308
vt 0.130872 0.493365
vt 0.197848 0.510422
vt 0.131328 0.513641
vt 0.137592 0.522278
vt 0.203664 0.529178
vt 0.135020 0.540021
vt 0.207656 0.536730
vt 0.203178 0.550488
vt 0.139630 0.552759
vt 0.539943 0.121223
vt 0.563543 0.109871
vt 0.551081 0.122278
vt 0.563543 0.135948
vt 0.551081 0.234384
vt 0.563543 0.071996
vt 0.563543 0.258589
vt 0.539943 0.233329
vt 0.539943 0.304904
vt 0.580245 0.308721
vt 0.575688 0.259739
vt 0.575688 0.137098
vt 0.575688 0.111022
vt 0.580245 0.003817
vt 0.575688 0.073146
vt 0.575688 0.058376
vt 0.575688 0.020501
vt 0.563543 0.019351
vt 0.563543 0.057226
vt 0.539943 0.000000
vt 0.307867 0.095182
vt 0.320128 0.075030
vt 0.320128 0.095181
vt 0.343954 0.165395
vt 0.320128 0.146858
vt 0.343954 0.000000
vt 0.332710 0.165395
vt 0.320128 0.023353
vt 0.307867 0.146858
vt 0.303267 0.000001
vt 0.307867 0.075030
vt 0.307867 0.023353
vt 0.307867 0.182437
vt 0.303267 0.416007
vt 0.320128 0.182437
vt 0.307867 0.349766
vt 0.332710 0.318351
vt 0.320128 0.349765
vt 0.343955 0.416005
vt 0.343955 0.318351
vt 0.211210 0.558079
vt 0.205322 0.584859
vt 0.205322 0.552759
vt 0.211210 0.583952
vt 0.211210 0.601865
vt 0.205322 0.602772
vt 0.211210 0.618470
vt 0.205322 0.619377
vt 0.537073 0.307761
vt 0.531351 0.272226
vt 0.537073 0.272231
vt 0.531351 0.316308
vt 0.531351 0.247626
vt 0.537073 0.247631
vt 0.537073 0.224828
vt 0.393135 0.235293
vt 0.393135 -0.000000
vt 0.453187 0.235306
vt 0.453187 0.000013
vt 0.051922 0.832985
vt 0.051922 0.772933
vt 0.064077 0.832991
vt 0.064077 0.772939
vt 0.854576 0.680571
vt 0.867216 0.721485
vt 0.854576 0.722026
vt 0.867216 0.680031
vt 0.863018 0.410585
vt 0.863018 0.456440
vt 0.851292 0.455329
vt 0.851292 0.409473
vt 0.621432 0.757288
vt 0.669661 0.757288
vt 0.669661 0.808925
vt 0.811945 0.584784
vt 0.763717 0.636342
vt 0.763717 0.584773
vt 0.621432 0.808926
vt 0.811945 0.636353
vt 0.724402 0.248601
vt 0.724402 0.215309
vt 0.736577 0.247543
vt 0.736577 0.214251
vt 0.850664 0.348700
vt 0.850664 0.302844
vt 0.862389 0.349811
vt 0.862389 0.303956
vt 0.327611 0.760317
vt 0.279383 0.811876
vt 0.279383 0.760307
vt 0.065439 0.749754
vt 0.113668 0.749753
vt 0.113668 0.801391
vt 0.327611 0.811886
vt 0.886692 0.162957
vt 0.874517 0.130722
vt 0.886692 0.129665
vt 0.065439 0.801392
vt 0.874517 0.164015
vt 0.850627 0.808668
vt 0.850627 0.762812
vt 0.862353 0.809780
vt 0.862353 0.763924
vt 0.673157 0.493124
vt 0.624929 0.660092
vt 0.624929 0.493113
vt 0.666550 0.317819
vt 0.666550 0.485021
vt 0.618322 0.317820
vt 0.888048 0.128607
vt 0.875873 0.096372
vt 0.888048 0.095314
vt 0.875873 0.129665
vt 0.618322 0.485022
vt 0.389159 0.732477
vt 0.389159 0.784822
vt 0.363351 0.782639
vt 0.363351 0.730293
vt 0.343955 0.777528
vt 0.343955 0.725182
vt 0.064624 0.712130
vt 0.064624 0.767185
vt 0.054012 0.767188
vt 0.054012 0.712134
vt 0.054012 0.720587
vt 0.054012 0.772933
vt 0.036556 0.769821
vt 0.036556 0.717475
vt 0.017642 0.768183
vt 0.017642 0.715837
vt 0.009132 0.715607
vt 0.009132 0.767953
vt 0.000000 0.712130
vt 0.000000 0.764476
vt 0.685507 0.144515
vt 0.685507 0.309785
vt 0.637279 0.144515
vt 0.637279 0.309785
vt 0.881502 0.337107
vt 0.892667 0.302844
vt 0.892667 0.336136
vt 0.881502 0.303814
vt 0.666550 0.470660
vt 0.666550 0.317820
vt 0.714779 0.470660
vt 0.714779 0.317819
vt 0.868460 0.591907
vt 0.868460 0.637763
vt 0.857707 0.636744
vt 0.857707 0.590888
vt 0.439262 0.667122
vt 0.487491 0.764702
vt 0.439262 0.764703
vt 0.487491 0.667121
vt 0.789467 0.817616
vt 0.789468 0.762812
vt 0.811660 0.817625
vt 0.767359 0.817626
vt 0.767359 0.762822
vt 0.811660 0.762821
vt 0.327440 0.689394
vt 0.333474 0.632244
vt 0.333474 0.684475
vt 0.279383 0.627545
vt 0.285417 0.685743
vt 0.279383 0.679775
vt 0.331377 0.626166
vt 0.281480 0.621831
vt 0.288581 0.580778
vt 0.281480 0.585502
vt 0.324277 0.583880
vt 0.331377 0.589837
vt 0.810934 0.372710
vt 0.810934 0.311605
vt 0.833881 0.311600
vt 0.833881 0.372705
vt 0.834234 0.302844
vt 0.437735 0.839061
vt 0.414740 0.786655
vt 0.437735 0.786656
vt 0.811287 0.302849
vt 0.414740 0.839060
vt 0.811287 0.381502
vt 0.834234 0.381497
vt 0.274473 0.790950
vt 0.274473 0.843089
vt 0.257694 0.792538
vt 0.257694 0.844678
vt 0.113668 0.821115
vt 0.130446 0.819526
vt 0.113668 0.857381
vt 0.130446 0.855792
vt 0.814788 0.557804
vt 0.837557 0.547482
vt 0.837766 0.557804
vt 0.814579 0.547482
vt 0.814579 0.495575
vt 0.837557 0.495576
vt 0.837766 0.485249
vt 0.814788 0.485249
vt 0.113331 0.801393
vt 0.090336 0.837843
vt 0.090336 0.801392
vt 0.113331 0.837843
vt 0.209768 0.826406
vt 0.203818 0.803403
vt 0.209768 0.803410
vt 0.203818 0.826398
vt 0.178399 0.909361
vt 0.178399 0.926106
vt 0.172176 0.910980
vt 0.172175 0.927724
vt 0.695596 0.796438
vt 0.695596 0.836345
vt 0.673157 0.797305
vt 0.673157 0.837212
vt 0.695596 0.837083
vt 0.695596 0.796916
vt 0.718059 0.836605
vt 0.718059 0.796438
vt 0.154712 0.732619
vt 0.178573 0.787122
vt 0.154712 0.787308
vt 0.130872 0.732423
vt 0.130872 0.787112
vt 0.178573 0.732433
vt 0.130872 0.604461
vt 0.139177 0.659259
vt 0.130872 0.654800
vt 0.197017 0.653776
vt 0.205322 0.597403
vt 0.202436 0.591994
vt 0.133758 0.598504
vt 0.143531 0.557417
vt 0.133758 0.563491
vt 0.192663 0.552759
vt 0.202436 0.556980
vt 0.205322 0.647742
vt 0.697006 0.741560
vt 0.697006 0.796322
vt 0.673157 0.741676
vt 0.720858 0.796437
vt 0.720858 0.741675
vt 0.673157 0.796438
vt 0.342414 0.580778
vt 0.287516 0.522112
vt 0.343955 0.527016
vt 0.279383 0.575302
vt 0.287515 0.469014
vt 0.343954 0.473918
vt 0.279383 0.416007
vt 0.342414 0.421483
vt 0.756154 0.409472
vt 0.756154 0.317819
vt 0.787757 0.317819
vt 0.787757 0.409473
vt 0.391712 0.840514
vt 0.396563 0.786949
vt 0.414740 0.840142
vt 0.810934 0.302844
vt 0.806873 0.355695
vt 0.792639 0.303168
vt 0.788578 0.356019
vt 0.810934 0.409062
vt 0.301463 0.342392
vt 0.276497 0.289115
vt 0.301463 0.289116
vt 0.301475 0.235787
vt 0.269847 0.235786
vt 0.276497 0.342391
vt 0.269847 0.395614
vt 0.301475 0.395615
vt 0.763717 0.493120
vt 0.795278 0.493113
vt 0.795278 0.584767
vt 0.457724 0.110145
vt 0.539943 0.153527
vt 0.535406 0.102781
vt 0.457724 0.058970
vt 0.453187 0.008224
vt 0.535406 0.051606
vt 0.788262 0.705846
vt 0.788262 0.641167
vt 0.825073 0.705847
vt 0.855907 0.212893
vt 0.842254 0.165130
vt 0.855907 0.168245
vt 0.842254 0.209778
vt 0.825073 0.641167
vt 0.486768 0.829131
vt 0.476024 0.764703
vt 0.486768 0.767633
vt 0.476024 0.826200
vt 0.750298 0.797246
vt 0.724463 0.794799
vt 0.737381 0.791696
vt 0.724463 0.821799
vt 0.750298 0.824246
vt 0.737381 0.827349
vt 0.513573 0.792324
vt 0.487491 0.792325
vt 0.500532 0.786422
vt 0.487491 0.829163
vt 0.513573 0.829163
vt 0.500532 0.835066
vt 0.753642 0.165130
vt 0.753642 0.000001
vt 0.778218 0.165129
vt 0.778218 0.000000
vt 0.439236 0.592822
vt 0.414893 0.469489
vt 0.439236 0.471794
vt 0.414894 0.590517
vt 0.211704 0.765172
vt 0.211704 0.415148
vt 0.228752 0.765171
vt 0.753641 0.258143
vt 0.736756 0.000000
vt 0.753642 0.001599
vt 0.736756 0.256544
vt 0.806905 0.164147
vt 0.806905 0.124784
vt 0.831307 0.162027
vt 0.637269 0.000012
vt 0.580245 0.164784
vt 0.580245 -0.000000
vt 0.637269 0.164796
vt 0.390448 0.841269
vt 0.366947 0.784822
vt 0.390448 0.787050
vt 0.366947 0.839041
vt 0.561298 0.482824
vt 0.618322 0.317819
vt 0.618322 0.482823
vt 0.561298 0.317820
vt 0.831307 0.122664
vt 0.857242 0.385245
vt 0.857242 0.356877
vt 0.874169 0.383774
vt 0.487491 0.317828
vt 0.446396 0.667112
vt 0.446396 0.317819
vt 0.322719 0.852505
vt 0.306416 0.811886
vt 0.322719 0.813432
vt 0.306416 0.850959
vt 0.228752 0.585547
vt 0.269847 0.585546
vt 0.228752 0.235787
vt 0.874169 0.355406
vt 0.845505 0.152097
vt 0.845505 0.107449
vt 0.857750 0.146732
vt 0.476024 0.829382
vt 0.439262 0.764711
vt 0.439262 0.829390
vt 0.845505 0.163581
vt 0.831307 0.102650
vt 0.845505 0.102084
vt 0.831307 0.164147
vt 0.857750 0.102084
vt 0.553090 0.721890
vt 0.530561 0.719757
vt 0.541825 0.715448
vt 0.530561 0.809376
vt 0.553090 0.811509
vt 0.541825 0.815818
vt 0.776387 0.172463
vt 0.753642 0.172464
vt 0.765015 0.165130
vt 0.753642 0.294739
vt 0.776387 0.294738
vt 0.765015 0.302072
vt 0.556227 0.615298
vt 0.624929 0.615296
vt 0.556227 0.493115
vt 0.269847 0.556136
vt 0.269847 0.490815
vt 0.278577 0.559340
vt 0.278577 0.494019
vt 0.856357 0.290079
vt 0.844191 0.238367
vt 0.856357 0.242654
vt 0.844191 0.285792
vt 0.487526 0.615133
vt 0.556201 0.493113
vt 0.556227 0.615133
vt 0.487491 0.623186
vt 0.556191 0.623186
vt 0.487500 0.493113
vt 0.343868 0.754715
vt 0.330846 0.690535
vt 0.343868 0.689394
vt 0.330846 0.755857
vt 0.547556 0.624658
vt 0.556227 0.673988
vt 0.547556 0.675460
vt 0.556227 0.623187
vt 0.202291 0.660572
vt 0.211013 0.710391
vt 0.202291 0.711704
vt 0.211013 0.659259
vt 0.877251 0.221901
vt 0.876258 0.207383
vt 0.879392 0.213742
vt 0.867790 0.206647
vt 0.866797 0.220993
vt 0.872024 0.237670
vt 0.876258 0.236246
vt 0.879392 0.230431
vt 0.864656 0.212462
vt 0.867790 0.235511
vt 0.864656 0.229151
vt 0.850627 0.815326
vt 0.842413 0.762945
vt 0.547556 0.677141
vt 0.556103 0.713729
vt 0.547556 0.715410
vt 0.556103 0.675460
vt 0.706575 0.485349
vt 0.700802 0.470660
vt 0.706575 0.476542
vt 0.692639 0.492410
vt 0.700803 0.491922
vt 0.834234 0.302845
vt 0.842486 0.355406
vt 0.834234 0.355398
vt 0.834196 0.762813
vt 0.842413 0.815459
vt 0.834196 0.815326
vt 0.686866 0.477721
vt 0.686866 0.486528
vt 0.850664 0.355397
vt 0.842486 0.302853
vt 0.766729 0.791918
vt 0.766729 0.844362
vt 0.758525 0.791696
vt 0.692639 0.471149
vt 0.758525 0.844140
vt 0.750298 0.791915
vt 0.750298 0.844358
vt 0.616282 0.616820
vt 0.624889 0.653815
vt 0.616282 0.655338
vt 0.624889 0.615297
vt 0.805712 0.409712
vt 0.814579 0.536861
vt 0.805712 0.537096
vt 0.796869 0.409473
vt 0.796869 0.536857
vt 0.279124 0.395615
vt 0.279124 0.489174
vt 0.269847 0.397256
vt 0.814579 0.409477
vt 0.333474 0.675544
vt 0.333474 0.582590
vt 0.342688 0.673732
vt 0.045506 0.708220
vt 0.045506 0.580665
vt 0.054360 0.708077
vt 0.342688 0.580778
vt 0.054360 0.580522
vt 0.063217 0.708219
vt 0.063217 0.580665
vt 0.814468 0.165139
vt 0.814468 0.292789
vt 0.805572 0.165130
vt 0.805572 0.292781
vt 0.796758 0.165139
vt 0.796758 0.292790
vt 0.306416 0.819954
vt 0.306416 0.832034
vt 0.298499 0.811886
vt 0.279383 0.821571
vt 0.287301 0.841718
vt 0.298498 0.841049
vt 0.279383 0.833650
vt 0.287301 0.812556
vt 0.173409 0.834166
vt 0.174776 0.847946
vt 0.161754 0.835271
vt 0.177723 0.839624
vt 0.160388 0.849310
vt 0.167582 0.864264
vt 0.173409 0.861985
vt 0.177723 0.855709
vt 0.161754 0.863090
vt 0.157440 0.857632
vt 0.157440 0.841547
vt 0.736716 0.144517
vt 0.730553 0.214251
vt 0.730553 0.144632
vt 0.736716 0.214136
vt 0.445914 0.609040
vt 0.445914 0.660173
vt 0.439236 0.662671
vt 0.724402 0.214133
vt 0.724402 0.144515
vt 0.445294 0.539264
vt 0.439236 0.609040
vt 0.439236 0.539276
vt 0.445294 0.609029
vt 0.439236 0.611538
vt 0.113668 0.819518
vt 0.113668 0.749754
vt 0.122074 0.819526
vt 0.122074 0.749761
vt 0.130412 0.819518
vt 0.130412 0.749753
vt 0.445394 0.469500
vt 0.439237 0.539253
vt 0.439236 0.469489
vt 0.445394 0.539264
vt 0.269857 0.761448
vt 0.276441 0.708016
vt 0.276441 0.758817
vt 0.269857 0.710646
vt 0.849570 0.485249
vt 0.849570 0.540696
vt 0.837766 0.487337
vt 0.834483 0.636054
vt 0.823198 0.560860
vt 0.834483 0.560560
vt 0.823198 0.636353
vt 0.842163 0.057394
vt 0.842163 0.002305
vt 0.853887 0.055088
vt 0.837766 0.542784
vt 0.814579 0.485249
vt 0.814579 0.409655
vt 0.825846 0.485067
vt 0.853887 -0.000000
vt 0.825846 0.409473
vt 0.837117 0.485249
vt 0.834196 0.762824
vt 0.834196 0.838475
vt 0.822877 0.762813
vt 0.837117 0.409655
vt 0.822877 0.838464
vt 0.811660 0.762824
vt 0.811660 0.838476
vt 0.811945 0.560555
vt 0.811945 0.636049
vt 0.366946 0.784834
vt 0.355398 0.844575
vt 0.355398 0.784822
vt 0.366946 0.844586
vt 0.040424 0.832641
vt 0.051922 0.773118
vt 0.051922 0.832826
vt 0.343955 0.844586
vt 0.343955 0.784834
vt 0.594717 0.832197
vt 0.606197 0.772879
vt 0.606197 0.832507
vt 0.594717 0.772569
vt 0.617710 0.772574
vt 0.617710 0.832202
vt 0.861614 0.485249
vt 0.849570 0.531174
vt 0.849570 0.487379
vt 0.861614 0.529043
vt 0.853887 0.045863
vt 0.853887 0.002352
vt 0.865848 -0.000000
vt 0.865848 0.043511
vt 0.028929 0.832826
vt 0.028929 0.773118
vt 0.040424 0.772933
vt 0.629510 0.839362
vt 0.639304 0.834531
vt 0.640934 0.838679
vt 0.649012 0.829481
vt 0.645076 0.827958
vt 0.631140 0.835019
vt 0.625368 0.829137
vt 0.621432 0.831131
vt 0.621432 0.818807
vt 0.625368 0.820330
vt 0.631140 0.813757
vt 0.640934 0.808926
vt 0.639304 0.813269
vt 0.629510 0.809609
vt 0.645077 0.819151
vt 0.649012 0.817157
vt 0.810743 0.824983
vt 0.795880 0.819411
vt 0.804587 0.817626
vt 0.804587 0.847056
vt 0.810743 0.837173
vt 0.789724 0.841484
vt 0.795880 0.848841
vt 0.789724 0.829294
vt 0.693489 0.866236
vt 0.678539 0.850906
vt 0.693489 0.848230
vt 0.674600 0.861062
vt 0.680249 0.837212
vt 0.673157 0.845504
vt 0.906627 0.792366
vt 0.917960 0.812279
vt 0.905083 0.812561
vt 0.917960 0.789337
vt 0.454260 0.944049
vt 0.461321 0.921945
vt 0.463818 0.941659
vt 0.454260 0.921106
vt 0.922555 0.032098
vt 0.934747 0.029384
vt 0.930962 0.047138
vt 0.943716 0.273623
vt 0.936934 0.257363
vt 0.949417 0.257363
vt 0.940622 0.273853
vt 0.934747 0.049255
vt 0.936942 0.700266
vt 0.928986 0.683901
vt 0.936057 0.680031
vt 0.925074 0.700266
vt 0.530457 0.949457
vt 0.541899 0.953315
vt 0.530457 0.963190
vt 0.866098 0.970938
vt 0.866098 0.987497
vt 0.862965 0.972475
vt 0.428186 0.958733
vt 0.437923 0.943518
vt 0.439238 0.958733
vt 0.895934 0.025910
vt 0.881351 0.000000
vt 0.895934 0.004419
vt 0.883306 0.025695
vt 0.203946 0.870535
vt 0.194049 0.889341
vt 0.194049 0.866188
vt 0.200838 0.896116
vt 0.934855 0.224041
vt 0.938796 0.233297
vt 0.933937 0.224648
vt 0.932679 0.224887
vt 0.932679 0.236554
vt 0.942878 0.228056
vt 0.963088 0.045164
vt 0.958168 0.054724
vt 0.958168 0.042589
vt 0.959220 0.054793
vt 0.960155 0.055242
vt 0.967856 0.049616
vt 0.925758 0.447314
vt 0.938876 0.435104
vt 0.938876 0.452966
vt 0.856666 0.100421
vt 0.861495 0.090238
vt 0.861495 0.101308
vt 0.854859 0.088754
vt 0.787377 0.936460
vt 0.788625 0.948060
vt 0.782306 0.936277
vt 0.781565 0.948060
vt 0.463858 0.855904
vt 0.463858 0.876693
vt 0.461232 0.858262
vt 0.458338 0.877233
vt 0.194049 0.922211
vt 0.203647 0.929260
vt 0.194049 0.944224
vt 0.854870 0.946269
vt 0.847963 0.938582
vt 0.854870 0.934072
vt 0.291466 0.991516
vt 0.291466 0.970938
vt 0.294914 0.973783
vt 0.962925 0.354665
vt 0.968514 0.368305
vt 0.962925 0.371534
vt 0.549539 0.848219
vt 0.555176 0.867227
vt 0.549539 0.869710
vt 0.959244 0.525746
vt 0.959244 0.541578
vt 0.948253 0.528888
vt 0.129067 0.921042
vt 0.112806 0.916448
vt 0.129067 0.903185
vt 0.962651 0.469931
vt 0.953725 0.476318
vt 0.953725 0.458255
vt 0.930103 0.184870
vt 0.930103 0.163688
vt 0.940896 0.177869
vt 0.275847 0.970938
vt 0.283028 0.980049
vt 0.275911 0.980063
vt 0.283657 0.970938
vt 0.290830 0.970952
vt 0.283657 0.980063
vt 0.283715 0.970938
vt 0.291466 0.980063
vt 0.788671 0.931531
vt 0.802001 0.935961
vt 0.788671 0.947591
vt 0.801531 0.931214
vt 0.193083 0.947203
vt 0.180286 0.946873
vt 0.193083 0.930081
vt 0.936289 0.046477
vt 0.939939 0.054685
vt 0.935670 0.046835
vt 0.934747 0.046956
vt 0.934747 0.057081
vt 0.943342 0.050507
vt 0.370919 0.960177
vt 0.366801 0.968916
vt 0.366801 0.958340
vt 0.367554 0.968917
vt 0.368168 0.969171
vt 0.374847 0.963699
vt 0.530179 0.872259
vt 0.530179 0.892448
vt 0.511396 0.881548
vt 0.598530 0.970938
vt 0.605222 0.978901
vt 0.598570 0.978913
vt 0.606221 0.970938
vt 0.612906 0.970950
vt 0.606221 0.978913
vt 0.606255 0.970938
vt 0.613911 0.978913
vt 0.343955 0.909084
vt 0.354265 0.890135
vt 0.360731 0.909084
vt 0.090336 0.889527
vt 0.094916 0.909566
vt 0.090336 0.909716
vt 0.106415 0.890795
vt 0.411478 0.981004
vt 0.416029 0.972129
vt 0.416029 0.981682
vt 0.409804 0.970938
vt 0.435491 0.971122
vt 0.436980 0.981137
vt 0.430765 0.970938
vt 0.430431 0.981137
vt 0.024017 0.980744
vt 0.015671 0.977451
vt 0.024017 0.970938
vt 0.733135 0.253353
vt 0.724402 0.258138
vt 0.046809 0.952812
vt 0.049298 0.940210
vt 0.049298 0.953122
vt 0.042908 0.942052
vt 0.276573 0.890415
vt 0.279069 0.908838
vt 0.272677 0.905969
vt 0.279069 0.890213
vt 0.961862 0.266592
vt 0.967210 0.257363
vt 0.966653 0.264484
vt 0.958647 0.260599
vt 0.958647 0.271566
vt 0.546956 0.970938
vt 0.546956 0.982766
vt 0.541640 0.976754
vt 0.952760 0.163174
vt 0.957708 0.153620
vt 0.959222 0.158646
vt 0.949194 0.154566
vt 0.959222 0.148393
vt 0.950086 0.146283
vt 0.767359 0.889311
vt 0.781709 0.873547
vt 0.781709 0.898897
vt 0.768910 0.873286
vt 0.386557 0.841269
vt 0.387931 0.867490
vt 0.369220 0.849342
vt 0.366947 0.867490
vt 0.505095 0.881568
vt 0.487491 0.864060
vt 0.504175 0.865820
vt 0.487491 0.888385
vt 0.559354 0.869192
vt 0.577170 0.852341
vt 0.577170 0.876149
vt 0.556227 0.853670
vt 0.962069 0.603732
vt 0.968022 0.591735
vt 0.968022 0.604156
vt 0.958994 0.590888
vt 0.964542 0.029514
vt 0.967519 0.042589
vt 0.958404 0.029384
vt 0.958167 0.042589
vt 0.875202 0.190210
vt 0.888207 0.165130
vt 0.888207 0.194007
vt 0.873147 0.166509
vt 0.891660 0.789337
vt 0.878626 0.766490
vt 0.891660 0.762812
vt 0.876612 0.787819
vt 0.971939 0.406692
vt 0.971939 0.395336
vt 0.975395 0.401249
vt 0.237913 0.970938
vt 0.237913 0.980193
vt 0.229887 0.978202
vt 0.971939 0.249119
vt 0.971939 0.237428
vt 0.975729 0.243039
vt 0.136517 0.970938
vt 0.136517 0.983724
vt 0.130409 0.976933
vt 0.940435 0.782198
vt 0.945375 0.771747
vt 0.947160 0.777973
vt 0.936418 0.772252
vt 0.947160 0.765345
vt 0.937254 0.762812
vt 0.479290 0.317481
vt 0.489657 0.307874
vt 0.489668 0.317415
vt 0.479290 0.306066
vt 0.500036 0.315664
vt 0.489668 0.306066
vt 0.500047 0.306124
vt 0.489668 0.317479
vt 0.972399 0.939887
vt 0.972399 0.949737
vt 0.971939 0.940219
vt 0.613911 0.984346
vt 0.613911 0.970938
vt 0.618481 0.980691
vt 0.782558 0.976903
vt 0.788445 0.970994
vt 0.788445 0.980315
vt 0.782558 0.970938
vt 0.718522 0.970938
vt 0.722485 0.974217
vt 0.718522 0.984951
vt 0.718719 0.985498
vt 0.217276 0.973381
vt 0.222986 0.984082
vt 0.217276 0.981793
vt 0.222986 0.970938
vt 0.436980 0.975245
vt 0.443867 0.970938
vt 0.443867 0.980630
vt 0.423614 0.970938
vt 0.423614 0.979747
vt 0.416029 0.975065
vt 0.860391 0.735828
vt 0.877213 0.749997
vt 0.860391 0.758193
vt 0.877240 0.729374
vt 0.849570 0.538213
vt 0.869436 0.531174
vt 0.849570 0.558192
vt 0.867560 0.553460
vt 0.688542 0.970938
vt 0.688542 0.980312
vt 0.682274 0.974363
vt 0.660703 0.979556
vt 0.653710 0.975902
vt 0.660703 0.970938
vt 0.974361 0.017850
vt 0.971939 0.034536
vt 0.971939 0.015283
vt 0.961626 0.518532
vt 0.967733 0.507217
vt 0.967733 0.523335
vt 0.632533 0.970938
vt 0.639153 0.979256
vt 0.632601 0.979268
vt 0.639811 0.970938
vt 0.646423 0.970949
vt 0.639811 0.979268
vt 0.639873 0.970938
vt 0.647088 0.979268
vt 0.709940 0.970938
vt 0.712768 0.988008
vt 0.709940 0.991470
vt 0.327482 0.914813
vt 0.321394 0.903456
vt 0.327482 0.898640
vt 0.948949 0.080273
vt 0.957667 0.089776
vt 0.946222 0.089776
vt 0.957284 0.081274
vt 0.953084 0.073721
vt 0.948533 0.074500
vt 0.336015 0.972074
vt 0.331151 0.980890
vt 0.331151 0.970938
vt 0.337195 0.982483
vt 0.382464 0.971074
vt 0.383247 0.981399
vt 0.377298 0.970938
vt 0.376758 0.981399
vt 0.682274 0.978606
vt 0.677308 0.971498
vt 0.677736 0.970938
vt 0.677308 0.982830
vt 0.388739 0.974621
vt 0.383247 0.982831
vt 0.383247 0.970938
vt 0.383807 0.983285
vt 0.112806 0.885639
vt 0.130123 0.883053
vt 0.112806 0.903186
vt 0.128872 0.902689
vt 0.894301 0.680959
vt 0.908856 0.697856
vt 0.894301 0.700635
vt 0.909974 0.680031
vt 0.653710 0.980067
vt 0.651974 0.970938
vt 0.653544 0.971439
vt 0.647088 0.980067
vt 0.928409 0.973278
vt 0.923716 0.981677
vt 0.923716 0.970938
vt 0.925053 0.981727
vt 0.976033 0.191286
vt 0.977854 0.198882
vt 0.971939 0.198882
vt 0.977254 0.191586
vt 0.956038 0.979180
vt 0.958074 0.970938
vt 0.957237 0.978896
vt 0.952203 0.970938
vt 0.937705 0.982404
vt 0.937705 0.970938
vt 0.942060 0.978257
vt 0.964067 0.823021
vt 0.970588 0.815459
vt 0.970588 0.829186
vt 0.950503 0.485201
vt 0.944542 0.473424
vt 0.950340 0.474330
vt 0.940957 0.485201
vt 0.528954 0.972477
vt 0.522281 0.980479
vt 0.522281 0.970938
vt 0.352365 0.973911
vt 0.359729 0.970938
vt 0.359729 0.980252
vt 0.834882 0.388070
vt 0.855593 0.409045
vt 0.834234 0.409045
vt 0.854971 0.385746
vt 0.028929 0.884642
vt 0.046491 0.863116
vt 0.047698 0.884066
vt 0.028929 0.861335
vt 0.535427 0.979273
vt 0.528954 0.970938
vt 0.535106 0.973511
vt 0.528954 0.980719
vt 0.700848 0.955920
vt 0.704940 0.965460
vt 0.700215 0.956319
vt 0.699260 0.956482
vt 0.699260 0.968459
vt 0.708725 0.960490
vt 0.101032 0.980990
vt 0.108984 0.973854
vt 0.108394 0.979655
vt 0.101032 0.970938
vt 0.963834 0.942824
vt 0.959245 0.952933
vt 0.959245 0.940465
vt 0.960038 0.952967
vt 0.960679 0.953258
vt 0.968316 0.947045
vt 0.078480 0.982922
vt 0.082965 0.972371
vt 0.082965 0.983727
vt 0.076618 0.970938
vt 0.014381 0.971134
vt 0.015671 0.983041
vt 0.009676 0.970938
vt 0.008907 0.983041
vt 0.275847 0.983273
vt 0.269996 0.977324
vt 0.971939 0.378016
vt 0.971939 0.366474
vt 0.975414 0.372123
vt 0.928409 0.982309
vt 0.928409 0.970938
vt 0.932832 0.977516
vt 0.587675 0.482824
vt 0.590628 0.492896
vt 0.581082 0.492896
vt 0.609055 0.492896
vt 0.601242 0.483441
vt 0.607424 0.484584
vt 0.599830 0.492896
vt 0.955478 0.858654
vt 0.945814 0.865630
vt 0.946283 0.859033
vt 0.955478 0.870612
vt 0.725860 0.937799
vt 0.737997 0.921736
vt 0.737997 0.938923
vt 0.724463 0.921566
vt 0.530457 0.949456
vt 0.543990 0.934170
vt 0.543990 0.949279
vt 0.531855 0.935302
vt 0.656209 0.927994
vt 0.649012 0.922211
vt 0.655231 0.916250
vt 0.664914 0.930457
vt 0.664914 0.914422
vt 0.649751 0.915812
vt 0.975799 0.232270
vt 0.971939 0.225861
vt 0.573184 0.980539
vt 0.566684 0.977172
vt 0.573184 0.970938
vt 0.461667 0.977076
vt 0.469206 0.970938
vt 0.469206 0.979758
vt 0.539482 0.848219
vt 0.540108 0.827725
vt 0.555444 0.833411
vt 0.530561 0.837477
vt 0.553356 0.815818
vt 0.535432 0.815818
vt 0.194965 0.970938
vt 0.201855 0.980450
vt 0.195044 0.980463
vt 0.202938 0.970938
vt 0.209821 0.970950
vt 0.202938 0.980463
vt 0.203010 0.970938
vt 0.210910 0.980463
vt 0.928024 0.095531
vt 0.915814 0.109003
vt 0.917142 0.095314
vt 0.928024 0.117190
vt 0.919654 0.458255
vt 0.919654 0.480517
vt 0.909072 0.466016
vt 0.907559 0.482020
vt 0.157440 0.961398
vt 0.165615 0.957853
vt 0.165615 0.969228
vt 0.929481 0.889713
vt 0.929481 0.870787
vt 0.941678 0.882823
vt 0.571148 0.482824
vt 0.581082 0.488430
vt 0.571148 0.492793
vt 0.713311 0.924064
vt 0.713311 0.899097
vt 0.724015 0.913001
vt 0.341446 0.833771
vt 0.342970 0.854855
vt 0.327611 0.848046
vt 0.327611 0.869173
vt 0.342259 0.867622
vt 0.178573 0.838195
vt 0.193132 0.820620
vt 0.196404 0.837192
vt 0.178573 0.813783
vt 0.196463 0.803403
vt 0.203818 0.814432
vt 0.544345 0.945226
vt 0.555634 0.945651
vt 0.544345 0.960391
vt 0.366751 0.931261
vt 0.362604 0.941765
vt 0.358824 0.931261
vt 0.590627 0.492896
vt 0.595671 0.483077
vt 0.971939 0.282677
vt 0.971939 0.270561
vt 0.975483 0.277754
vt 0.091377 0.970938
vt 0.091377 0.980555
vt 0.082965 0.978045
vt 0.906980 0.590711
vt 0.916405 0.582789
vt 0.915801 0.588865
vt 0.906980 0.579816
vt 0.076618 0.984286
vt 0.070517 0.976907
vt 0.971939 0.167054
vt 0.971939 0.154884
vt 0.975673 0.161583
vt 0.950999 0.895242
vt 0.941678 0.885714
vt 0.947815 0.885886
vt 0.941678 0.896701
vt 0.920931 0.584322
vt 0.929149 0.580398
vt 0.929149 0.590888
vt 0.414893 0.592822
vt 0.423945 0.598498
vt 0.414893 0.602668
vt 0.627602 0.980043
vt 0.625865 0.970938
vt 0.566684 0.979297
vt 0.559201 0.979297
vt 0.562234 0.970938
vt 0.812347 0.868927
vt 0.828595 0.883717
vt 0.811660 0.889535
vt 0.828595 0.865022
vt 0.306416 0.858924
vt 0.325897 0.852505
vt 0.306416 0.877556
vt 0.324971 0.873104
vt 0.971939 0.131238
vt 0.977589 0.125541
vt 0.977589 0.133583
vt 0.971939 0.125497
vt 0.486742 0.972585
vt 0.492535 0.982248
vt 0.486741 0.980661
vt 0.492535 0.970938
vt 0.125010 0.972870
vt 0.117227 0.981135
vt 0.117227 0.970938
vt 0.024017 0.974578
vt 0.032261 0.970938
vt 0.032261 0.980861
vt 0.848200 0.669856
vt 0.848200 0.641167
vt 0.865188 0.666947
vt 0.867586 0.643278
vt 0.708844 0.317736
vt 0.725869 0.294231
vt 0.728219 0.315526
vt 0.708844 0.291406
vt 0.364298 0.979736
vt 0.369950 0.971110
vt 0.370526 0.981899
vt 0.364298 0.970938
vt 0.962926 0.872552
vt 0.969217 0.885735
vt 0.963422 0.884916
vt 0.969217 0.870787
vt 0.897253 0.971250
vt 0.903799 0.978760
vt 0.897379 0.976486
vt 0.903799 0.970938
vt 0.302885 0.979935
vt 0.309305 0.970938
vt 0.309305 0.981989
vt 0.303010 0.972553
vt 0.463991 0.858420
vt 0.473432 0.830934
vt 0.486036 0.855321
vt 0.486036 0.829390
vt 0.901291 0.267407
vt 0.888240 0.293674
vt 0.888240 0.268490
vt 0.896206 0.292834
vt 0.925418 0.679902
vt 0.909300 0.676823
vt 0.925418 0.663672
vt 0.065439 0.896774
vt 0.049659 0.872823
vt 0.065439 0.873061
vt 0.050624 0.894345
vt 0.909276 0.002687
vt 0.897058 0.023686
vt 0.895934 -0.000000
vt 0.909276 0.023990
vt 0.789335 0.873286
vt 0.786495 0.898750
vt 0.781709 0.877515
vt 0.789335 0.898470
vt 0.965638 0.916743
vt 0.971437 0.929469
vt 0.965638 0.932018
vt 0.799137 1.000000
vt 0.797243 0.971687
vt 0.799137 0.970938
vt 0.882447 0.652485
vt 0.882447 0.671788
vt 0.867586 0.661980
vt 0.869813 0.641167
vt 0.929532 0.729374
vt 0.929532 0.755469
vt 0.919464 0.748148
vt 0.868520 0.670671
vt 0.856562 0.847385
vt 0.840116 0.830521
vt 0.856562 0.827578
vt 0.835784 0.841693
vt 0.841998 0.815459
vt 0.834196 0.824580
vt 0.746497 0.639395
vt 0.761359 0.622550
vt 0.763655 0.640502
vt 0.746497 0.613293
vt 0.306416 0.898640
vt 0.320503 0.877556
vt 0.323603 0.898640
vt 0.269847 0.583789
vt 0.269847 0.559340
vt 0.279074 0.571314
vt 0.157440 0.865357
vt 0.172316 0.879751
vt 0.157440 0.888994
vt 0.174600 0.864264
vt 0.594717 0.884037
vt 0.594717 0.859007
vt 0.612632 0.866229
vt 0.611742 0.882052
vt 0.343955 0.942058
vt 0.358806 0.926690
vt 0.357965 0.940531
vt 0.343955 0.926660
vt 0.949940 0.112678
vt 0.950639 0.126521
vt 0.937731 0.111124
vt 0.937575 0.126521
vt 0.391712 0.959823
vt 0.399628 0.969634
vt 0.392008 0.969137
vt 0.399628 0.957475
vt 0.271776 0.911379
vt 0.279223 0.911137
vt 0.271547 0.924427
vt 0.279223 0.927927
vt 0.321132 0.950956
vt 0.318631 0.956378
vt 0.317736 0.952009
vt 0.325091 0.956306
vt 0.326289 0.964994
vt 0.317490 0.964994
vt 0.936942 0.701008
vt 0.936942 0.680031
vt 0.946731 0.693291
vt 0.146694 0.922447
vt 0.130872 0.922447
vt 0.137375 0.904511
vt 0.381076 0.945596
vt 0.390975 0.934022
vt 0.390975 0.952947
vt 0.172113 0.973268
vt 0.179980 0.980256
vt 0.171796 0.980101
vt 0.179980 0.970938
vt 0.960499 0.577130
vt 0.968382 0.577209
vt 0.960805 0.586713
vt 0.968382 0.590260
vt 0.711665 0.924245
vt 0.704073 0.909562
vt 0.711665 0.907719
vt 0.695596 0.924681
vt 0.078885 0.949161
vt 0.090199 0.952930
vt 0.078885 0.962885
vt 0.089795 0.948867
vt 0.624963 0.961657
vt 0.635850 0.947223
vt 0.635850 0.962423
vt 0.708992 0.941950
vt 0.722261 0.932855
vt 0.721391 0.941024
vt 0.708992 0.924681
vt 0.257694 0.911584
vt 0.269542 0.923792
vt 0.257694 0.929773
vt 0.271548 0.911137
vt 0.279383 0.908324
vt 0.295465 0.908688
vt 0.287887 0.923397
vt 0.817390 0.945349
vt 0.813276 0.928945
vt 0.826508 0.929322
vt 0.813276 0.945634
vt 0.366801 0.928494
vt 0.381076 0.937140
vt 0.366801 0.944321
vt 0.295465 0.925201
vt 0.975070 0.672930
vt 0.971939 0.676797
vt 0.971939 0.667793
vt 0.761939 0.947468
vt 0.761247 0.951753
vt 0.757072 0.946431
vt 0.752162 0.951682
vt 0.749618 0.960412
vt 0.761992 0.960412
vt 0.090199 0.948410
vt 0.079040 0.940817
vt 0.090199 0.931064
vt 0.080267 0.948867
vt 0.594716 0.922595
vt 0.606581 0.928604
vt 0.594716 0.939021
vt 0.608574 0.939533
vt 0.244808 0.921506
vt 0.244808 0.902195
vt 0.255978 0.911406
vt 0.254368 0.926231
vt 0.747927 0.894195
vt 0.764818 0.902058
vt 0.749549 0.912582
vt 0.764014 0.912582
vt 0.867216 0.715475
vt 0.876615 0.710652
vt 0.876615 0.729205
vt 0.414740 0.887191
vt 0.414740 0.865840
vt 0.431885 0.885888
vt 0.433825 0.865910
vt 0.756154 0.473733
vt 0.773641 0.490878
vt 0.756248 0.492817
vt 0.774923 0.473733
vt 0.609055 0.483186
vt 0.617941 0.491515
vt 0.617870 0.484389
vt 0.813136 0.930613
vt 0.804616 0.931061
vt 0.813207 0.922233
vt 0.804616 0.919647
vt 0.856561 0.843780
vt 0.874481 0.815459
vt 0.874481 0.839538
vt 0.860948 0.818606
vt 0.856357 0.267406
vt 0.859279 0.241495
vt 0.874037 0.263920
vt 0.874037 0.238367
vt 0.463991 0.882681
vt 0.463991 0.911929
vt 0.455761 0.902423
vt 0.906854 0.206647
vt 0.901074 0.231261
vt 0.893723 0.206647
vt 0.869701 0.918135
vt 0.853175 0.918135
vt 0.865591 0.900080
vt 0.948311 0.955471
vt 0.935670 0.955471
vt 0.948216 0.940465
vt 0.911213 0.826331
vt 0.921556 0.815459
vt 0.921556 0.842374
vt 0.863018 0.409473
vt 0.878645 0.434024
vt 0.863018 0.435104
vt 0.880959 0.418264
vt 0.065439 0.925007
vt 0.065439 0.907341
vt 0.081047 0.908673
vt 0.500132 0.956091
vt 0.487491 0.941173
vt 0.500132 0.941094
vt 0.911213 0.858424
vt 0.921551 0.842374
vt 0.921551 0.869288
vt 0.897253 0.970938
vt 0.890829 0.976494
vt 0.890703 0.971261
vt 0.897253 0.978756
vt 0.492660 0.972507
vt 0.498966 0.981127
vt 0.492535 0.979314
vt 0.498966 0.970938
vt 0.796549 0.287154
vt 0.796549 0.302608
vt 0.790651 0.302493
vt 0.787690 0.286807
vt 0.511025 0.963651
vt 0.503076 0.947761
vt 0.509885 0.947886
vt 0.500833 0.963651
vt 0.939720 0.636712
vt 0.926748 0.635199
vt 0.939720 0.618726
vt 0.834483 0.636016
vt 0.853177 0.620703
vt 0.853177 0.641107
vt 0.907215 0.284706
vt 0.920704 0.302548
vt 0.904485 0.301005
vt 0.920704 0.284228
vt 0.924659 0.277687
vt 0.911269 0.257363
vt 0.924659 0.257565
vt 0.912088 0.275625
vt 0.941410 0.791616
vt 0.931043 0.809436
vt 0.930089 0.789337
vt 0.941410 0.809694
vt 0.366946 0.928493
vt 0.378340 0.910589
vt 0.381076 0.926874
vt 0.366946 0.910174
vt 0.246234 0.899944
vt 0.238085 0.883050
vt 0.246234 0.879285
vt 0.228752 0.896925
vt 0.402891 0.909726
vt 0.391712 0.890900
vt 0.407598 0.890143
vt 0.407598 0.910036
vt 0.948555 0.412354
vt 0.937237 0.426781
vt 0.936566 0.409473
vt 0.946947 0.426781
vt 0.646847 0.963373
vt 0.635965 0.963151
vt 0.646847 0.948756
vt 0.906854 0.213309
vt 0.920424 0.206647
vt 0.920424 0.228244
vt 0.321102 0.920750
vt 0.321102 0.935473
vt 0.309882 0.918653
vt 0.306416 0.935559
vt 0.545753 0.945226
vt 0.545753 0.924091
vt 0.555634 0.937458
vt 0.921987 0.782582
vt 0.907424 0.775944
vt 0.921987 0.762812
vt 0.621432 0.903786
vt 0.636385 0.891249
vt 0.636385 0.912165
vt 0.171796 0.979729
vt 0.163107 0.972147
vt 0.171796 0.970938
vt 0.163178 0.978602
vt 0.376181 0.971103
vt 0.370526 0.979729
vt 0.370526 0.970938
vt 0.376758 0.981882
vt 0.877425 0.484995
vt 0.859127 0.482666
vt 0.874132 0.463612
vt 0.859127 0.458255
vt 0.223226 0.875824
vt 0.228752 0.857514
vt 0.228752 0.877874
vt 0.921551 0.859116
vt 0.923382 0.842374
vt 0.936155 0.859116
vt 0.905347 0.205063
vt 0.915789 0.186777
vt 0.921198 0.205063
vt 0.920354 0.186323
vt 0.204697 0.895261
vt 0.221763 0.882152
vt 0.221763 0.903048
vt 0.965667 0.708420
vt 0.971939 0.720398
vt 0.966161 0.719822
vt 0.971939 0.706588
vt 0.968593 0.317285
vt 0.968593 0.328697
vt 0.959869 0.326474
vt 0.959940 0.318095
vt 0.408569 0.890143
vt 0.394506 0.866725
vt 0.408569 0.865732
vt 0.391713 0.887194
vt 0.343955 0.957394
vt 0.355844 0.950070
vt 0.211636 0.643562
vt 0.211636 0.658613
vt 0.205322 0.649402
vt 0.942060 0.984426
vt 0.942060 0.970938
vt 0.945761 0.980211
vt 0.963329 0.221167
vt 0.966996 0.233270
vt 0.957102 0.220386
vt 0.957102 0.233298
vt 0.971939 0.285646
vt 0.977013 0.289391
vt 0.972301 0.289391
vt 0.978321 0.282677
vt 0.971939 0.008156
vt 0.978526 0.012964
vt 0.971939 0.838862
vt 0.971939 0.833198
vt 0.975830 0.837034
vt 0.403741 0.961923
vt 0.414665 0.949221
vt 0.414665 0.963260
vt 0.718059 0.836550
vt 0.718059 0.820606
vt 0.724422 0.828285
vt 0.957102 0.206647
vt 0.945610 0.217418
vt 0.945926 0.207292
vt 0.957102 0.222696
vt 0.905277 0.312448
vt 0.905277 0.328829
vt 0.892667 0.320506
vt 0.894557 0.302844
vt 0.952394 0.560555
vt 0.952394 0.582698
vt 0.943851 0.576486
vt 0.893459 0.327881
vt 0.844191 0.290079
vt 0.856047 0.290079
vt 0.852253 0.302320
vt 0.112806 0.951447
vt 0.126669 0.937103
vt 0.125885 0.950022
vt 0.112806 0.937075
vt 0.258478 0.957922
vt 0.257694 0.945008
vt 0.269888 0.959258
vt 0.269888 0.944885
vt 0.382707 0.909069
vt 0.382707 0.889997
vt 0.391634 0.900118
vt 0.974151 0.447467
vt 0.974151 0.464835
vt 0.971939 0.449362
vt 0.950078 0.252405
vt 0.950078 0.233342
vt 0.959002 0.242296
vt 0.472691 0.970938
vt 0.472691 0.989960
vt 0.469206 0.986205
vt 0.549539 0.875311
vt 0.535584 0.861001
vt 0.549539 0.858504
vt 0.531908 0.870481
vt 0.537181 0.848219
vt 0.530561 0.855959
vt 0.944944 0.955471
vt 0.935876 0.968273
vt 0.882205 0.710963
vt 0.882077 0.680031
vt 0.893184 0.708911
vt 0.894301 0.680031
vt 0.877240 0.761678
vt 0.888367 0.731425
vt 0.889464 0.761678
vt 0.877390 0.729374
vt 0.937958 0.677120
vt 0.950344 0.668630
vt 0.949532 0.676256
vt 0.937958 0.661000
vt 0.931961 0.485666
vt 0.943020 0.497062
vt 0.931961 0.502644
vt 0.944892 0.485249
vt 0.959193 0.073278
vt 0.948777 0.066190
vt 0.959193 0.057086
vt 0.949922 0.073704
vt 0.937575 0.095314
vt 0.948650 0.100923
vt 0.937575 0.110647
vt 0.950510 0.111124
vt 0.974908 0.548212
vt 0.971939 0.551332
vt 0.971939 0.539851
vt 0.729479 0.974562
vt 0.729479 0.979168
vt 0.724310 0.979117
vt 0.722485 0.970938
vt 0.446074 0.317798
vt 0.451700 0.306231
vt 0.457268 0.317798
vt 0.293292 0.954490
vt 0.303264 0.954490
vt 0.297349 0.966796
vt 0.877425 0.459146
vt 0.889869 0.476782
vt 0.877425 0.485043
vt 0.891756 0.458255
vt 0.272677 0.890213
vt 0.272677 0.911137
vt 0.257694 0.904255
vt 0.258107 0.891053
vt 0.879392 0.232552
vt 0.891836 0.214902
vt 0.893723 0.233433
vt 0.879392 0.206647
vt 0.610006 0.932380
vt 0.610006 0.912165
vt 0.622532 0.928838
vt 0.622470 0.915869
vt 0.872153 0.895676
vt 0.872153 0.875783
vt 0.890516 0.885254
vt 0.912368 0.456877
vt 0.898023 0.435104
vt 0.912368 0.435320
vt 0.898900 0.454669
vt 0.929923 0.357849
vt 0.918816 0.376939
vt 0.917794 0.355406
vt 0.929923 0.377215
vt 0.936566 0.423740
vt 0.925347 0.430602
vt 0.925347 0.409473
vt 0.774923 0.493046
vt 0.788223 0.473733
vt 0.793372 0.493046
vt 0.949194 0.140848
vt 0.939553 0.150039
vt 0.939553 0.129665
vt 0.233124 0.936303
vt 0.228752 0.951038
vt 0.228752 0.936273
vt 0.242254 0.947352
vt 0.439437 0.921106
vt 0.439262 0.903277
vt 0.453750 0.919965
vt 0.455199 0.903277
vt 0.868850 0.934072
vt 0.854316 0.919573
vt 0.868850 0.918134
vt 0.853175 0.933885
vt 0.971939 0.179170
vt 0.975658 0.181991
vt 0.971939 0.191286
vt 0.896125 0.039673
vt 0.896125 0.057221
vt 0.882615 0.048305
vt 0.884639 0.029384
vt 0.944822 0.916743
vt 0.944822 0.940465
vt 0.935670 0.933810
vt 0.883464 0.056206
vt 0.872153 0.848389
vt 0.885910 0.870162
vt 0.887757 0.847385
vt 0.873013 0.296428
vt 0.886400 0.268811
vt 0.888240 0.292878
vt 0.873013 0.267406
vt 0.715928 0.866107
vt 0.700977 0.850776
vt 0.715928 0.848101
vt 0.697039 0.860933
vt 0.702688 0.837083
vt 0.695596 0.845375
vt 0.974938 0.681882
vt 0.971939 0.686165
vt 0.971939 0.676798
vt 0.797243 0.971701
vt 0.791923 0.976068
vt 0.792933 0.970938
vt 0.797243 0.981288
vt 0.572555 0.915950
vt 0.559735 0.932229
vt 0.557258 0.917524
vt 0.572555 0.932373
vt 0.662330 0.932046
vt 0.659852 0.946749
vt 0.649012 0.930458
vt 0.649012 0.946881
vt 0.049482 0.932897
vt 0.062484 0.932897
vt 0.054838 0.948925
vt 0.257694 0.944885
vt 0.264735 0.929773
vt 0.272288 0.944885
vt 0.965002 0.112011
vt 0.960608 0.125671
vt 0.963649 0.111124
vt 0.967655 0.125671
vt 0.028929 0.937406
vt 0.042921 0.922665
vt 0.042921 0.939326
vt 0.670015 0.144115
vt 0.686352 0.127210
vt 0.685427 0.142435
vt 0.670015 0.127177
vt 0.922621 0.912392
vt 0.921697 0.897173
vt 0.936067 0.913966
vt 0.936067 0.897028
vt 0.515206 0.972446
vt 0.510998 0.986180
vt 0.510998 0.970938
vt 0.909129 0.706589
vt 0.895009 0.719608
vt 0.896560 0.706674
vt 0.909129 0.729374
vt 0.077464 0.942412
vt 0.073210 0.956415
vt 0.065439 0.942276
vt 0.077464 0.957324
vt 0.414612 0.890143
vt 0.414612 0.909444
vt 0.407599 0.894684
vt 0.861385 0.057147
vt 0.863988 0.045863
vt 0.083803 0.906932
vt 0.083803 0.888249
vt 0.090240 0.892206
vt 0.929481 0.880500
vt 0.923073 0.897028
vt 0.919490 0.891805
vt 0.919490 0.870788
vt 0.907826 0.069304
vt 0.892088 0.059020
vt 0.907826 0.057394
vt 0.891075 0.077579
vt 0.888048 0.116345
vt 0.888922 0.098532
vt 0.904599 0.107364
vt 0.904599 0.095314
vt 0.975315 0.409842
vt 0.971939 0.418176
vt 0.082920 0.871251
vt 0.090240 0.884460
vt 0.083982 0.888249
vt 0.090240 0.864953
vt 0.896125 0.055546
vt 0.896125 0.034812
vt 0.908321 0.046125
vt 0.902197 0.029384
vt 0.910751 0.409473
vt 0.896738 0.422406
vt 0.898287 0.409573
vt 0.910751 0.432086
vt 0.971939 0.473973
vt 0.976743 0.477507
vt 0.972283 0.477507
vt 0.977978 0.471172
vt 0.941245 0.355406
vt 0.953197 0.364459
vt 0.941245 0.371534
vt 0.871969 0.948923
vt 0.871969 0.966408
vt 0.866171 0.965999
vt 0.959610 0.144591
vt 0.959610 0.129665
vt 0.967207 0.142537
vt 0.957667 0.074570
vt 0.966147 0.082275
vt 0.973957 0.744594
vt 0.971939 0.732513
vt 0.973957 0.731618
vt 0.221763 0.900497
vt 0.228577 0.889489
vt 0.224058 0.903973
vt 0.925865 0.247359
vt 0.924908 0.256345
vt 0.911269 0.238367
vt 0.673157 0.892368
vt 0.686189 0.905797
vt 0.673157 0.912375
vt 0.688396 0.891877
vt 0.936934 0.276444
vt 0.924659 0.268091
vt 0.926009 0.276947
vt 0.028929 0.904033
vt 0.041980 0.910642
vt 0.028929 0.922102
vt 0.044172 0.922665
vt 0.423649 0.924799
vt 0.428186 0.941152
vt 0.415378 0.923928
vt 0.414740 0.941152
vt 0.904485 0.238367
vt 0.888901 0.253640
vt 0.889490 0.239753
vt 0.904485 0.260359
vt 0.946222 0.073721
vt 0.946222 0.095121
vt 0.936496 0.083467
vt 0.828595 0.884529
vt 0.834026 0.877013
vt 0.909974 0.698564
vt 0.922359 0.680031
vt 0.925074 0.698564
vt 0.359061 0.931261
vt 0.359061 0.909084
vt 0.366751 0.919912
vt 0.028929 0.953420
vt 0.041435 0.940391
vt 0.042531 0.951996
vt 0.028929 0.939326
vt 0.228430 0.920954
vt 0.220666 0.942898
vt 0.219748 0.924810
vt 0.228430 0.943019
vt 0.959244 0.967362
vt 0.962904 0.953258
vt 0.967460 0.961695
vt 0.959244 0.953446
vt 0.039504 0.964380
vt 0.028929 0.953419
vt 0.039603 0.953419
vt 0.035833 0.966016
vt 0.919060 0.057381
vt 0.907826 0.074367
vt 0.907826 0.057115
vt 0.921816 0.077579
vt 0.556227 0.915950
vt 0.569939 0.901693
vt 0.572555 0.910377
vt 0.556227 0.897358
vt 0.939910 0.296419
vt 0.931666 0.279603
vt 0.944973 0.279603
vt 0.943862 0.296559
vt 0.974895 0.574294
vt 0.971939 0.571172
vt 0.974895 0.562813
vt 0.080995 0.897569
vt 0.065439 0.888803
vt 0.083506 0.888803
vt 0.065709 0.907341
vt 0.749618 0.946431
vt 0.758979 0.930891
vt 0.762605 0.945630
vt 0.762605 0.929445
vt 0.204697 0.936904
vt 0.204697 0.920954
vt 0.219748 0.931261
vt 0.857750 0.158941
vt 0.857750 0.129665
vt 0.872821 0.157116
vt 0.874517 0.129768
vt 0.865848 0.056394
vt 0.880920 0.031190
vt 0.882615 0.056270
vt 0.865848 0.029384
vt 0.940853 0.729374
vt 0.953826 0.734562
vt 0.940853 0.744411
vt 0.180286 0.951205
vt 0.180286 0.965499
vt 0.170874 0.957127
vt 0.336708 0.965498
vt 0.336708 0.947740
vt 0.343593 0.952220
vt 0.833570 0.991176
vt 0.833570 0.970938
vt 0.836202 0.988045
vt 0.828595 0.900367
vt 0.833994 0.884528
vt 0.833994 0.902640
vt 0.958823 0.610778
vt 0.946887 0.618632
vt 0.946887 0.605818
vt 0.050961 0.984059
vt 0.044728 0.976224
vt 0.050961 0.970938
vt 0.825710 0.959553
vt 0.813276 0.959553
vt 0.820086 0.945634
vt 0.173383 0.909361
vt 0.157440 0.909361
vt 0.171382 0.891405
vt 0.158292 0.888994
vt 0.364298 0.974675
vt 0.359729 0.985920
vt 0.896738 0.433424
vt 0.880959 0.409473
vt 0.896738 0.409711
vt 0.881923 0.430995
vt 0.909300 0.643853
vt 0.897082 0.664853
vt 0.895958 0.641167
vt 0.909300 0.665157
vt 0.946443 0.833238
vt 0.933879 0.828930
vt 0.946443 0.815459
vt 0.849283 0.552280
vt 0.837766 0.559321
vt 0.937632 0.507217
vt 0.937632 0.524764
vt 0.924003 0.513622
vt 0.961626 0.507217
vt 0.950926 0.522366
vt 0.950696 0.507217
vt 0.974984 0.713833
vt 0.971939 0.717289
vt 0.971939 0.708644
vt 0.964369 0.970938
vt 0.968665 0.971561
vt 0.963370 0.975434
vt 0.968665 0.979940
vt 0.854606 0.952639
vt 0.846370 0.963636
vt 0.846370 0.947070
vt 0.882077 0.691349
vt 0.882077 0.710652
vt 0.867216 0.700845
vt 0.869443 0.680031
vt 0.204117 0.896116
vt 0.204117 0.922211
vt 0.194049 0.914890
vt 0.868150 0.709535
vt 0.789724 0.849552
vt 0.773279 0.832689
vt 0.789724 0.829746
vt 0.768947 0.843860
vt 0.775161 0.817626
vt 0.767359 0.826747
vt 0.013853 0.938919
vt 0.000347 0.948323
vt -0.000000 0.944000
vt 0.013853 0.953093
vt 0.934305 0.571858
vt 0.922043 0.560555
vt 0.932958 0.560624
vt 0.922043 0.580343
vt 0.407091 0.925758
vt 0.407091 0.910036
vt 0.414436 0.918879
vt 0.921823 0.949758
vt 0.921823 0.934998
vt 0.935670 0.939182
vt 0.432842 0.303935
vt 0.420605 0.316563
vt 0.419793 0.303935
vt 0.431414 0.317798
vt 0.801779 0.962855
vt 0.802388 0.950218
vt 0.813160 0.962855
vt 0.811509 0.949017
vt 0.875817 0.795577
vt 0.875817 0.815047
vt 0.862353 0.804558
vt 0.959222 0.156091
vt 0.968249 0.146283
vt 0.968249 0.159326
vt 0.468229 0.317798
vt 0.463028 0.306066
vt 0.391713 0.927028
vt 0.391713 0.910036
vt 0.407092 0.917331
vt 0.971939 0.559691
vt 0.974895 0.551332
vt 0.487522 0.941094
vt 0.502342 0.925696
vt 0.501529 0.939539
vt 0.487491 0.925696
vt 0.949996 0.508771
vt 0.950696 0.522614
vt 0.937788 0.507217
vt 0.937632 0.522614
vt 0.857570 0.586384
vt 0.875555 0.561147
vt 0.875555 0.588208
vt 0.857440 0.560555
vt 0.857881 0.103831
vt 0.875873 0.129149
vt 0.875873 0.102084
vt 0.580676 0.954135
vt 0.577065 0.966017
vt 0.570471 0.954019
vt 0.580676 0.966789
vt 0.968106 0.789337
vt 0.968106 0.805714
vt 0.962154 0.793190
vt 0.955544 0.922470
vt 0.965638 0.931611
vt 0.432842 0.304465
vt 0.446074 0.304465
vt 0.444090 0.317798
vt 0.800039 0.755552
vt 0.811816 0.750738
vt 0.811816 0.762524
vt 0.246376 0.970938
vt 0.246376 0.985774
vt 0.241456 0.985428
vt 0.064079 0.981846
vt 0.070517 0.970938
vt 0.070517 0.983621
vt 0.971939 0.764012
vt 0.971939 0.744594
vt 0.973263 0.762669
vt 0.963517 0.163688
vt 0.954253 0.180125
vt 0.953618 0.163688
vt 0.673848 0.988040
vt 0.673848 0.970938
vt 0.677308 0.983587
vt 0.621142 0.655338
vt 0.621142 0.677106
vt 0.616282 0.658837
vt 0.841038 0.759440
vt 0.860391 0.729374
vt 0.860391 0.760735
vt 0.840906 0.729882
vt 0.842295 0.058700
vt 0.861648 0.088754
vt 0.842163 0.088257
vt 0.861648 0.057394
vt 0.974541 0.804324
vt 0.971939 0.801902
vt 0.974541 0.795480
vt 0.524710 0.931723
vt 0.524710 0.947646
vt 0.511396 0.938306
vt 0.279383 0.942470
vt 0.292653 0.933375
vt 0.291783 0.941545
vt 0.279383 0.925201
vt 0.622532 0.912612
vt 0.634379 0.924820
vt 0.622532 0.930800
vt 0.636386 0.912165
vt 0.849478 0.925202
vt 0.834734 0.913893
vt 0.849017 0.913893
vt 0.834196 0.930647
vt 0.464291 0.875599
vt 0.482579 0.858420
vt 0.478301 0.882681
vt 0.892661 0.354453
vt 0.881502 0.346860
vt 0.892661 0.337107
vt 0.882729 0.354910
vt 0.925695 0.129665
vt 0.937560 0.135673
vt 0.925695 0.146090
vt 0.939553 0.146603
vt 0.926748 0.618992
vt 0.914453 0.632408
vt 0.915775 0.618726
vt 0.926748 0.640632
vt 0.223004 0.857514
vt 0.223004 0.882152
vt 0.207977 0.862060
vt 0.204697 0.878928
vt 0.845581 0.667626
vt 0.848200 0.641919
vt 0.825073 0.672224
vt 0.744525 0.880296
vt 0.728454 0.858932
vt 0.744525 0.857157
vt 0.724463 0.879278
vt 0.968272 0.233342
vt 0.968272 0.246151
vt 0.959002 0.233787
vt 0.649148 0.871608
vt 0.667807 0.844657
vt 0.667807 0.873057
vt 0.649012 0.844838
vt 0.855907 0.195823
vt 0.864581 0.200823
vt 0.855907 0.212379
vt 0.748063 0.845714
vt 0.766729 0.872765
vt 0.747927 0.872487
vt 0.766729 0.844361
vt 0.336708 0.947741
vt 0.336708 0.963526
vt 0.326447 0.957092
vt 0.890516 0.915407
vt 0.895115 0.897028
vt 0.907039 0.915407
vt 0.892472 0.790215
vt 0.877379 0.801233
vt 0.876612 0.789336
vt 0.892472 0.813568
vt 0.951330 0.435104
vt 0.939396 0.451104
vt 0.811660 0.865022
vt 0.811660 0.839039
vt 0.830562 0.860035
vt 0.833100 0.838475
vt 0.789724 0.873095
vt 0.809285 0.848841
vt 0.810634 0.868323
vt 0.791084 0.848841
vt 0.897994 0.146479
vt 0.908137 0.132498
vt 0.912305 0.151503
vt 0.897994 0.129664
vt 0.883321 0.639231
vt 0.900108 0.618726
vt 0.900108 0.640208
vt 0.893087 0.408325
vt 0.878003 0.397318
vt 0.893087 0.384974
vt 0.877234 0.409212
vt 0.975459 0.357241
vt 0.971939 0.354119
vt 0.975459 0.345761
vt 0.193563 0.428303
vt 0.205236 0.416143
vt 0.206259 0.426974
vt 0.193563 0.415148
vt 0.959435 0.435104
vt 0.952188 0.455587
vt 0.951330 0.438703
vt 0.959435 0.455700
vt 0.974794 0.874307
vt 0.974794 0.881581
vt 0.971939 0.877222
vt 0.869597 0.970938
vt 0.869597 0.985728
vt 0.866098 0.980945
vt 0.895958 0.679484
vt 0.906080 0.665157
vt 0.909223 0.679484
vt 0.974215 0.784423
vt 0.974215 0.795480
vt 0.971939 0.790841
vt 0.876592 0.985728
vt 0.873096 0.975723
vt 0.876592 0.970938
vt 0.878303 0.071279
vt 0.891075 0.082151
vt 0.880999 0.088234
vt 0.891075 0.057394
vt 0.962177 0.725708
vt 0.956019 0.744410
vt 0.953826 0.725708
vt 0.637269 0.144162
vt 0.642265 0.127177
vt 0.653614 0.144162
vt 0.956320 0.257459
vt 0.949417 0.275813
vt 0.955878 0.257363
vt 0.958647 0.275813
vt 0.157440 0.943917
vt 0.167329 0.928281
vt 0.171235 0.943829
vt 0.171235 0.927347
vt 0.861614 0.512829
vt 0.874315 0.512829
vt 0.868585 0.525746
vt 0.577278 0.907151
vt 0.585188 0.891377
vt 0.594419 0.906953
vt 0.577278 0.887355
vt 0.422633 0.902961
vt 0.414740 0.906990
vt 0.431879 0.887369
vt 0.837501 0.895165
vt 0.851665 0.880503
vt 0.851928 0.880777
vt 0.834196 0.888556
vt 0.834196 0.874477
vt 0.851579 0.876289
vt 0.924080 0.725490
vt 0.909129 0.716440
vt 0.924080 0.706589
vt 0.781154 0.941010
vt 0.767359 0.949449
vt 0.767359 0.935165
vt 0.781472 0.936701
vt 0.145069 0.938990
vt 0.130872 0.938990
vt 0.132665 0.922447
vt 0.968029 0.525746
vt 0.968029 0.539088
vt 0.959244 0.531274
vt 0.272797 0.944502
vt 0.272797 0.927927
vt 0.279223 0.932109
vt 0.406465 0.303935
vt 0.419793 0.309539
vt 0.406465 0.317799
vt 0.971939 0.079467
vt 0.971939 0.060577
vt 0.974395 0.076545
vt 0.888207 0.186323
vt 0.896217 0.202978
vt 0.888207 0.206197
vt 0.905347 0.186516
vt 0.944275 0.723542
vt 0.936355 0.706588
vt 0.948253 0.707221
vt 0.948253 0.724138
vt 0.925695 0.149988
vt 0.912305 0.129665
vt 0.925695 0.129867
vt 0.913124 0.147927
vt 0.941245 0.357686
vt 0.930877 0.375505
vt 0.929923 0.355406
vt 0.941245 0.375763
vt 0.889464 0.749250
vt 0.897488 0.732603
vt 0.906600 0.749075
vt 0.889464 0.729374
vt 0.305226 0.954490
vt 0.297538 0.939386
vt 0.301356 0.938464
vt 0.434188 0.776055
vt 0.439229 0.761271
vt 0.439229 0.778177
vt 0.822861 0.762803
vt 0.811816 0.755328
vt 0.822861 0.750738
vt 0.414665 0.938417
vt 0.406564 0.933757
vt 0.410160 0.927028
vt 0.406564 0.949221
vt 0.511257 0.908577
vt 0.511257 0.925408
vt 0.503146 0.914314
vt 0.909292 0.012942
vt 0.923135 0.003339
vt 0.909276 0.020269
vt 0.922300 0.001395
vt 0.909276 0.000000
vt 0.665735 0.988049
vt 0.665735 0.970938
vt 0.669194 0.975393
vt 0.923330 0.525746
vt 0.923330 0.545880
vt 0.909402 0.534557
vt 0.814467 0.287786
vt 0.829041 0.287786
vt 0.819760 0.302672
vt 0.846370 0.960709
vt 0.834196 0.952648
vt 0.919654 0.461340
vt 0.930231 0.472865
vt 0.919654 0.482751
vt 0.928107 0.458255
vt 0.967894 0.842036
vt 0.967894 0.855482
vt 0.959426 0.845140
vt 0.782249 0.929640
vt 0.767359 0.918731
vt 0.974687 0.766580
vt 0.971939 0.773365
vt 0.920946 0.933079
vt 0.909290 0.947879
vt 0.907039 0.934511
vt 0.920946 0.948009
vt 0.958838 0.681475
vt 0.956586 0.694841
vt 0.946731 0.680031
vt 0.946731 0.694961
vt 0.905083 0.798940
vt 0.905083 0.815321
vt 0.892473 0.806998
vt 0.894362 0.789337
vt 0.952644 -0.000000
vt 0.952644 0.022143
vt 0.944101 0.015931
vt 0.893265 0.814373
vt 0.940725 0.758730
vt 0.929532 0.762640
vt 0.929532 0.749731
vt 0.948856 0.150039
vt 0.940732 0.163496
vt 0.853175 0.874477
vt 0.839220 0.860167
vt 0.853175 0.857670
vt 0.835544 0.869647
vt 0.840817 0.847385
vt 0.834196 0.855125
vt 0.968097 0.605818
vt 0.959028 0.618627
vt 0.958823 0.605818
vt 0.126669 0.951571
vt 0.122802 0.964301
vt 0.115737 0.951447
vt 0.126669 0.965127
vt 0.788625 0.918731
vt 0.788625 0.936277
vt 0.782249 0.922859
vt 0.974536 0.824353
vt 0.971939 0.821933
vt 0.974536 0.815509
vt 0.872153 0.962331
vt 0.872153 0.948701
vt 0.883841 0.953478
vt 0.049443 0.904033
vt 0.049443 0.919928
vt 0.044172 0.919557
vt 0.963517 0.177258
vt 0.970424 0.175390
vt 0.909431 0.560253
vt 0.923265 0.545880
vt 0.922507 0.558801
vt 0.909402 0.545880
vt 0.027097 0.945810
vt 0.027750 0.958731
vt 0.015701 0.944359
vt 0.015555 0.958731
vt 0.971939 0.169879
vt 0.975672 0.167054
vt 0.975672 0.179170
vt 0.143540 0.977328
vt 0.143109 0.981989
vt 0.136517 0.980139
vt 0.577278 0.939926
vt 0.577278 0.924088
vt 0.591806 0.933744
vt 0.662330 0.935034
vt 0.675219 0.930457
vt 0.675219 0.946835
vt 0.959610 0.145856
vt 0.949194 0.138768
vt 0.950339 0.146283
vt 0.937144 0.236596
vt 0.948218 0.242204
vt 0.937144 0.251928
vt 0.938066 0.560217
vt 0.950452 0.551727
vt 0.949640 0.559353
vt 0.938066 0.544097
vt 0.932140 0.385392
vt 0.943198 0.396787
vt 0.932140 0.402369
vt 0.945071 0.384974
vt 0.906493 0.875783
vt 0.906493 0.897028
vt 0.890516 0.886576
vt 0.906980 0.581799
vt 0.891010 0.571013
vt 0.906980 0.560555
vt 0.961761 0.335700
vt 0.952693 0.347830
vt 0.952693 0.329585
vt 0.463991 0.938223
vt 0.477747 0.923892
vt 0.478953 0.936656
vt 0.463991 0.922719
vt 0.305226 0.914193
vt 0.296686 0.938331
vt 0.295675 0.918434
vt 0.305226 0.938464
vt 0.384299 0.888800
vt 0.366946 0.889997
vt 0.381492 0.869122
vt 0.366946 0.867490
vt 0.904774 0.377913
vt 0.892484 0.357021
vt 0.904774 0.355406
vt 0.889673 0.376695
vt 0.022418 0.849319
vt 0.028929 0.859102
vt 0.241456 0.974017
vt 0.237913 0.991837
vt 0.616643 0.677105
vt 0.621142 0.694401
vt 0.616643 0.697199
vt 0.479234 0.928167
vt 0.479234 0.904088
vt 0.487320 0.920290
vt 0.953476 0.371534
vt 0.945103 0.384842
vt 0.826508 0.948478
vt 0.826508 0.928945
vt 0.834081 0.933873
vt 0.502315 0.993199
vt 0.502315 0.970938
vt 0.505209 0.989756
vt 0.953525 0.751689
vt 0.940854 0.759740
vt 0.940854 0.744410
vt 0.408569 0.883155
vt 0.414509 0.865732
vt 0.414509 0.885655
vt 0.708725 0.947281
vt 0.695596 0.955920
vt 0.695596 0.941824
vt 0.133737 0.968416
vt 0.126880 0.959798
vt 0.133737 0.953983
vt 0.157440 0.942315
vt 0.145527 0.949615
vt 0.145527 0.933263
vt 0.695380 0.144198
vt 0.695380 0.122392
vt 0.714897 0.136879
vt 0.714104 0.125946
vt 0.016424 0.884764
vt 0.000000 0.885501
vt 0.018358 0.870898
vt 0.000000 0.861912
vt 0.735016 0.952812
vt 0.735016 0.966383
vt 0.724118 0.964920
vt 0.360732 0.890135
vt 0.366574 0.903200
vt 0.360732 0.908719
vt 0.366809 0.894792
vt 0.788301 0.904417
vt 0.782459 0.917480
vt 0.782459 0.898897
vt 0.788536 0.912826
vt 0.688848 0.922153
vt 0.673157 0.928713
vt 0.948770 0.646547
vt 0.959979 0.641167
vt 0.959979 0.656614
vt 0.914453 0.640499
vt 0.914453 0.618942
vt 0.900984 0.638290
vt 0.930089 0.791779
vt 0.918982 0.810869
vt 0.917960 0.789336
vt 0.930089 0.811146
vt 0.112244 0.943001
vt 0.112244 0.961551
vt 0.103317 0.949306
vt 0.021868 0.861912
vt 0.000013 0.860024
vt 0.021868 0.833405
vt -0.000000 0.833776
vt 0.050797 0.861334
vt 0.028942 0.834724
vt 0.050797 0.832826
vt 0.028929 0.860973
vt 0.974908 0.536731
vt 0.971939 0.528370
vt 0.736474 0.974562
vt 0.736474 0.979168
vt 0.731305 0.979117
vt 0.729480 0.970938
vt 0.948253 0.706589
vt 0.957787 0.712101
vt 0.948253 0.724778
vt 0.967150 0.897028
vt 0.967150 0.910769
vt 0.957219 0.897507
vt 0.834483 0.590888
vt 0.856500 0.560555
vt 0.857440 0.588961
vt 0.835656 0.560555
vt 0.834234 0.385746
vt 0.834234 0.356561
vt 0.855170 0.383636
vt 0.857243 0.355406
vt 0.953197 0.354680
vt 0.962925 0.357284
vt 0.953197 0.371534
vt 0.953525 0.760693
vt 0.957881 0.744411
vt 0.963588 0.760693
vt 0.215713 0.960271
vt 0.204697 0.964819
vt 0.204697 0.951028
vt 0.971939 0.500263
vt 0.971939 0.477507
vt 0.973596 0.480259
vt 0.249032 0.879285
vt 0.238070 0.874133
vt 0.248418 0.862308
vt 0.249032 0.856329
vt 0.228752 0.861944
vt 0.579260 0.970938
vt 0.583469 0.981423
vt 0.579260 0.985626
vt 0.583474 0.974038
vt 0.737997 0.921567
vt 0.747807 0.935045
vt 0.737997 0.943992
vt 0.973971 0.267971
vt 0.931051 0.296568
vt 0.920704 0.284753
vt 0.931666 0.302548
vt 0.828595 0.889535
vt 0.828595 0.910310
vt 0.813277 0.895557
vt 0.971939 0.585456
vt 0.971939 0.574294
vt 0.974729 0.581130
vt 0.587683 0.975142
vt 0.583474 0.985625
vt 0.583474 0.970938
vt 0.545753 0.917747
vt 0.532933 0.934027
vt 0.530457 0.919322
vt 0.545753 0.934170
vt 0.635850 0.932390
vt 0.633372 0.947092
vt 0.622532 0.947223
vt 0.064036 0.914342
vt 0.049482 0.897119
vt 0.065439 0.915837
vt 0.973552 0.686165
vt 0.973552 0.703043
vt 0.971939 0.687403
vt 0.922433 0.077579
vt 0.924221 0.095121
vt 0.908261 0.095121
vt 0.180524 0.428262
vt 0.181955 0.415148
vt 0.193563 0.428262
vt 0.945761 0.986359
vt 0.945761 0.970938
vt 0.948982 0.975379
vt 0.889309 0.815459
vt 0.901599 0.835847
vt 0.889309 0.838118
vt 0.904410 0.816249
vt 0.948981 0.986349
vt 0.948981 0.970938
vt 0.952203 0.981910
vt 0.695423 0.945175
vt 0.695423 0.963132
vt 0.687483 0.949330
vt 0.065439 0.864953
vt 0.086565 0.836933
vt 0.086565 0.859358
vt 0.069594 0.841175
vt 0.515096 0.847457
vt 0.530179 0.865675
vt 0.512486 0.872259
vt 0.090336 0.867673
vt 0.107689 0.866867
vt 0.093143 0.887269
vt 0.107689 0.889527
vt 0.895958 0.651455
vt 0.895958 0.669004
vt 0.882447 0.660088
vt 0.884472 0.641167
vt 0.944101 -0.000000
vt 0.944101 0.023722
vt 0.934949 0.017067
vt 0.883297 0.667989
vt 0.557258 0.947225
vt 0.568390 0.953342
vt 0.557258 0.961982
vt 0.414775 0.923928
vt 0.431077 0.906990
vt 0.430183 0.922218
vt 0.922691 0.656531
vt 0.921767 0.641312
vt 0.936137 0.658104
vt 0.936137 0.641167
vt 0.936496 0.094618
vt 0.924221 0.086265
vt 0.936496 0.075537
vt 0.925571 0.095121
vt 0.594716 0.903964
vt 0.607768 0.910573
vt 0.594716 0.922032
vt 0.609959 0.922595
vt 0.403738 0.942563
vt 0.399483 0.956565
vt 0.391713 0.942426
vt 0.403738 0.957475
vt 0.695409 0.891876
vt 0.695409 0.911177
vt 0.688396 0.896417
vt 0.910751 0.428469
vt 0.925347 0.418465
vt 0.924390 0.427451
vt 0.511396 0.892939
vt 0.524428 0.906369
vt 0.511396 0.912947
vt 0.526635 0.892448
vt 0.724118 0.944596
vt 0.737997 0.952812
vt 0.667363 0.873057
vt 0.672985 0.889613
vt 0.667363 0.891090
vt 0.959435 0.450031
vt 0.967032 0.447976
vt 0.208406 0.920954
vt 0.204697 0.903048
vt 0.221029 0.903048
vt 0.663814 0.913704
vt 0.663814 0.893373
vt 0.673138 0.905326
vt 0.143540 0.972814
vt 0.150540 0.975586
vt 0.143540 0.982002
vt 0.150115 0.970938
vt 0.211643 0.720053
vt 0.202291 0.732078
vt 0.919490 0.874472
vt 0.919490 0.897028
vt 0.906493 0.884541
vt 0.936433 0.535058
vt 0.923330 0.544097
vt 0.946443 0.833714
vt 0.956495 0.827754
vt 0.280431 0.867797
vt 0.297917 0.887698
vt 0.279383 0.886880
vt 0.297917 0.866478
vt 0.904520 0.165130
vt 0.888295 0.184242
vt 0.903454 0.186323
vt 0.954495 0.870787
vt 0.954495 0.885714
vt 0.941678 0.881097
vt 0.695469 0.875343
vt 0.688582 0.889193
vt 0.688582 0.866236
vt 0.240358 0.963979
vt 0.228752 0.963979
vt 0.235966 0.951039
vt 0.594716 0.953627
vt 0.607222 0.940599
vt 0.608319 0.952203
vt 0.594716 0.939533
vt 0.555371 0.875311
vt 0.547607 0.897255
vt 0.546688 0.879166
vt 0.555371 0.897376
vt 0.424010 0.955412
vt 0.424010 0.968222
vt 0.414740 0.955856
vt 0.975472 0.342641
vt 0.971939 0.345761
vt 0.971939 0.334280
vt 0.971939 0.703043
vt 0.976652 0.703043
vt 0.975593 0.708644
vt 0.812733 0.978507
vt 0.817757 0.970938
vt 0.819939 0.978507
vt 0.977695 0.000000
vt 0.977695 0.008156
vt 0.971939 0.004202
vt 0.971939 0.842838
vt 0.975973 0.838862
vt 0.975973 0.844326
vt 0.618724 0.853397
vt 0.594716 0.832507
vt 0.619445 0.832507
vt 0.595216 0.859007
vt 0.439262 0.855904
vt 0.463212 0.835006
vt 0.463991 0.855904
vt 0.439689 0.829390
vt 0.909114 0.151503
vt 0.901502 0.163601
vt 0.897994 0.151503
vt 0.523144 0.965403
vt 0.523144 0.947646
vt 0.530028 0.952126
vt 0.836201 0.991176
vt 0.836201 0.970938
vt 0.838833 0.988045
vt 0.433825 0.881678
vt 0.439225 0.865840
vt 0.439225 0.883951
vt 0.156232 0.949615
vt 0.156232 0.963903
vt 0.145527 0.956860
vt 0.044728 0.984059
vt 0.038495 0.976224
vt 0.044728 0.970938
vt 0.578593 0.837032
vt 0.592783 0.850461
vt 0.578593 0.859818
vt 0.591270 0.837212
vt 0.578974 0.820415
vt 0.960105 0.672499
vt 0.960105 0.661000
vt 0.968277 0.668715
vt 0.967837 0.674615
vt 0.344429 0.974675
vt 0.349014 0.970938
vt 0.349014 0.985920
vt 0.723668 0.881863
vt 0.713311 0.886062
vt 0.713311 0.866107
vt 0.715317 0.899097
vt 0.922555 0.029384
vt 0.922555 0.049407
vt 0.908321 0.039215
vt 0.851474 0.970938
vt 0.855304 0.979948
vt 0.851474 0.984501
vt 0.855308 0.973129
vt 0.859136 0.975491
vt 0.855308 0.984499
vt 0.855308 0.970938
vt 0.971939 0.647636
vt 0.974771 0.653826
vt 0.971939 0.657714
vt 0.642726 0.860791
vt 0.642726 0.839362
vt 0.649012 0.851259
vt 0.578593 0.852341
vt 0.562147 0.835477
vt 0.578593 0.832535
vt 0.557815 0.846649
vt 0.564029 0.820415
vt 0.556227 0.829536
vt 0.883321 0.602206
vt 0.883321 0.621509
vt 0.868460 0.611702
vt 0.870686 0.590888
vt 0.555821 0.897996
vt 0.555821 0.924091
vt 0.545753 0.916771
vt 0.869394 0.620392
vt 0.343391 0.893124
vt 0.343391 0.869411
vt 0.328576 0.890694
vt 0.909402 0.528433
vt 0.897184 0.549433
vt 0.896060 0.525746
vt 0.909402 0.549736
vt 0.905277 0.313086
vt 0.916453 0.302844
vt 0.916453 0.329585
vt 0.904599 0.111764
vt 0.915814 0.095314
vt 0.915814 0.122074
vt 0.275180 0.889283
vt 0.257694 0.869587
vt 0.276228 0.870724
vt 0.257694 0.890213
vt 0.295675 0.887698
vt 0.280431 0.907391
vt 0.279383 0.888831
vt 0.295675 0.908324
vt 0.557258 0.932373
vt 0.571531 0.939554
vt 0.737997 0.944826
vt 0.749602 0.943992
vt 0.749602 0.958958
vt 0.956904 0.384974
vt 0.966916 0.384974
vt 0.965172 0.399316
vt 0.837270 0.485240
vt 0.859127 0.463153
vt 0.858182 0.485240
vt 0.837117 0.458255
vt 0.810934 0.408486
vt 0.811102 0.381502
vt 0.832947 0.403589
vt 0.832015 0.381502
vt 0.009935 0.953093
vt 0.000216 0.966832
vt 0.000000 0.953093
vt 0.438954 0.923928
vt 0.438954 0.943518
vt 0.428186 0.930552
vt 0.948770 0.657853
vt 0.936137 0.657853
vt 0.938510 0.641167
vt 0.866171 0.950272
vt 0.864069 0.962748
vt 0.854870 0.948923
vt 0.854870 0.962859
vt 0.103317 0.943002
vt 0.092438 0.956816
vt 0.090336 0.944338
vt 0.103317 0.956938
vt 0.936155 0.858654
vt 0.936155 0.842374
vt 0.949010 0.851457
vt 0.961657 0.559125
vt 0.950452 0.559125
vt 0.961346 0.544097
vt 0.813160 0.948560
vt 0.802001 0.940967
vt 0.813160 0.931214
vt 0.803228 0.949017
vt 0.925696 0.146603
vt 0.937560 0.152611
vt 0.925696 0.163028
vt 0.939553 0.163541
vt 0.078709 0.933181
vt 0.077838 0.941350
vt 0.813277 0.910757
vt 0.825124 0.922965
vt 0.813277 0.928945
vt 0.827130 0.910310
vt 0.391712 0.942426
vt 0.406564 0.927059
vt 0.405723 0.940900
vt 0.391712 0.927028
vt 0.307256 0.949526
vt 0.306416 0.935691
vt 0.319480 0.950956
vt 0.319480 0.935559
vt 0.911213 0.861437
vt 0.907602 0.873319
vt 0.901009 0.861321
vt 0.911213 0.874091
vt 0.967713 0.329585
vt 0.967713 0.345963
vt 0.961761 0.333438
vt 0.788262 0.755552
vt 0.800039 0.750738
vt 0.800039 0.762524
vt 0.255186 0.970938
vt 0.256228 0.985738
vt 0.251296 0.985738
vt 0.057640 0.981846
vt 0.064079 0.970938
vt 0.064079 0.983621
vt 0.904520 0.171586
vt 0.917974 0.163688
vt 0.917974 0.186323
vt 0.887488 0.895676
vt 0.887488 0.915632
vt 0.872153 0.898947
vt 0.609504 0.936543
vt 0.622532 0.932380
vt 0.622532 0.948616
vt 0.662730 0.844657
vt 0.652662 0.825607
vt 0.669486 0.823245
vt 0.649012 0.839284
vt 0.649012 0.817295
vt 0.665249 0.808926
vt 0.907858 0.406964
vt 0.893087 0.406964
vt 0.894081 0.400722
vt 0.904210 0.384974
vt 0.893122 0.386596
vt 0.171257 0.951205
vt 0.171257 0.930081
vt 0.180286 0.940475
vt 0.922043 0.574158
vt 0.921383 0.561448
vt 0.865555 0.346062
vt 0.881378 0.327017
vt 0.881378 0.351343
vt 0.862389 0.329185
vt 0.829245 0.970938
vt 0.833570 0.978594
vt 0.826586 0.978594
vt 0.971939 0.730716
vt 0.976557 0.725933
vt 0.976557 0.731618
vt 0.191222 0.947204
vt 0.190483 0.962339
vt 0.180286 0.947204
vt 0.435797 0.843030
vt 0.434790 0.865274
vt 0.414740 0.839061
vt 0.621432 0.866139
vt 0.621432 0.839362
vt 0.642489 0.862162
vt 0.641482 0.839918
vt 0.027835 0.905480
vt 0.015555 0.918928
vt 0.016879 0.905242
vt 0.027835 0.927130
vt 0.878740 0.302844
vt 0.881502 0.327017
vt 0.863618 0.309888
vt 0.862389 0.327017
vt 0.924549 0.163628
vt 0.912305 0.156028
vt 0.924549 0.149988
vt 0.048870 0.954233
vt 0.039603 0.966921
vt 0.204697 0.950697
vt 0.214579 0.937964
vt 0.218806 0.951028
vt 0.218806 0.936904
vt 0.934662 0.604360
vt 0.920931 0.609174
vt 0.920931 0.590888
vt 0.960680 0.618726
vt 0.953433 0.639208
vt 0.952576 0.622324
vt 0.960680 0.639321
vt 0.888048 0.129500
vt 0.899721 0.117340
vt 0.900744 0.128171
vt 0.867442 0.027593
vt 0.881351 0.000107
vt 0.881351 0.029384
vt 0.889673 0.382416
vt 0.875764 0.357193
vt 0.889673 0.355406
vt 0.874169 0.382519
vt 0.520999 0.306066
vt 0.513894 0.317359
vt 0.510620 0.306066
vt 0.960499 0.560555
vt 0.966925 0.564737
vt 0.971939 0.117247
vt 0.971939 0.098357
vt 0.974395 0.114325
vt 0.964872 0.762812
vt 0.971330 0.769413
vt 0.964872 0.776535
vt 0.669194 0.983656
vt 0.669194 0.970938
vt 0.673848 0.976405
vt 0.319480 0.950004
vt 0.326011 0.940778
vt 0.326195 0.950365
vt 0.952644 0.019755
vt 0.961051 0.010455
vt 0.094898 0.970938
vt 0.094898 0.993844
vt 0.091377 0.975794
vt 0.952576 0.624196
vt 0.939720 0.633947
vt 0.297917 0.886289
vt 0.306352 0.875750
vt 0.352365 0.970938
vt 0.352365 0.991440
vt 0.349014 0.987575
vt 0.107689 0.881651
vt 0.112729 0.866867
vt 0.112729 0.883772
vt 0.604708 0.953627
vt 0.604708 0.966964
vt 0.594716 0.960389
vt 0.487333 0.939556
vt 0.479234 0.934895
vt 0.482830 0.928167
vt 0.479234 0.950358
vt 0.945071 0.393366
vt 0.956904 0.400589
vt 0.874037 0.255186
vt 0.888901 0.242155
vt 0.888901 0.266804
vt 0.876489 0.238367
vt 0.202152 0.947204
vt 0.191453 0.962347
vt 0.686866 0.490623
vt 0.675593 0.470660
vt 0.686866 0.473325
vt 0.666550 0.492762
vt 0.941410 0.804930
vt 0.941410 0.789337
vt 0.953751 0.797761
vt 0.960229 0.096039
vt 0.968370 0.099777
vt 0.960229 0.107525
vt 0.967937 0.093891
vt 0.925758 0.455428
vt 0.912368 0.435104
vt 0.925758 0.435306
vt 0.913187 0.453366
vt 0.940854 0.731654
vt 0.930486 0.749473
vt 0.940854 0.749731
vt 0.935670 0.964041
vt 0.925020 0.963823
vt 0.935670 0.949758
vt 0.724575 0.857157
vt 0.747708 0.832753
vt 0.746842 0.857157
vt 0.724463 0.827349
vt 0.834483 0.620703
vt 0.834484 0.590888
vt 0.857707 0.615286
vt 0.856751 0.590888
vt 0.948555 0.414762
vt 0.959808 0.409473
vt 0.959808 0.424870
vt 0.130872 0.885201
vt 0.148849 0.895955
vt 0.130872 0.904511
vt 0.673151 0.919456
vt 0.664914 0.913888
vt 0.594716 0.892407
vt 0.612209 0.884036
vt 0.612209 0.903964
vt 0.922417 0.929130
vt 0.935670 0.916743
vt 0.935670 0.934997
vt 0.905277 0.342488
vt 0.918881 0.329585
vt 0.918881 0.351497
vt 0.464411 0.944049
vt 0.464411 0.960263
vt 0.454260 0.953307
vt 0.649012 0.873057
vt 0.665189 0.893373
vt 0.673251 0.881003
vt 0.673157 0.866905
vt 0.688582 0.891876
vt 0.873147 0.195483
vt 0.863510 0.181837
vt 0.873147 0.173048
vt 0.862979 0.195823
vt 0.859795 0.165130
vt 0.855907 0.179831
vt 0.960608 0.114234
vt 0.950639 0.127750
vt 0.950639 0.111124
vt 0.932140 0.406628
vt 0.920511 0.395212
vt 0.932140 0.384974
vt 0.194049 0.891842
vt 0.178650 0.876981
vt 0.178573 0.891106
vt 0.463991 0.904088
vt 0.479623 0.882681
vt 0.480617 0.904088
vt 0.896831 0.590888
vt 0.910831 0.607319
vt 0.896831 0.613500
vt 0.909329 0.594174
vt 0.147287 0.924272
vt 0.157440 0.910126
vt 0.157440 0.933263
vt 0.908580 0.508073
vt 0.896538 0.525466
vt 0.891587 0.508073
vt 0.018358 0.883169
vt 0.025747 0.861912
vt 0.028570 0.874172
vt 0.028570 0.897309
vt 0.306278 0.897458
vt 0.295675 0.914193
vt 0.958994 0.592332
vt 0.956742 0.605698
vt 0.946887 0.590888
vt 0.904423 0.933436
vt 0.892767 0.948235
vt 0.890516 0.934868
vt 0.904423 0.948366
vt 0.905277 0.338433
vt 0.905277 0.354813
vt 0.892667 0.346491
vt 0.894556 0.328829
vt 0.952693 0.351728
vt 0.944150 0.345516
vt 0.893459 0.353865
vt 0.956748 0.279603
vt 0.966766 0.285943
vt 0.956748 0.294042
vt 0.872153 0.874477
vt 0.858199 0.860167
vt 0.872153 0.857669
vt 0.854522 0.869647
vt 0.859795 0.847385
vt 0.853175 0.855125
vt 0.776173 0.302072
vt 0.776173 0.317764
vt 0.768604 0.307432
vt 0.381076 0.934022
vt 0.381076 0.910174
vt 0.390827 0.923412
vt 0.974097 0.418176
vt 0.974097 0.436097
vt 0.971939 0.422344
vt 0.724095 0.808744
vt 0.953618 0.170877
vt 0.940896 0.178933
vt 0.940896 0.163688
vt 0.211385 0.631224
vt 0.205322 0.643562
vt 0.971939 0.150038
vt 0.974078 0.133583
vt 0.974078 0.154884
vt 0.959426 0.858228
vt 0.949010 0.851139
vt 0.959426 0.842036
vt 0.950155 0.858654
vt 0.635965 0.932947
vt 0.647040 0.938555
vt 0.635965 0.948279
vt 0.648899 0.948756
vt 0.938223 0.318964
vt 0.950609 0.310474
vt 0.949796 0.318099
vt 0.938223 0.302844
vt 0.932679 0.207064
vt 0.943737 0.218460
vt 0.932679 0.224041
vt 0.945610 0.206647
vt 0.486788 0.952492
vt 0.482921 0.965222
vt 0.475856 0.952368
vt 0.486788 0.966048
vt 0.695409 0.928722
vt 0.689033 0.915305
vt 0.686352 0.127723
vt 0.695333 0.137897
vt 0.686352 0.144115
vt 0.609504 0.948616
vt 0.620369 0.956846
vt 0.609504 0.963279
vt 0.530318 0.931059
vt 0.530318 0.946953
vt 0.525047 0.946582
vt 0.105908 0.940935
vt 0.112806 0.929249
vt 0.112806 0.942837
vt 0.439262 0.951321
vt 0.453125 0.936977
vt 0.452340 0.949896
vt 0.439262 0.936948
vt 0.686830 0.946626
vt 0.687483 0.959547
vt 0.675434 0.945175
vt 0.675288 0.959547
vt 0.938066 0.559774
vt 0.924846 0.545253
vt 0.923330 0.559938
vt 0.158954 0.926199
vt 0.172175 0.909517
vt 0.172175 0.927347
vt 0.074628 0.836933
vt 0.074998 0.816714
vt 0.090336 0.822656
vt 0.065439 0.826012
vt 0.088378 0.801392
vt 0.071248 0.801392
vt 0.525047 0.912947
vt 0.525047 0.931723
vt 0.511396 0.921923
vt 0.900969 0.847385
vt 0.900969 0.873290
vt 0.889552 0.855686
vt 0.920013 0.498636
vt 0.931961 0.485450
vt 0.931961 0.506627
vt 0.921311 0.485249
vt 0.887757 0.874530
vt 0.929683 0.326982
vt 0.928672 0.307085
vt 0.938223 0.327116
vt 0.753642 0.317575
vt 0.767398 0.303245
vt 0.768604 0.316009
vt 0.753642 0.302072
vt 0.948311 0.941788
vt 0.959245 0.956319
vt 0.921556 0.827116
vt 0.933879 0.815459
vt 0.933879 0.835247
vt 0.922870 0.815609
vt 0.464924 0.938223
vt 0.478953 0.938223
vt 0.469925 0.952368
vt 0.883428 0.549976
vt 0.869436 0.542815
vt 0.882760 0.539679
vt 0.869436 0.558192
vt 0.872871 0.525746
vt 0.931350 0.863997
vt 0.921551 0.870699
vt 0.364014 0.968865
vt 0.355844 0.968865
vt 0.363791 0.957914
vt 0.453125 0.964816
vt 0.442020 0.961441
vt 0.453125 0.951321
vt 0.799024 0.947591
vt 0.799024 0.963314
vt 0.788671 0.954105
vt 0.105233 0.929249
vt 0.105233 0.909716
vt 0.112806 0.914644
vt 0.505209 0.993199
vt 0.505209 0.970938
vt 0.508104 0.989756
vt 0.968463 0.057086
vt 0.968463 0.069889
vt 0.959193 0.057529
vt 0.106415 0.906949
vt 0.112355 0.889527
vt 0.112355 0.909449
vt 0.956748 0.295320
vt 0.944973 0.287572
vt 0.967907 0.028866
vt 0.961051 0.020248
vt 0.967907 0.014433
vt 0.503146 0.914584
vt 0.487491 0.908577
vt 0.110668 0.866867
vt 0.095718 0.851536
vt 0.110668 0.848861
vt 0.091780 0.861693
vt 0.097429 0.837843
vt 0.090336 0.846135
vt 0.225782 0.829920
vt 0.204697 0.857514
vt 0.206814 0.829161
vt 0.877872 0.843688
vt 0.888781 0.843020
vt 0.861676 0.508068
vt 0.878957 0.485249
vt 0.877198 0.512829
vt 0.148165 0.885201
vt 0.132357 0.863391
vt 0.148165 0.859811
vt 0.130872 0.883887
vt 0.947502 0.046477
vt 0.934747 0.046477
vt 0.947145 0.029384
vt 0.958167 0.046134
vt 0.947502 0.044044
vt 0.948889 0.040178
vt 0.957847 0.029384
vt 0.949677 0.029384
vt 0.717821 0.970938
vt 0.717821 0.956168
vt 0.723686 0.962459
vt 0.341957 0.914897
vt 0.327611 0.893124
vt 0.341957 0.893340
vt 0.328488 0.912689
vt 0.930103 0.166131
vt 0.918996 0.185221
vt 0.930103 0.185497
vt 0.885780 0.586449
vt 0.878511 0.572747
vt 0.891010 0.571031
vt 0.875555 0.582539
vt 0.875555 0.566593
vt 0.887684 0.560555
vt 0.796549 0.292898
vt 0.805435 0.301227
vt 0.805363 0.294100
vt 0.073959 0.968290
vt 0.065439 0.968738
vt 0.074030 0.959910
vt 0.065439 0.957324
vt 0.193083 0.912341
vt 0.193083 0.930080
vt 0.178573 0.920518
vt 0.112806 0.937074
vt 0.112806 0.921041
vt 0.127723 0.931086
vt 0.423539 0.941152
vt 0.427950 0.955412
vt 0.414740 0.955412
vt 0.936355 0.725670
vt 0.924080 0.717317
vt 0.925430 0.726173
vt 0.477042 0.910697
vt 0.463991 0.922156
vt 0.479234 0.922720
vt 0.556227 0.876149
vt 0.573409 0.876149
vt 0.565472 0.897359
vt 0.530561 0.891900
vt 0.546688 0.875311
vt 0.546688 0.897996
vt 0.019915 0.958731
vt 0.027750 0.967168
vt 0.019915 0.969772
vt 0.781709 0.949449
vt 0.788480 0.964193
vt 0.778660 0.964193
vt 0.847514 0.932236
vt 0.845036 0.946938
vt 0.834196 0.947070
vt 0.960229 0.111124
vt 0.953350 0.110924
vt 0.960229 0.096679
vt 0.950510 0.093891
vt 0.922417 0.916743
vt 0.907997 0.931624
vt 0.907039 0.916743
vt 0.920735 0.933079
vt 0.896831 0.601177
vt 0.896831 0.618726
vt 0.883321 0.609809
vt 0.885346 0.590888
vt 0.090199 0.907341
vt 0.081047 0.924409
vt 0.884171 0.617710
vt 0.902165 0.749250
vt 0.896693 0.762198
vt 0.868460 0.640505
vt 0.883057 0.630501
vt 0.882099 0.639487
vt 0.868460 0.621509
vt 0.178573 0.892334
vt 0.191605 0.905763
vt 0.178573 0.912341
vt 0.193811 0.891842
vt 0.909779 0.948366
vt 0.909779 0.964601
vt 0.909398 0.948452
vt 0.901932 0.964531
vt 0.662330 0.947144
vt 0.673981 0.951013
vt 0.662330 0.961258
vt 0.673566 0.946834
vt 0.948129 0.201898
vt 0.958268 0.186323
vt 0.959369 0.201898
vt 0.967036 0.206803
vt 0.972268 0.910328
vt 0.972268 0.930011
vt 0.971939 0.929977
vt 0.957690 0.780504
vt 0.957690 0.762813
vt 0.964872 0.766063
vt 0.927061 0.204069
vt 0.921198 0.186323
vt 0.934994 0.186323
vt 0.922901 0.203981
vt 0.948714 0.956319
vt 0.956509 0.965829
vt 0.948311 0.968642
vt 0.954550 0.956319
vt 0.228430 0.949131
vt 0.219361 0.961268
vt 0.219361 0.943019
vt 0.291408 0.942607
vt 0.287154 0.956609
vt 0.291408 0.957519
vt 0.511115 0.888385
vt 0.511115 0.907685
vt 0.504101 0.892926
vt 0.959370 0.201009
vt 0.959370 0.186323
vt 0.967221 0.189824
vt 0.965059 0.201030
vt 0.593615 0.907184
vt 0.592690 0.922409
vt 0.922740 0.072479
vt 0.921816 0.057260
vt 0.936187 0.074053
vt 0.936187 0.057115
vt 0.948027 0.914705
vt 0.936067 0.908068
vt 0.948027 0.897028
vt 0.130872 0.953983
vt 0.143729 0.944246
vt 0.571531 0.932373
vt 0.577153 0.948928
vt 0.571531 0.950406
vt 0.959808 0.422328
vt 0.967395 0.409473
vt 0.967395 0.424420
vt 0.777549 0.315932
vt 0.787690 0.286862
vt 0.787690 0.317794
vt 0.776387 0.286807
vt 0.897994 0.161969
vt 0.887852 0.131517
vt 0.897994 0.129665
vt 0.886691 0.162013
vt 0.934994 0.195528
vt 0.948129 0.186323
vt 0.948129 0.202462
vt 0.278561 0.949886
vt 0.269888 0.961438
vt 0.511025 0.925696
vt 0.503261 0.947640
vt 0.502342 0.929551
vt 0.511025 0.947761
vt 0.577278 0.954019
vt 0.589784 0.940991
vt 0.590880 0.952596
vt 0.655057 0.142747
vt 0.670015 0.144082
vt 0.653614 0.128836
vt 0.243530 0.919911
vt 0.229777 0.934877
vt 0.228752 0.919911
vt 0.241524 0.936273
vt 0.953476 0.381034
vt 0.964157 0.371534
vt 0.964157 0.384131
vt 0.827130 0.928067
vt 0.834014 0.914790
vt 0.838833 0.991176
vt 0.838833 0.970938
vt 0.841464 0.988045
vt 0.525047 0.928785
vt 0.530447 0.912947
vt 0.530447 0.931059
vt 0.857338 0.165023
vt 0.845505 0.157014
vt 0.857338 0.152097
vt 0.038495 0.984059
vt 0.032261 0.976224
vt 0.038495 0.970938
vt 0.130446 0.883053
vt 0.112806 0.865304
vt 0.130446 0.857381
vt 0.113747 0.881536
vt 0.623558 0.881963
vt 0.637256 0.867612
vt 0.637256 0.891249
vt 0.621432 0.866140
vt 0.826117 0.953287
vt 0.834081 0.948478
vt 0.834081 0.964192
vt 0.661237 0.960520
vt 0.649012 0.952798
vt 0.661237 0.946880
vt 0.587683 0.979804
vt 0.587683 0.970938
vt 0.594638 0.977672
vt 0.594523 0.971773
vt 0.594419 0.859818
vt 0.594419 0.885920
vt 0.580707 0.869074
vt 0.853175 0.890503
vt 0.867481 0.874723
vt 0.867481 0.900080
vt 0.854729 0.874477
vt 0.578593 0.887355
vt 0.324295 0.981130
vt 0.331151 0.973133
vt 0.331027 0.979942
vt 0.324295 0.970938
vt 0.243720 0.899944
vt 0.243720 0.918905
vt 0.229870 0.910413
vt 0.020426 0.944222
vt 0.015555 0.927130
vt 0.028698 0.927130
vt 0.016450 0.944359
vt 0.439262 0.921106
vt 0.454260 0.929634
vt 0.439262 0.936949
vt 0.749733 0.892917
vt 0.765573 0.872843
vt 0.765573 0.894195
vt 0.747927 0.872765
vt 0.713242 0.907645
vt 0.697402 0.890149
vt 0.713242 0.888875
vt 0.695596 0.907719
vt 0.768970 0.873286
vt 0.786590 0.865302
vt 0.785822 0.871098
vt 0.767359 0.863315
vt 0.767359 0.849552
vt 0.788661 0.856610
vt 0.321394 0.899728
vt 0.307536 0.908137
vt 0.321394 0.918653
vt 0.306416 0.951258
vt 0.317490 0.954935
vt 0.306416 0.964683
vt 0.317097 0.950957
vt 0.049482 0.963724
vt 0.059129 0.948925
vt 0.060167 0.963724
vt 0.847640 0.970938
vt 0.851470 0.979949
vt 0.847640 0.984501
vt 0.851474 0.973128
vt 0.862965 0.975491
vt 0.859136 0.984499
vt 0.859136 0.970938
vt 0.971939 0.657715
vt 0.974770 0.663906
vt 0.959002 0.246151
vt 0.967896 0.255859
vt 0.959002 0.257191
vt 0.967825 0.247755
vt 0.204388 0.843220
vt 0.199205 0.862804
vt 0.199205 0.838195
vt 0.971939 0.865390
vt 0.972866 0.844326
vt 0.972866 0.867032
vt 0.715928 0.859789
vt 0.723689 0.846100
vt 0.717826 0.864169
vt 0.715928 0.837083
vt 0.914808 0.618025
vt 0.910831 0.590888
vt 0.920931 0.594190
vt 0.910831 0.618454
vt 0.968034 0.736217
vt 0.962177 0.741635
vt 0.968260 0.728228
vt 0.717750 0.967889
vt 0.709245 0.968543
vt 0.717821 0.958805
vt 0.709245 0.956168
vt 0.968509 0.463673
vt 0.962651 0.474178
vt 0.962651 0.458255
vt 0.968733 0.471661
vt 0.778660 0.950798
vt 0.776557 0.963274
vt 0.767359 0.963385
vt 0.170420 0.943917
vt 0.159541 0.957731
vt 0.157440 0.945253
vt 0.170420 0.957853
vt 0.974595 0.504251
vt 0.971939 0.514193
vt 0.064247 0.932897
vt 0.049482 0.925557
vt 0.064247 0.915837
vt 0.479290 0.317554
vt 0.468229 0.317554
vt 0.477852 0.306066
vt 0.154419 0.990687
vt 0.150541 0.974847
vt 0.154419 0.970938
vt 0.960105 0.678261
vt 0.950344 0.670082
vt 0.804616 0.931214
vt 0.788671 0.931214
vt 0.800629 0.915263
vt 0.971939 0.436097
vt 0.975334 0.445056
vt 0.971939 0.447467
vt 0.967355 0.656357
vt 0.959980 0.644416
vt 0.967355 0.641167
vt 0.351855 0.844586
vt 0.366379 0.856782
vt 0.347106 0.853235
vt 0.966836 0.618726
vt 0.966836 0.635236
vt 0.960680 0.621224
vt 0.343955 0.868738
vt 0.366379 0.867343
vt 0.812696 0.902686
vt 0.804616 0.915720
vt 0.804616 0.894418
vt 0.807216 0.919647
vt 0.908261 0.094954
vt 0.891075 0.095156
vt 0.907161 0.079170
vt 0.359061 0.926660
vt 0.345055 0.910665
vt 0.343955 0.926449
vt 0.590880 0.954135
vt 0.587269 0.966017
vt 0.580675 0.954019
vt 0.590880 0.966789
vt 0.967610 0.544097
vt 0.967610 0.560474
vt 0.961658 0.547950
vt 0.343616 0.683226
vt 0.333474 0.689230
vt 0.251296 0.970938
vt 0.251296 0.985774
vt 0.246376 0.985428
vt 0.050961 0.983165
vt 0.054268 0.970938
vt 0.057640 0.983165
vt 0.971939 0.900671
vt 0.971939 0.881581
vt 0.972983 0.898831
vt 0.962154 0.808427
vt 0.953751 0.799563
vt 0.962154 0.789337
vt 0.502315 0.990404
vt 0.498966 0.975507
vt 0.207737 0.440011
vt 0.207737 0.415148
vt 0.211704 0.434524
vt 0.269857 0.789201
vt 0.272865 0.761870
vt 0.278622 0.786057
vt 0.279383 0.968325
vt 0.287552 0.957519
vt 0.287552 0.968928
vt 0.832842 0.757708
vt 0.822861 0.762720
vt 0.884530 0.550289
vt 0.896060 0.554891
vt 0.883428 0.526290
vt 0.891587 0.515775
vt 0.880070 0.489809
vt 0.891587 0.485249
vt 0.878957 0.515179
vt 0.959426 0.855482
vt 0.967621 0.866517
vt 0.959426 0.869338
vt 0.965323 0.855718
vt 0.957787 0.722411
vt 0.957787 0.706589
vt 0.965667 0.710025
vt 0.963495 0.722207
vt 0.953252 0.581038
vt 0.952394 0.564154
vt 0.960499 0.581151
vt 0.746498 0.639136
vt 0.721962 0.640466
vt 0.746384 0.613870
vt 0.721962 0.613292
vt 0.253012 0.853457
vt 0.228752 0.829163
vt 0.253124 0.828174
vt 0.228752 0.856329
vt 0.842163 0.101910
vt 0.853836 0.089749
vt 0.854859 0.100581
vt 0.842163 0.088754
vt 0.864524 0.762812
vt 0.876612 0.778770
vt 0.862353 0.776823
vt 0.480617 0.900456
vt 0.480937 0.882681
vt 0.487477 0.900456
vt 0.862353 0.795577
vt 0.747807 0.913892
vt 0.740442 0.921566
vt 0.740442 0.901853
vt 0.738055 0.895919
vt 0.724463 0.880700
vt 0.740281 0.880296
vt 0.724463 0.902957
vt 0.663814 0.914422
vt 0.649012 0.908056
vt 0.649612 0.894681
vt 0.667807 0.859441
vt 0.672847 0.844657
vt 0.672847 0.861563
vt 0.143729 0.953983
vt 0.143729 0.967320
vt 0.133737 0.960745
vt 0.714677 0.482048
vt 0.706575 0.477390
vt 0.710169 0.470660
vt 0.706575 0.492858
vt 0.521383 0.314913
vt 0.531351 0.306046
vt 0.531351 0.317803
vt 0.883841 0.965275
vt 0.883841 0.948701
vt 0.890267 0.952883
vt 0.393135 0.303935
vt 0.406465 0.309195
vt 0.393135 0.317799
vt 0.974395 0.095435
vt 0.439262 0.902881
vt 0.452854 0.887652
vt 0.455079 0.903277
vt 0.439262 0.880619
vt 0.916453 0.324503
vt 0.928672 0.316345
vt 0.384299 0.888255
vt 0.384299 0.867490
vt 0.391699 0.877667
vt 0.439115 0.923876
vt 0.433880 0.908291
vt 0.439115 0.908245
vt 0.431297 0.923757
vt 0.955286 0.500604
vt 0.963949 0.485249
vt 0.962093 0.500729
vt 0.953760 0.485249
vt 0.389579 0.952947
vt 0.390975 0.966445
vt 0.380115 0.966445
vt 0.953725 0.465363
vt 0.940957 0.473424
vt 0.940957 0.458255
vt 0.959869 0.302844
vt 0.966648 0.316848
vt 0.959869 0.317285
vt 0.967635 0.306363
vt 0.228701 0.919388
vt 0.221029 0.920954
vt 0.227719 0.907644
vt 0.221029 0.904917
vt 0.974536 0.833198
vt 0.971939 0.830778
vt 0.163107 0.979729
vt 0.154419 0.972147
vt 0.163107 0.970938
vt 0.154490 0.978602
vt 0.957690 0.777461
vt 0.949024 0.764287
vt 0.957690 0.762812
vt 0.947160 0.779837
vt 0.000000 0.905242
vt 0.014155 0.885666
vt 0.017555 0.903305
vt 0.873042 0.086509
vt 0.861648 0.100530
vt 0.861648 0.085862
vt 0.875389 0.101908
vt 0.099061 0.956938
vt 0.099061 0.968350
vt 0.090336 0.966128
vt 0.090407 0.957749
vt 0.280890 0.414058
vt 0.298784 0.395615
vt 0.298784 0.415848
vt 0.279124 0.397391
vt 0.920946 0.962660
vt 0.909988 0.962660
vt 0.920524 0.948009
vt 0.010953 0.921141
vt 0.003472 0.923416
vt 0.015555 0.905242
vt 0.921767 0.641167
vt 0.921767 0.663558
vt 0.909300 0.649676
vt 0.910657 0.663672
vt 0.861648 0.083914
vt 0.877301 0.057394
vt 0.878303 0.085862
vt 0.862093 0.057394
vt 0.104969 0.927478
vt 0.104969 0.943002
vt 0.092489 0.931292
vt 0.090336 0.938857
vt 0.920511 0.393472
vt 0.907858 0.407365
vt 0.907858 0.384974
vt 0.919151 0.407688
vt 0.379606 0.954635
vt 0.366801 0.947695
vt 0.368736 0.944321
vt 0.377964 0.958008
vt 0.712769 0.981028
vt 0.712769 0.970938
vt 0.718521 0.980177
vt 0.718522 0.972973
vt 0.126227 0.970938
vt 0.130410 0.982626
vt 0.125010 0.972086
vt 0.125010 0.985429
vt 0.915094 0.755312
vt 0.906600 0.762788
vt 0.914789 0.752294
vt 0.906600 0.752491
vt 0.546956 0.982247
vt 0.552507 0.972613
vt 0.552507 0.980688
vt 0.921987 0.779642
vt 0.929975 0.762812
vt 0.936418 0.779642
vt 0.944150 0.329585
vt 0.944150 0.346872
vt 0.931010 0.335133
vt 0.936433 0.530061
vt 0.948253 0.525746
vt 0.948253 0.543305
vt 0.883496 0.457478
vt 0.898023 0.435568
vt 0.898023 0.458035
vt 0.882224 0.435104
vt 0.974794 0.867032
vt 0.971939 0.869947
vt 0.873096 0.970938
vt 0.873096 0.985728
vt 0.869597 0.980945
vt 0.974216 0.773365
vt 0.974216 0.784423
vt 0.971939 0.779784
vt 0.880089 0.985728
vt 0.876592 0.975722
vt 0.880089 0.970938
vt 0.864656 0.237670
vt 0.842254 0.237052
vt 0.864543 0.215219
vt 0.842254 0.212893
vt 0.974984 0.722477
vt 0.971939 0.725932
vt 0.959074 0.970938
vt 0.963370 0.971560
vt 0.958074 0.975434
vt 0.963370 0.979940
vt 0.244808 0.959118
vt 0.245461 0.945580
vt 0.257001 0.959118
vt 0.255233 0.944293
vt 0.855740 0.947600
vt 0.867321 0.948923
vt 0.317278 0.980959
vt 0.317278 0.970938
vt 0.324295 0.979041
vt 0.324179 0.972369
vt 0.188090 0.981986
vt 0.194965 0.973073
vt 0.194841 0.980454
vt 0.188090 0.970938
vt 0.355844 0.943381
vt 0.366777 0.942058
vt 0.366777 0.957914
vt 0.971939 0.467638
vt 0.976744 0.471172
vt 0.972284 0.471172
vt 0.977978 0.464835
vt 0.749618 0.923456
vt 0.764819 0.912582
vt 0.764819 0.929445
vt 0.341957 0.931334
vt 0.326447 0.922202
vt 0.475856 0.952492
vt 0.471989 0.965222
vt 0.464924 0.952368
vt 0.475856 0.966048
vt 0.049298 0.922665
vt 0.042921 0.926792
vt 0.873147 0.199164
vt 0.885764 0.194007
vt 0.885764 0.206634
vt 0.325270 0.918653
vt 0.326386 0.934508
vt 0.321102 0.934508
vt 0.963588 0.757981
vt 0.963588 0.744411
vt 0.970494 0.756113
vt 0.930231 0.479432
vt 0.930231 0.458255
vt 0.940957 0.472458
vt 0.046866 0.884642
vt 0.046866 0.903059
vt 0.030249 0.896014
vt 0.372528 0.909642
vt 0.366947 0.889998
vt 0.382707 0.889998
vt 0.367723 0.910174
vt 0.504101 0.888385
vt 0.504101 0.908577
vt 0.487491 0.898408
vt 0.929035 0.119453
vt 0.928024 0.099555
vt 0.937575 0.119586
vt 0.000000 0.938919
vt 0.013756 0.924589
vt 0.014962 0.937353
vt 0.000000 0.923416
vt 0.740419 0.920940
vt 0.734881 0.904287
vt 0.740419 0.902957
vt 0.724463 0.921567
vt 0.326447 0.931685
vt 0.339708 0.936081
vt 0.326447 0.947740
vt 0.339236 0.931334
vt 0.925865 0.246305
vt 0.937144 0.257363
vt 0.511396 0.958096
vt 0.523144 0.961501
vt 0.956494 0.834992
vt 0.956494 0.815459
vt 0.964067 0.820386
vt 0.508104 0.993199
vt 0.508104 0.970938
vt 0.510998 0.989756
vt 0.505095 0.881483
vt 0.511035 0.864060
vt 0.511035 0.883983
vt 0.722261 0.956168
vt 0.709245 0.947359
vt 0.722261 0.941950
vt 0.961051 0.005815
vt 0.967907 -0.000000
vt 0.598530 0.986767
vt 0.595149 0.974930
vt 0.594638 0.982298
vt 0.974452 0.585456
vt 0.974452 0.597767
vt 0.971939 0.590823
vt 0.743367 0.970938
vt 0.743367 0.986761
vt 0.739773 0.982540
vt 0.771024 0.981811
vt 0.771024 0.970938
vt 0.776162 0.977562
vt 0.261898 0.970938
vt 0.269996 0.974892
vt 0.261898 0.979913
vt 0.904774 0.371846
vt 0.917794 0.378413
vt 0.973622 0.631563
vt 0.971939 0.630404
vt 0.932679 0.226316
vt 0.920424 0.227417
vt 0.922905 0.212124
vt 0.895009 0.726941
vt 0.877240 0.711222
vt 0.872154 0.932588
vt 0.872154 0.915632
vt 0.887146 0.916281
vt 0.971939 0.613081
vt 0.973624 0.629246
vt 0.955544 0.916743
vt 0.955544 0.934065
vt 0.944822 0.922784
vt 0.788445 0.986802
vt 0.788445 0.970938
vt 0.791923 0.983040
vt 0.804616 0.915263
vt 0.789724 0.900206
vt 0.431879 0.887191
vt 0.439115 0.900548
vt 0.431879 0.908245
vt 0.747697 0.880296
vt 0.747697 0.901785
vt 0.740281 0.895187
vt 0.944892 0.503995
vt 0.953760 0.490765
vt 0.947990 0.506166
vt 0.739773 0.971638
vt 0.736474 0.988312
vt 0.736474 0.970938
vt 0.954495 0.888893
vt 0.962926 0.880487
vt 0.950609 0.320925
vt 0.950609 0.302844
vt 0.959869 0.314945
vt 0.901932 0.952427
vt 0.890516 0.948613
vt 0.901537 0.948366
vt 0.890516 0.962341
vt 0.921697 0.907605
vt 0.907039 0.897028
vt 0.701286 0.941444
vt 0.697708 0.941824
vt 0.856357 0.269354
vt 0.872265 0.298223
vt 0.857058 0.298223
vt 0.971939 0.299064
vt 0.971939 0.289391
vt 0.976335 0.295698
vt 0.438701 0.742131
vt 0.434206 0.729188
vt 0.438701 0.722990
vt 0.434186 0.737600
vt 0.438699 0.742131
vt 0.434206 0.755075
vt 0.434186 0.746663
vt 0.438699 0.761271
vt 0.782558 0.975768
vt 0.776162 0.979651
vt 0.776162 0.970938
vt 0.301487 0.865431
vt 0.279768 0.845808
vt 0.301487 0.841719
vt 0.279383 0.866478
vt 0.392076 0.865584
vt 0.413565 0.840514
vt 0.413565 0.865732
vt 0.391713 0.844001
vt 0.940987 0.057115
vt 0.948777 0.073704
vt 0.936187 0.073704
vt 0.947436 0.059326
vt 0.957219 0.908040
vt 0.948027 0.907606
vt 0.949842 0.903244
vt 0.957204 0.916225
vt 0.957219 0.897028
vt 0.950556 0.897256
vt 0.648326 0.912000
vt 0.648900 0.922373
vt 0.637256 0.915890
vt 0.638889 0.922116
vt 0.644890 0.932947
vt 0.637256 0.928157
vt 0.251119 0.944293
vt 0.244808 0.926231
vt 0.257275 0.926617
vt 0.257275 0.942654
vt 0.958838 0.697702
vt 0.962104 0.680031
vt 0.965670 0.697702
vt 0.934662 0.600294
vt 0.946887 0.608734
vt 0.908580 0.507217
vt 0.918585 0.521055
vt 0.911394 0.525466
vt 0.924003 0.507217
vt 0.684892 0.944961
vt 0.675288 0.929369
vt 0.688848 0.928713
vt 0.688848 0.945175
vt 0.881653 0.933593
vt 0.885277 0.948014
vt 0.885277 0.932588
vt 0.090336 0.916721
vt 0.105233 0.927478
vt 0.840856 0.762775
vt 0.832842 0.757548
vt 0.840856 0.750738
vt 0.833626 0.750981
vt 0.456069 0.982820
vt 0.456069 0.970938
vt 0.461667 0.978237
vt 0.945814 0.870665
vt 0.936155 0.863917
vt 0.945814 0.858654
vt 0.936622 0.870424
vt 0.008907 0.970938
vt 0.008907 0.980134
vt -0.000000 0.975791
vt 0.968977 0.977047
vt 0.971431 0.987957
vt 0.968665 0.985033
vt 0.971431 0.970938
vt 0.890516 0.927179
vt 0.904617 0.915407
vt 0.904617 0.933436
vt 0.973994 0.804324
vt 0.973994 0.815509
vt 0.971939 0.807785
vt 0.974535 0.198882
vt 0.974535 0.216149
vt 0.971939 0.210400
vt 0.976239 0.520325
vt 0.976239 0.528370
vt 0.971939 0.526445
vt 0.450674 0.970938
vt 0.456069 0.977714
vt 0.450674 0.983276
vt 0.541640 0.981115
vt 0.535427 0.976948
vt 0.541640 0.970938
vt 0.536108 0.971200
vt 0.571148 0.492993
vt 0.561298 0.485671
vt 0.562617 0.492140
vt 0.946191 0.329327
vt 0.938223 0.322128
vt 0.946191 0.318964
vt 0.938821 0.328038
vt 0.693894 0.928723
vt 0.695579 0.938141
vt 0.689033 0.930544
vt 0.689033 0.944278
vt 0.915814 0.128968
vt 0.921775 0.117190
vt 0.926171 0.129471
vt 0.915814 0.117968
vt 0.309305 0.979771
vt 0.316116 0.971013
vt 0.317278 0.979830
vt 0.294914 0.979837
vt 0.296075 0.971018
vt 0.302885 0.979771
vt 0.302885 0.970938
vt 0.917552 0.979165
vt 0.923714 0.970938
vt 0.923716 0.979165
vt 0.522281 0.975990
vt 0.515206 0.979961
vt 0.515206 0.970938
vt 0.920013 0.506887
vt 0.908631 0.486495
vt 0.920013 0.485249
vt 0.906376 0.504821
vt 0.906376 0.508072
vt 0.891587 0.506887
vt 0.903710 0.489183
vt 0.937958 0.679902
vt 0.926306 0.665410
vt 0.932653 0.661000
vt 0.923135 -0.000000
vt 0.934949 0.000149
vt 0.931388 0.016500
vt 0.934949 0.020393
vt 0.943851 0.560945
vt 0.936800 0.580645
vt 0.934305 0.560555
vt 0.943851 0.583865
vt 0.917923 0.751432
vt 0.906600 0.729374
vt 0.919464 0.731860
vt 0.906600 0.752294
vt 0.154457 0.857476
vt 0.131228 0.839071
vt 0.154457 0.832693
vt 0.130872 0.859811
vt 0.685844 0.316809
vt 0.708844 0.317407
vt 0.685507 0.295544
vt 0.210910 0.982847
vt 0.217276 0.973265
vt 0.217276 0.980887
vt 0.210910 0.970938
vt 0.101032 0.981771
vt 0.101032 0.973360
vt 0.094898 0.984080
vt 0.081778 0.886319
vt 0.067797 0.888803
vt 0.082920 0.864953
vt 0.877233 0.407554
vt 0.857242 0.409212
vt 0.873999 0.386393
vt 0.750643 0.978665
vt 0.757195 0.971004
vt 0.757921 0.978719
vt 0.750643 0.970938
vt 0.743367 0.978725
vt 0.744093 0.971010
vt 0.971939 0.357241
vt 0.976284 0.362903
vt 0.450537 0.970938
vt 0.443868 0.980739
vt 0.445742 0.970964
vt 0.450674 0.980739
vt 0.806077 0.970938
vt 0.806077 0.978829
vt 0.799137 0.974832
vt 0.430234 0.980738
vt 0.430431 0.970938
vt 0.425433 0.980712
vt 0.913916 0.970938
vt 0.913916 0.980891
vt 0.908791 0.979835
vt 0.913076 0.971081
vt 0.967016 0.501299
vt 0.969259 0.492122
vt 0.969626 0.492598
vt 0.963949 0.496153
vt 0.344429 0.980464
vt 0.337195 0.980464
vt 0.344322 0.970938
vt 0.908791 0.972589
vt 0.903799 0.981187
vt 0.510171 0.306066
vt 0.510620 0.317156
vt 0.509971 0.316834
vt 0.509319 0.316833
vt 0.500047 0.317156
vt 0.504706 0.308133
vt 0.873078 0.201038
vt 0.864581 0.206539
vt 0.864581 0.195823
vt 0.974649 0.613081
vt 0.971939 0.605770
vt 0.975995 0.605770
vt 0.665735 0.977001
vt 0.660703 0.982752
vt 0.433050 0.602478
vt 0.423945 0.602478
vt 0.430684 0.592822
vt 0.425096 0.593908
vt 0.976555 0.314958
vt 0.976555 0.323794
vt 0.971939 0.321845
vt 0.256228 0.970938
vt 0.261898 0.977348
vt 0.256228 0.983771
vt 0.229887 0.981763
vt 0.222986 0.977167
vt 0.229887 0.970938
vt 0.223723 0.970952
vt 0.892839 0.679586
vt 0.882447 0.679586
vt 0.889681 0.669004
vt 0.882998 0.670367
vt 0.975478 0.052193
vt 0.974095 0.052704
vt 0.977475 0.060577
vt 0.352615 0.968520
vt 0.343955 0.960603
vt 0.352615 0.957394
vt 0.344629 0.967087
vt 0.977501 0.043824
vt 0.975474 0.052193
vt 0.971939 0.043824
vt 0.972956 0.900671
vt 0.972956 0.910327
vt 0.971939 0.909649
vt 0.977666 0.520325
vt 0.971939 0.519748
vt 0.973070 0.514193
vt 0.971939 0.514214
vt 0.976545 0.222794
vt 0.971939 0.216149
vt 0.973865 0.125497
vt 0.972736 0.125210
vt 0.977549 0.117247
vt 0.559201 0.975324
vt 0.552507 0.980285
vt 0.552507 0.970938
vt 0.497129 0.967505
vt 0.487517 0.958016
vt 0.497129 0.956091
vt 0.487490 0.967558
vt 0.956369 0.706435
vt 0.946758 0.704501
vt 0.956369 0.695022
vt 0.834196 0.906078
vt 0.850758 0.895165
vt 0.850758 0.913893
vt 0.764315 0.979495
vt 0.757921 0.970938
vt 0.764477 0.970938
vt 0.759057 0.979474
vt 0.770913 0.970938
vt 0.764477 0.979496
vt 0.765662 0.970959
vt 0.771024 0.979496
vt 0.709940 0.980319
vt 0.703709 0.976263
vt 0.704319 0.971142
vt 0.117227 0.980598
vt 0.108984 0.973549
vt 0.109519 0.978904
vt 0.937705 0.971364
vt 0.932832 0.976768
vt 0.937113 0.970938
vt 0.937705 0.981241
vt 0.404358 0.974538
vt 0.409804 0.982780
vt 0.409217 0.983244
vt 0.178573 0.866188
vt 0.199105 0.838195
vt 0.199205 0.864071
vt 0.180602 0.838195
vt 0.703710 0.978629
vt 0.696144 0.972009
vt 0.703710 0.970938
vt 0.696126 0.978661
vt 0.487491 0.836237
vt 0.506200 0.861112
vt 0.508198 0.835065
vt 0.696126 0.978666
vt 0.688560 0.977589
vt 0.696126 0.970976
vt 0.956930 0.046134
vt 0.947502 0.056813
vt 0.950639 0.046155
vt 0.957038 0.056813
vt 0.905434 0.560414
vt 0.896060 0.549736
vt 0.905607 0.549736
vt 0.899137 0.560394
vt 0.972139 0.323794
vt 0.975810 0.334280
vt 0.971939 0.939887
vt 0.971939 0.930011
vt 0.972398 0.930343
vt 0.917552 0.970938
vt 0.917552 0.984353
vt 0.913916 0.973578
vt 0.917302 0.984926
vt 0.976433 0.304926
vt 0.971939 0.308306
vt 0.971939 0.299065
vt 0.618481 0.979222
vt 0.618481 0.970938
vt 0.625865 0.974741
vt 0.396548 0.979487
vt 0.403572 0.971005
vt 0.404358 0.979536
vt 0.396548 0.970938
vt 0.388739 0.979543
vt 0.389524 0.971011
vt 0.891660 0.784213
vt 0.897517 0.765222
vt 0.907424 0.784213
vt 0.892169 0.762812
vt 0.276863 0.844678
vt 0.263393 0.859109
vt 0.279049 0.848880
vt 0.277241 0.869587
vt 0.351773 0.887506
vt 0.343955 0.890135
vt 0.362155 0.868791
vt 0.777530 0.918214
vt 0.767359 0.898897
vt 0.782460 0.898897
vt 0.782331 0.918731
vt 0.247029 0.802947
vt 0.229833 0.790950
vt 0.251207 0.790950
vt 0.228752 0.810243
vt 0.247090 0.828174
vt 0.257694 0.814703
vt 0.847640 0.979488
vt 0.841464 0.979488
vt 0.847207 0.970938
vt 0.188090 0.980329
vt 0.179980 0.975834
vt 0.778218 0.160515
vt 0.792894 0.143316
vt 0.796328 0.160931
vt 0.778218 0.134223
vt 0.800941 0.122664
vt 0.806905 0.136298
vt 0.812607 0.979137
vt 0.812733 0.970938
vt 0.807755 0.979117
vt 0.826512 0.970938
vt 0.819939 0.979138
vt 0.821665 0.970958
vt 0.826586 0.979138
vt 0.730373 0.141109
vt 0.714897 0.122392
vt 0.733669 0.126179
vt 0.714897 0.144383
vt 0.530561 0.897996
vt 0.545753 0.903389
vt 0.530561 0.917747
vt 0.544866 0.915143
vt 0.455095 0.861724
vt 0.458338 0.878337
vt 0.918882 0.329645
vt 0.931010 0.343053
vt 0.918882 0.351284
vt 0.929692 0.329585
vt 0.865004 0.455316
vt 0.882224 0.458183
vt 0.882224 0.439742
vt 0.695596 0.869117
vt 0.712053 0.884179
vt 0.695596 0.888875
vt 0.976664 0.386976
vt 0.976664 0.395336
vt 0.971939 0.394608
vt 0.975848 0.387136
vt 0.975712 0.605770
vt 0.975257 0.597767
vt 0.975712 0.598094
vt 0.971939 0.602308
vt 0.976360 0.379894
vt 0.971939 0.386976
vt 0.971939 0.378017
vt 0.976957 0.034536
vt 0.974211 0.043824
vt 0.973745 0.043310
vt 0.973168 0.043085
vt 0.486624 0.970938
vt 0.479721 0.980313
vt 0.481462 0.970963
vt 0.486741 0.980313
vt 0.479545 0.980313
vt 0.472692 0.970938
vt 0.479721 0.970938
vt 0.474377 0.980288
vt 0.890703 0.970938
vt 0.885283 0.979308
vt 0.889605 0.971120
vt 0.890703 0.980449
vt 0.978139 0.314958
vt 0.971939 0.308352
vt 0.972834 0.308307
vt 0.971939 0.314528
vt 0.885283 0.972937
vt 0.880089 0.980892
vt 0.576315 0.981201
vt 0.575633 0.980517
vt 0.574719 0.980202
vt 0.789724 0.874586
vt 0.807033 0.873095
vt 0.790851 0.893703
vt 0.807033 0.894418
vt 0.907151 0.477462
vt 0.892555 0.479564
vt 0.907559 0.458255
s 1
usemtl Material.001
f 1/1/1 2/2/1 3/3/1
f 2/2/1 4/4/1 3/3/1
f 5/5/2 6/6/3 7/7/3
f 6/6/3 5/5/2 8/8/4
f 7/9/3 6/10/3 9/11/5
f 5/12/2 10/13/6 8/14/4
f 9/11/5 11/15/5 7/9/3
f 10/13/6 12/16/6 8/14/4
f 11/15/5 9/11/5 13/17/7
f 10/13/6 14/18/8 12/16/6
f 13/17/7 9/11/5 15/19/9
f 16/20/8 14/18/8 10/13/6
f 13/21/7 15/22/9 17/23/10
f 14/24/8 16/25/8 18/26/11
f 17/23/10 15/22/9 19/27/12
f 18/26/11 20/28/13 14/24/8
f 17/29/10 19/30/12 21/31/14
f 20/28/13 18/26/11 22/32/15
f 21/31/14 19/30/12 23/33/14
f 22/32/15 24/34/15 20/28/13
f 21/31/14 23/33/14 25/35/16
f 24/34/15 22/32/15 26/36/17
f 25/35/16 23/33/14 27/37/16
f 26/36/17 28/38/18 24/34/15
f 25/39/16 27/40/16 28/38/18
f 28/38/18 26/36/17 25/39/16
f 29/41/19 30/42/19 31/43/19
f 30/42/19 32/44/19 31/43/19
f 33/45/20 34/46/21 35/47/21
f 34/46/21 33/45/20 36/48/20
f 33/49/20 37/50/22 36/51/20
f 37/50/22 33/49/20 38/52/22
f 38/52/22 39/53/23 37/50/22
f 39/53/23 38/52/22 40/54/24
f 39/53/23 40/54/24 41/55/25
f 41/55/25 42/56/26 39/53/23
f 42/56/26 41/55/25 43/57/27
f 43/57/27 44/58/28 42/56/26
f 43/57/27 45/59/29 44/58/28
f 46/60/29 45/59/29 43/57/30
f 47/61/1 48/62/1 49/63/1
f 49/63/1 50/64/1 47/61/1
f 51/65/31 52/66/31 53/67/32
f 53/67/32 52/66/31 54/68/33
f 53/67/32 54/68/33 55/69/34
f 55/69/34 54/68/33 56/70/34
f 57/71/35 58/72/36 59/73/36
f 58/72/36 60/74/37 59/73/36
f 57/71/35 59/73/36 61/75/35
f 62/76/37 60/74/37 58/72/36
f 57/77/35 61/78/35 63/79/1
f 62/76/37 64/80/38 60/74/37
f 63/79/1 65/81/1 57/77/35
f 66/82/38 64/80/38 62/76/37
f 65/81/1 63/79/1 67/83/39
f 66/82/38 68/84/37 64/80/38
f 67/83/39 69/85/39 65/81/1
f 70/86/37 68/84/37 66/82/38
f 71/87/40 69/88/39 67/89/39
f 70/86/37 72/90/41 68/84/37
f 73/91/40 69/88/39 71/87/40
f 74/92/40 69/88/39 73/91/40
f 74/92/40 73/91/40 75/93/40
f 76/94/41 72/90/41 70/86/37
f 76/94/41 77/95/42 72/90/41
f 78/96/43 77/95/42 76/94/41
f 78/96/43 79/97/37 77/95/42
f 80/98/37 77/95/42 79/97/37
f 55/99/44 56/100/44 49/101/44
f 49/101/44 56/100/44 50/102/44
f 35/103/45 81/104/45 82/105/45
f 81/104/45 35/103/45 34/106/45
f 83/107/46 84/108/46 85/109/47
f 83/107/46 81/41/48 84/108/46
f 82/110/48 81/41/48 83/107/46
f 85/109/47 84/108/46 86/111/49
f 85/112/47 86/113/49 87/114/50
f 87/114/50 88/115/51 85/112/47
f 88/115/51 87/114/50 89/116/52
f 89/116/52 90/117/53 88/115/51
f 90/117/53 89/116/52 91/118/54
f 91/118/54 92/119/54 90/117/53
f 92/119/54 91/118/54 93/120/55
f 93/120/55 91/118/56 94/121/55
f 95/122/57 96/123/58 97/124/59
f 97/124/59 96/123/58 98/125/59
f 95/126/57 99/127/60 96/128/58
f 99/127/60 95/126/61 100/129/60
f 101/130/62 102/131/63 103/132/64
f 102/131/63 101/130/62 104/133/62
f 105/134/65 103/132/64 102/131/63
f 103/132/64 105/134/65 106/135/65
f 107/136/66 106/137/65 105/138/65
f 106/137/65 107/136/66 108/139/67
f 109/140/68 108/141/67 107/142/66
f 108/141/67 109/140/68 110/143/69
f 111/144/70 110/143/69 109/140/68
f 110/143/69 111/144/70 112/145/71
f 112/145/71 111/144/70 113/146/72
f 113/146/72 111/144/70 114/147/73
f 113/146/72 114/147/73 30/148/74
f 30/148/74 114/147/73 32/149/74
f 3/150/40 115/151/40 1/152/40
f 116/153/40 1/152/40 115/151/40
f 117/154/75 118/155/76 119/156/76
f 118/155/76 117/154/75 120/157/75
f 121/158/77 119/156/76 118/155/76
f 119/156/76 121/158/77 122/159/78
f 123/160/79 122/159/78 121/158/77
f 122/159/78 123/160/79 124/161/80
f 52/162/81 124/161/80 123/160/79
f 124/161/80 52/162/81 51/163/81
f 5/164/82 18/165/82 10/166/82
f 10/166/82 18/165/82 16/167/82
f 18/165/82 5/164/82 26/168/82
f 18/165/82 26/168/82 22/169/82
f 5/164/82 21/170/82 26/168/82
f 26/168/82 21/170/82 25/171/82
f 21/170/82 5/164/82 17/172/82
f 17/172/82 5/164/82 7/173/82
f 17/172/82 7/173/82 13/174/82
f 13/174/82 7/173/82 11/175/82
f 8/176/83 19/177/83 6/178/83
f 15/179/83 6/178/83 19/177/83
f 6/178/83 15/179/83 9/180/83
f 8/176/83 23/181/83 19/177/83
f 23/181/83 8/176/83 28/182/83
f 23/181/83 28/182/83 27/183/83
f 28/182/83 8/176/83 20/184/83
f 28/182/83 20/184/83 24/185/83
f 20/184/83 8/176/83 12/186/83
f 20/184/83 12/186/83 14/187/83
f 125/188/84 126/189/84 127/190/85
f 127/190/85 128/191/85 125/188/84
f 128/191/85 127/190/85 129/192/86
f 129/192/86 130/193/87 128/191/85
f 129/192/86 97/194/88 130/193/87
f 97/194/88 98/195/88 130/193/87
f 79/196/82 78/197/82 131/198/82
f 131/198/82 74/199/82 79/196/82
f 132/200/82 131/198/82 78/197/82
f 74/199/82 131/198/82 133/201/82
f 134/202/82 132/200/82 78/197/82
f 76/203/82 134/202/82 78/197/82
f 134/202/82 76/203/82 135/204/82
f 135/204/82 76/203/82 70/205/82
f 136/206/82 74/199/82 133/201/82
f 70/205/82 136/206/82 135/204/82
f 136/206/82 70/205/82 66/207/82
f 74/199/82 136/206/82 69/208/82
f 66/207/82 69/208/82 136/206/82
f 62/209/82 69/208/82 66/207/82
f 69/208/82 62/209/82 58/210/82
f 69/208/82 58/210/82 65/211/82
f 65/211/82 58/210/82 57/212/82
f 71/213/83 68/214/83 137/215/83
f 72/216/83 137/215/83 68/214/83
f 137/215/83 72/216/83 77/217/83
f 68/214/83 71/213/83 64/218/83
f 71/213/83 137/215/83 138/219/83
f 139/220/83 137/215/83 77/217/83
f 77/217/83 80/221/83 139/220/83
f 75/222/83 139/220/83 80/221/83
f 139/220/83 75/222/83 140/223/83
f 75/222/83 73/224/83 140/223/83
f 140/223/83 73/224/83 141/225/83
f 141/225/83 73/224/83 142/226/83
f 142/226/83 71/213/83 138/219/83
f 73/224/83 71/213/83 142/226/83
f 67/227/83 64/218/83 71/213/83
f 64/218/83 67/227/83 60/228/83
f 67/227/83 59/229/83 60/228/83
f 59/229/83 67/227/83 63/230/83
f 63/230/83 61/231/83 59/229/83
f 143/232/82 46/233/82 43/234/82
f 43/234/82 144/235/82 143/232/82
f 43/234/82 145/236/82 144/235/82
f 41/237/82 145/236/82 43/234/82
f 40/238/82 145/236/82 41/237/82
f 38/239/82 145/236/82 40/238/82
f 145/236/82 38/239/82 35/240/82
f 33/241/82 35/240/82 38/239/82
f 37/242/83 34/243/83 36/244/83
f 34/243/83 37/242/83 146/245/83
f 39/246/83 146/245/83 37/242/83
f 146/245/83 39/246/83 42/247/83
f 146/245/83 42/247/83 44/248/83
f 146/245/83 44/248/83 147/249/83
f 44/248/83 148/250/83 147/249/83
f 148/250/83 44/248/83 45/251/83
f 126/252/82 48/253/82 149/254/82
f 48/253/82 55/255/82 49/256/82
f 55/255/82 48/253/82 126/252/82
f 126/252/82 124/257/82 55/255/82
f 53/258/82 55/255/82 124/257/82
f 53/258/82 124/257/82 51/259/82
f 124/257/82 126/252/82 122/260/82
f 126/252/82 119/261/82 122/260/82
f 119/261/82 126/252/82 150/262/82
f 150/262/82 117/263/82 119/261/82
f 126/252/82 149/254/82 127/264/82
f 149/254/82 129/265/82 127/264/82
f 129/265/82 149/254/82 95/266/82
f 95/266/82 149/254/82 100/267/82
f 129/265/82 95/266/82 97/268/82
f 140/269/89 133/270/89 131/271/90
f 141/272/37 133/273/89 140/274/89
f 131/271/90 139/275/90 140/269/89
f 133/273/89 141/272/37 136/276/91
f 132/277/40 139/278/90 131/279/90
f 136/276/91 141/272/37 142/280/37
f 132/277/40 137/281/2 139/278/90
f 136/276/91 142/280/37 138/282/91
f 137/281/2 132/277/40 134/283/40
f 136/284/91 138/285/91 135/286/2
f 135/286/2 138/285/91 137/287/2
f 135/288/2 137/281/2 134/283/40
f 151/289/83 96/290/83 99/291/83
f 151/289/83 130/292/83 96/290/83
f 130/292/83 98/293/83 96/290/83
f 130/292/83 151/289/83 128/294/83
f 151/289/83 125/295/83 128/294/83
f 125/295/83 151/289/83 47/296/83
f 47/296/83 50/297/83 56/298/83
f 56/298/83 125/295/83 47/296/83
f 125/295/83 56/298/83 123/299/83
f 56/298/83 54/300/83 123/299/83
f 123/299/83 54/300/83 52/301/83
f 125/295/83 123/299/83 121/302/83
f 125/295/83 121/302/83 118/303/83
f 125/295/83 118/303/83 152/304/83
f 118/303/83 120/305/83 152/304/83
f 153/306/82 90/307/82 154/308/82
f 154/308/82 90/307/82 92/309/82
f 154/308/82 92/309/82 93/310/82
f 93/310/82 155/311/82 154/308/82
f 90/307/82 153/306/82 88/312/82
f 153/306/82 83/313/82 88/312/82
f 88/312/82 83/313/82 85/314/82
f 83/313/82 153/306/82 82/315/82
f 84/316/83 87/317/83 86/318/83
f 156/319/83 87/317/83 84/316/83
f 156/319/83 84/316/83 81/320/83
f 156/319/83 89/321/83 87/317/83
f 89/321/83 156/319/83 157/322/83
f 89/321/83 157/322/83 91/323/83
f 91/323/83 157/322/83 94/324/83
f 94/324/83 157/322/83 158/325/83
f 103/326/82 159/327/82 101/328/82
f 159/327/82 103/326/82 160/329/82
f 160/329/82 103/326/82 106/330/82
f 160/329/82 106/330/82 161/331/82
f 106/330/82 162/332/82 161/331/82
f 162/332/82 106/330/82 108/333/82
f 108/333/82 163/334/82 162/332/82
f 163/334/82 108/333/82 110/335/82
f 163/334/82 110/335/82 112/336/82
f 163/334/82 112/336/82 164/337/82
f 113/338/82 164/337/82 112/336/82
f 164/337/82 113/338/82 165/339/82
f 165/339/82 113/338/82 29/340/82
f 30/341/82 29/340/82 113/338/82
f 102/342/83 166/343/83 167/344/83
f 166/343/83 102/342/83 104/345/83
f 167/344/83 105/346/83 102/342/83
f 105/346/83 167/344/83 168/347/83
f 105/346/83 168/347/83 169/348/83
f 105/346/83 169/348/83 107/349/83
f 170/350/83 107/349/83 169/348/83
f 107/349/83 170/350/83 109/351/83
f 170/350/83 111/352/83 109/351/83
f 111/352/83 170/350/83 171/353/83
f 111/352/83 171/353/83 114/354/83
f 114/354/83 171/353/83 172/355/83
f 31/356/83 114/354/83 172/355/83
f 114/354/83 31/356/83 32/357/83
f 173/358/82 174/359/82 175/360/82
f 176/361/82 175/360/82 174/359/82
f 177/362/82 175/360/82 176/361/82
f 174/359/82 173/358/82 178/363/82
f 176/361/82 179/364/82 177/362/82
f 177/362/82 179/364/82 180/365/82
f 180/365/82 179/364/82 181/366/82
f 179/364/82 116/367/82 181/366/82
f 116/367/82 179/364/82 182/368/82
f 174/359/82 183/369/82 176/361/82
f 183/369/82 116/367/82 182/368/82
f 183/369/82 174/359/82 184/370/82
f 183/369/82 1/371/82 116/367/82
f 184/370/82 1/371/82 183/369/82
f 185/372/82 1/371/82 184/370/82
f 1/371/82 185/372/82 186/373/82
f 1/371/82 186/373/82 187/374/82
f 188/375/82 1/371/82 187/374/82
f 186/373/82 185/372/82 189/376/82
f 1/371/82 188/375/82 2/377/82
f 2/377/82 188/375/82 189/376/82
f 189/376/82 185/372/82 178/363/82
f 189/376/82 173/358/82 2/377/82
f 173/358/82 189/376/82 178/363/82
f 190/378/83 191/379/83 192/380/83
f 191/379/83 193/381/83 192/380/83
f 193/381/83 194/382/83 192/380/83
f 191/379/83 4/383/83 193/381/83
f 195/384/83 194/382/83 193/381/83
f 4/383/83 191/379/83 196/385/83
f 194/382/83 195/384/83 197/386/83
f 4/383/83 196/385/83 3/387/83
f 198/388/83 191/379/83 190/378/83
f 190/378/83 3/387/83 198/388/83
f 3/387/83 190/378/83 197/386/83
f 3/387/83 199/389/83 198/388/83
f 199/389/83 3/387/83 196/385/83
f 3/387/83 197/386/83 200/390/83
f 195/384/83 200/390/83 197/386/83
f 200/390/83 115/391/83 3/387/83
f 200/390/83 195/384/83 201/392/83
f 115/391/83 200/390/83 202/393/83
f 195/384/83 203/394/83 201/392/83
f 204/395/83 115/391/83 202/393/83
f 204/395/83 201/392/83 203/394/83
f 115/391/83 204/395/83 205/396/83
f 204/395/83 203/394/83 206/397/83
f 206/397/83 205/396/83 204/395/83
f 82/398/92 145/399/93 35/400/92
f 145/399/93 82/398/92 153/401/93
f 153/401/93 154/402/93 145/399/93
f 144/403/93 145/399/93 154/402/93
f 154/402/93 155/404/93 144/403/93
f 143/405/93 144/403/93 155/404/93
f 81/406/94 146/407/95 156/408/95
f 34/409/94 146/407/95 81/406/94
f 147/410/95 156/408/95 146/407/95
f 156/408/95 147/410/95 157/411/95
f 148/103/95 157/411/95 147/410/95
f 157/411/95 148/103/95 158/412/95
f 47/413/40 151/414/40 48/415/40
f 149/416/40 48/415/40 151/414/40
f 126/417/96 125/418/96 150/419/97
f 150/419/97 125/418/96 152/420/97
f 152/421/97 117/422/98 150/423/97
f 117/422/98 152/421/97 120/424/98
f 198/425/99 186/426/89 189/427/100
f 189/427/100 191/428/90 198/425/99
f 186/429/89 198/430/99 199/431/91
f 189/432/100 196/433/101 191/434/90
f 187/435/102 186/429/89 199/431/91
f 189/432/100 188/436/2 196/433/101
f 187/437/102 199/438/91 188/439/2
f 188/439/2 199/438/91 196/440/101
f 174/441/90 194/442/90 184/443/89
f 184/443/89 194/442/90 197/444/89
f 174/445/90 192/446/2 194/447/90
f 184/448/89 197/449/89 190/450/91
f 174/445/90 178/451/2 192/446/2
f 178/452/2 190/453/91 192/454/2
f 185/455/91 184/448/89 190/450/91
f 185/456/91 190/453/91 178/452/2
f 179/457/90 204/458/90 182/459/89
f 182/459/89 204/458/90 202/460/89
f 179/461/90 201/462/101 204/463/90
f 202/464/89 200/465/91 182/466/89
f 179/461/90 176/250/2 201/462/101
f 176/467/2 200/468/91 201/469/101
f 183/470/103 200/468/91 176/467/2
f 183/471/103 182/466/89 200/465/91
f 166/472/104 159/473/104 160/474/105
f 160/474/105 167/475/105 166/472/104
f 167/475/105 160/474/105 161/476/106
f 161/476/106 168/477/107 167/475/105
f 168/478/107 161/479/106 162/480/108
f 162/480/108 169/481/108 168/478/107
f 169/482/108 162/483/108 163/484/109
f 163/484/109 170/485/110 169/482/108
f 170/485/110 163/484/109 164/486/111
f 164/486/111 171/487/112 170/485/110
f 164/486/111 172/488/113 171/487/112
f 165/489/113 172/488/113 164/486/111
f 165/489/113 31/490/114 172/488/113
f 31/490/114 165/489/113 29/491/114
f 193/492/91 4/493/37 173/494/115
f 2/495/37 173/494/115 4/493/37
f 175/496/91 193/497/91 173/498/115
f 193/497/91 175/496/91 195/499/91
f 175/500/91 177/501/89 195/502/91
f 203/503/116 195/502/91 177/501/89
f 203/504/116 177/505/89 180/506/89
f 180/506/89 206/507/117 203/504/116
f 181/508/37 206/509/117 180/510/89
f 206/509/117 181/508/37 205/511/37
usemtl Material.002
f 207/512/83 209/513/118 208/514/119
f 210/515/120 209/513/118 207/512/83
f 209/513/121 210/515/120 211/516/120
f 212/517/119 208/514/119 209/513/118
f 213/518/122 214/519/122 216/520/122
f 213/518/122 215/521/122 214/519/122
f 217/522/122 215/521/122 213/518/122
f 215/521/122 217/522/122 218/523/122
f 214/519/122 215/521/122 219/524/122
f 219/524/122 215/521/122 220/525/122
f 220/525/122 221/526/122 219/524/122
f 221/526/122 220/525/122 222/527/122
f 223/528/122 219/524/122 221/526/122
f 219/524/122 223/528/122 224/529/122
f 225/530/123 226/531/124 217/532/124
f 217/532/124 213/533/123 225/530/123
f 217/532/124 226/531/124 218/534/125
f 228/535/83 218/536/125 227/537/125
f 227/538/125 218/534/125 226/531/124
f 218/536/125 228/535/83 215/539/83
f 213/533/123 229/540/126 225/530/123
f 229/540/126 213/533/123 216/541/126
f 216/542/126 214/543/82 229/544/126
f 229/544/126 214/543/82 230/545/82
f 231/546/82 219/547/82 232/548/127
f 219/547/82 224/549/127 232/548/127
f 224/550/127 233/551/128 232/552/127
f 233/551/128 224/550/127 223/553/128
f 223/553/128 221/554/129 234/555/129
f 234/555/129 233/551/128 223/553/128
f 234/555/129 221/554/129 235/556/130
f 222/557/130 235/556/130 221/554/129
f 236/558/83 222/559/130 220/560/83
f 222/559/130 236/558/83 235/561/130
f 220/562/131 228/563/131 236/564/131
f 228/563/131 220/562/131 215/565/131
f 219/566/132 231/567/132 214/568/132
f 230/569/132 214/568/132 231/567/132
f 237/570/133 239/571/133 238/572/82
f 240/573/82 238/572/82 239/571/133
f 238/574/82 240/575/82 241/576/134
f 242/577/134 241/576/134 240/575/82
f 244/578/40 242/579/135 243/580/40
f 243/580/40 210/581/136 244/578/40
f 210/581/136 243/580/40 211/582/136
f 242/579/135 244/578/40 241/583/135
f 230/584/1 225/585/1 229/586/1
f 225/585/1 230/584/1 226/587/1
f 226/587/1 230/584/1 228/588/1
f 228/588/1 230/584/1 236/589/1
f 236/589/1 230/584/1 231/590/1
f 231/590/1 233/591/1 236/589/1
f 233/591/1 231/590/1 232/592/1
f 236/589/1 233/591/1 234/593/1
f 236/589/1 234/593/1 235/594/1
f 226/587/1 228/588/1 227/595/1
f 245/596/37 246/597/37 237/598/137
f 246/597/37 245/596/37 212/599/138
f 208/600/138 212/599/138 245/596/37
f 239/601/137 237/598/137 246/597/37
f 247/602/139 248/603/140 249/604/140
f 248/603/140 247/602/139 250/605/139
f 251/606/141 249/604/140 248/603/140
f 249/604/140 251/606/141 252/607/141
f 253/608/142 252/607/141 251/606/141
f 252/607/141 253/608/142 254/609/142
f 254/610/37 253/611/37 255/612/37
f 255/612/37 256/613/37 254/610/37
f 247/614/143 249/615/144 257/616/143
f 257/616/143 249/615/144 258/536/145
f 249/617/144 252/618/146 258/619/145
f 258/619/145 252/618/146 259/620/147
f 252/618/146 256/613/148 259/620/147
f 256/613/148 252/618/146 254/621/148
f 262/622/149 248/623/150 260/624/151
f 248/623/150 261/625/152 260/624/151
f 261/625/152 248/623/150 250/626/152
f 251/627/153 248/623/150 262/622/149
f 253/628/154 251/627/153 255/629/154
f 255/629/154 251/627/153 262/622/149
f 257/434/40 261/630/40 250/631/40
f 250/631/40 247/632/40 257/434/40
f 257/176/1 258/633/1 261/634/1
f 258/633/1 260/635/1 261/634/1
f 258/633/1 259/636/1 260/635/1
f 259/636/1 256/637/1 262/638/1
f 259/636/1 262/638/1 260/635/1
f 256/637/1 255/377/1 262/638/1
f 263/639/155 265/640/155 264/641/156
f 263/642/155 266/643/157 265/644/155
f 267/645/157 266/643/157 263/642/155
f 264/641/156 265/640/155 268/646/156
f 269/647/158 268/648/156 270/649/158
f 264/650/156 268/648/156 269/647/158
f 271/651/82 264/652/82 269/653/82
f 264/652/82 271/651/82 263/654/82
f 271/651/82 272/655/82 263/654/82
f 263/654/82 272/655/82 267/656/82
f 268/657/83 273/658/83 270/659/83
f 268/657/83 274/660/83 273/658/83
f 265/661/83 274/660/83 268/657/83
f 274/660/83 265/661/83 266/662/83
f 275/663/83 277/664/83 276/665/83
f 278/666/83 276/665/83 277/664/83
f 279/667/82 281/668/82 280/669/82
f 281/668/82 279/667/82 282/670/82
f 283/671/83 285/672/83 284/673/83
f 286/152/83 284/673/83 285/672/83
f 287/674/82 289/675/82 288/676/82
f 289/675/82 287/674/82 290/677/82
f 279/678/159 275/679/159 282/680/160
f 279/681/159 277/682/161 275/683/159
f 279/681/159 280/684/161 277/682/161
f 280/685/161 278/686/162 277/687/161
f 281/688/162 278/686/162 280/685/161
f 281/689/162 276/690/160 278/691/162
f 281/689/162 282/692/160 276/690/160
f 282/680/160 275/679/159 276/693/160
f 287/694/159 283/695/159 290/696/160
f 287/697/159 285/698/161 283/699/159
f 287/697/159 288/511/161 285/698/161
f 288/700/161 286/701/162 285/702/161
f 289/703/162 286/701/162 288/700/161
f 289/704/162 284/626/160 286/705/162
f 289/704/162 290/706/160 284/626/160
f 290/696/160 283/695/159 284/707/160
f 272/708/163 274/709/163 267/710/164
f 272/711/163 273/712/165 274/648/163
f 271/713/166 273/712/165 272/711/163
f 271/714/166 270/715/167 273/716/165
f 269/717/168 270/715/167 271/714/166
f 267/710/164 274/709/163 266/718/164
f 291/719/82 293/720/82 292/721/82
f 293/720/82 291/719/82 294/722/82
f 291/719/82 295/723/82 294/722/82
f 294/722/82 295/723/82 296/724/82
f 297/725/83 298/726/83 300/727/83
f 297/725/83 299/728/83 298/726/83
f 301/729/83 299/728/83 297/725/83
f 299/728/83 301/729/83 302/730/83
f 293/731/169 301/463/170 297/732/169
f 293/731/169 294/733/170 301/463/170
f 293/734/169 297/735/169 292/736/171
f 292/736/171 297/735/169 300/737/171
f 294/738/170 302/739/172 301/740/170
f 302/739/172 294/738/170 296/741/172
f 295/742/173 298/743/174 299/744/173
f 299/744/173 296/745/175 295/742/173
f 296/745/175 299/744/173 302/746/175
f 295/742/173 291/747/174 298/743/174
f 291/748/174 300/749/176 298/750/174
f 292/751/176 300/749/176 291/748/174
f 303/752/177 305/753/82 304/754/177
f 305/753/82 303/752/177 306/755/82
f 307/756/178 306/757/82 308/758/178
f 306/757/82 307/756/178 305/759/82
f 306/760/122 309/761/122 308/762/122
f 309/761/122 306/760/122 310/763/122
f 313/764/122 310/763/122 306/760/122
f 312/765/122 306/760/122 311/766/122
f 311/766/122 306/760/122 303/767/122
f 312/765/122 313/764/122 306/760/122
f 310/763/122 313/764/122 314/768/122
f 313/764/122 315/769/122 316/770/122
f 313/764/122 312/765/122 315/769/122
f 318/771/179 321/772/180 317/458/181
f 317/773/181 319/774/82 318/775/179
f 319/774/82 317/773/181 320/776/182
f 317/777/181 322/778/183 320/779/182
f 323/780/184 317/777/181 321/781/180
f 323/780/184 322/778/183 317/777/181
f 324/782/185 325/783/186 323/784/184
f 323/785/184 327/786/37 324/787/185
f 326/788/187 323/780/184 325/789/186
f 323/780/184 326/788/187 322/778/183
f 327/786/37 323/785/184 321/772/180
f 321/772/180 318/771/179 327/786/37
f 326/790/187 328/791/83 329/442/188
f 328/791/83 326/790/187 325/783/186
f 326/792/187 329/793/188 330/794/189
f 322/778/183 326/788/187 330/795/189
f 331/796/40 330/794/189 329/793/188
f 330/794/189 331/796/40 322/797/183
f 332/798/190 322/797/183 331/796/40
f 332/799/190 320/800/182 322/801/183
f 320/800/182 332/799/190 319/802/82
f 325/783/186 324/782/185 328/791/83
f 334/803/40 337/804/190 333/805/40
f 333/805/40 335/806/188 334/803/40
f 335/806/188 333/805/40 336/807/188
f 337/808/190 338/809/190 339/810/82
f 337/804/190 334/803/40 338/811/190
f 339/812/82 340/813/82 341/814/179
f 340/735/82 339/810/82 338/809/190
f 341/815/179 342/816/179 343/817/37
f 342/818/179 341/814/179 340/813/82
f 344/819/37 343/817/37 342/816/179
f 343/817/37 344/819/37 345/820/185
f 346/821/185 345/820/185 344/819/37
f 345/822/185 346/823/185 347/824/83
f 348/825/83 347/824/83 346/823/185
f 347/824/83 348/825/83 336/826/188
f 335/827/188 336/826/188 348/825/83
f 349/828/1 351/829/1 350/830/1
f 352/831/1 350/830/1 351/829/1
f 352/831/1 351/829/1 353/832/1
f 353/832/1 351/829/1 354/833/1
f 352/831/1 353/832/1 355/834/1
f 350/830/1 352/831/1 356/835/1
f 357/836/1 359/837/1 358/838/1
f 359/837/191 357/836/191 360/839/191
f 305/840/1 358/838/1 359/837/1
f 363/841/1 305/840/1 359/837/1
f 363/841/1 359/837/1 361/842/1
f 361/842/1 359/837/1 362/843/191
f 305/840/1 363/841/1 364/844/1
f 305/840/1 364/844/1 304/845/192
f 358/838/1 305/840/1 307/846/193
f 311/847/194 363/848/40 312/849/40
f 311/847/194 364/850/194 363/848/40
f 364/851/194 311/852/194 303/853/195
f 312/849/40 361/854/196 315/855/196
f 312/849/40 363/848/40 361/854/196
f 362/856/197 315/857/196 361/858/196
f 362/856/197 316/859/197 315/857/196
f 364/851/194 303/853/195 304/860/195
f 316/861/198 362/862/198 313/863/83
f 359/864/83 313/863/83 362/862/198
f 313/863/83 359/864/83 314/865/199
f 360/866/199 314/865/199 359/864/83
f 357/867/200 314/868/200 360/869/200
f 357/867/200 310/870/200 314/868/200
f 307/871/201 309/872/201 358/873/201
f 307/871/201 308/874/201 309/872/201
f 353/875/190 365/876/190 355/877/82
f 353/878/190 366/879/40 365/880/190
f 366/879/40 353/878/190 354/881/40
f 355/882/82 367/883/82 352/884/179
f 367/885/82 355/877/82 365/876/190
f 352/886/179 368/887/179 356/888/37
f 368/889/179 352/884/179 367/883/82
f 356/888/37 369/890/37 350/891/185
f 369/890/37 356/888/37 368/887/179
f 350/892/185 370/893/185 349/894/83
f 370/895/185 350/891/185 369/890/37
f 371/896/83 349/894/83 370/893/185
f 349/894/83 371/896/83 351/897/188
f 372/898/188 351/897/188 371/896/83
f 372/899/188 354/881/40 351/900/188
f 354/881/40 372/899/188 366/879/40
f 373/901/185 374/902/83 377/903/83
f 373/901/185 375/904/185 374/902/83
f 376/905/37 375/906/185 373/907/185
f 377/903/83 378/908/188 379/909/188
f 377/903/83 374/902/83 378/908/188
f 379/910/188 380/911/40 381/912/40
f 380/911/40 379/910/188 378/913/188
f 381/912/40 382/914/190 383/915/190
f 382/914/190 381/912/40 380/911/40
f 383/916/190 385/917/82 384/918/82
f 383/916/190 382/919/190 385/917/82
f 384/920/82 385/921/82 386/922/179
f 384/920/82 386/922/179 387/923/179
f 387/924/179 386/925/179 388/926/37
f 387/924/179 388/926/37 376/905/37
f 376/905/37 388/926/37 375/906/185
f 383/927/1 327/928/1 381/929/1
f 327/928/1 379/930/1 381/929/1
f 379/930/1 327/928/1 318/931/1
f 327/928/1 383/927/1 324/932/1
f 328/933/1 324/932/1 383/927/1
f 383/927/1 384/934/1 328/933/1
f 387/935/1 328/933/1 384/934/1
f 328/933/1 387/935/1 329/936/1
f 387/935/1 331/937/202 329/936/1
f 331/937/202 373/938/1 332/939/1
f 373/938/1 331/937/202 376/940/202
f 387/935/1 376/940/202 331/937/202
f 319/941/1 373/938/1 377/942/1
f 373/938/1 319/941/1 332/939/1
f 319/941/1 379/930/1 318/931/1
f 379/930/1 319/941/1 377/942/1
f 386/943/122 375/944/122 388/945/122
f 375/944/122 386/943/122 382/946/122
f 382/946/122 386/943/122 385/947/122
f 382/946/122 378/948/122 375/944/122
f 378/948/122 382/946/122 380/949/122
f 375/944/122 378/948/122 374/950/122
usemtl Material.008
f 389/951/203 391/952/204 390/953/205
f 391/952/204 389/951/203 392/954/206
f 393/955/207 390/953/205 391/952/204
f 393/955/207 391/952/204 394/956/208
f 395/957/209 397/958/210 396/959/211
f 397/958/210 395/957/209 398/960/212
f 397/961/210 400/962/213 399/963/214
f 400/962/213 397/961/210 398/964/212
f 401/965/215 399/966/214 402/967/216
f 402/968/216 403/969/217 401/970/215
f 403/969/217 402/968/216 404/971/218
f 399/966/214 400/972/213 402/967/216
f 396/973/211 405/974/219 395/975/209
f 396/973/211 406/976/220 405/974/219
f 407/977/221 405/978/219 406/979/220
f 405/980/219 407/981/221 408/982/222
f 407/983/221 409/984/223 408/985/222
f 410/986/224 412/987/225 411/988/226
f 412/987/225 410/986/224 413/989/227
f 412/990/225 415/991/228 414/992/229
f 415/991/228 412/990/225 413/993/227
f 420/994/230 416/995/231 417/996/232
f 416/995/231 418/997/233 417/996/232
f 418/997/233 416/995/231 419/998/234
f 421/999/235 416/995/231 420/994/230
f 422/1000/236 424/1001/237 423/1002/238
f 424/1001/237 422/1000/236 425/1003/239
f 422/1000/236 426/1004/240 425/1003/239
f 426/1004/240 422/1000/236 427/1005/241
f 428/1006/242 409/1007/243 407/1008/244
f 429/1009/245 423/1010/238 424/1011/237
f 429/1009/245 430/1012/246 423/1010/238
f 418/1013/233 419/1014/234 429/1015/245
f 419/1014/234 430/1016/246 429/1015/245
f 431/1017/247 433/1018/248 432/1019/249
f 433/1018/248 434/1020/250 432/1019/249
f 435/1021/251 414/1022/229 436/1023/252
f 414/1024/229 415/1025/228 436/1026/252
f 438/1027/253 440/1028/254 437/1029/255
f 437/1030/255 439/1031/256 438/1032/253
f 411/1033/226 441/1034/257 410/1035/224
f 411/1036/226 442/1037/258 441/1038/257
f 403/1039/217 404/1040/218 443/1041/259
f 444/1042/260 403/1043/261 443/1044/262
f 445/1045/263 447/1046/264 446/1047/265
f 448/1048/266 423/1049/267 430/1050/266
f 423/1049/267 448/1048/266 449/1051/268
f 419/1052/269 448/1053/266 430/1054/266
f 448/1053/266 419/1052/269 450/1055/270
f 445/1056/263 441/1057/257 442/1058/258
f 441/1057/257 445/1056/263 446/1059/265
f 451/1060/271 453/1061/272 452/1062/273
f 458/1063/274 454/1064/275 455/1065/276
f 454/1064/275 456/1066/277 455/1065/276
f 456/1066/277 454/1064/275 457/1067/278
f 459/1068/279 454/1064/275 458/1063/274
f 460/1069/280 462/1070/281 461/1071/282
f 462/1070/281 460/1069/280 463/1072/283
f 460/1069/280 464/1073/284 463/1072/283
f 464/1073/284 460/1069/280 465/1074/285
f 453/1075/286 466/1076/287 452/1077/288
f 467/1078/289 461/1079/290 468/1080/291
f 461/1079/290 467/1078/289 469/1081/292
f 457/1082/293 467/1083/289 468/1084/291
f 467/1083/289 457/1082/293 470/1085/294
f 471/1086/295 447/1087/296 445/1088/297
f 453/1089/286 436/1090/252 466/1091/287
f 436/1090/252 453/1089/286 435/1092/251
f 472/1093/298 461/1094/282 462/1095/281
f 472/1093/298 468/1096/298 461/1094/282
f 456/1097/277 457/1098/278 472/1099/298
f 457/1098/278 468/1100/298 472/1099/298
f 421/1101/235 420/1102/230 473/1103/299
f 427/437/241 474/1104/300 426/1105/240
f 475/1106/301 477/1107/302 476/1108/303
f 477/1107/302 475/1106/301 478/1109/304
f 475/1110/305 480/1111/306 479/1112/307
f 480/1111/306 475/1110/305 476/1113/308
f 460/1114/309 481/1115/310 465/1116/311
f 481/1115/310 460/1114/309 482/1117/312
f 461/1118/290 482/1117/312 460/1114/309
f 482/1119/312 461/1120/290 469/1121/292
f 483/1122/313 454/1123/314 459/1124/315
f 454/1123/314 483/1122/313 484/1125/316
f 457/1126/293 484/1125/316 470/1127/294
f 484/1125/316 457/1126/293 454/1123/314
f 435/1128/317 451/1129/271 485/1130/318
f 451/1129/271 435/1128/317 453/1131/272
f 485/1132/318 486/1133/319 435/1134/317
f 414/1135/320 435/1134/317 486/1133/319
f 442/1136/321 471/1137/295 445/1138/297
f 471/1137/295 442/1136/321 487/1139/322
f 442/1140/321 488/1141/323 487/1142/322
f 488/1141/323 442/1140/321 411/1143/324
f 489/1144/325 490/1145/326 492/1146/327
f 489/1144/325 491/1147/328 490/1145/326
f 493/1148/329 494/1149/330 489/1150/325
f 494/1149/330 491/1151/328 489/1150/325
f 431/1152/247 495/1153/331 433/1154/248
f 495/1153/331 431/1152/247 496/1155/332
f 495/1156/331 440/1157/254 438/1158/253
f 440/1157/254 495/1156/331 496/1159/332
f 422/1160/333 497/1161/334 427/1162/335
f 497/1163/334 422/1164/333 498/1165/336
f 423/1166/267 498/1167/336 422/1168/333
f 498/1169/336 423/1170/267 449/1171/268
f 499/1172/337 416/1173/338 421/1174/339
f 416/1173/338 499/1172/337 500/1175/340
f 500/1175/340 419/1176/269 416/1173/338
f 419/1176/269 500/1175/340 450/1177/270
f 501/1178/341 490/1179/342 491/1180/343
f 490/1179/342 501/1178/341 502/1181/344
f 494/1182/345 501/1183/341 491/1184/343
f 501/1183/341 494/1182/345 503/1185/346
f 504/1186/347 505/1187/348 493/1188/329
f 494/1189/330 493/1190/329 505/1191/348
f 506/1192/349 508/1193/350 507/1194/349
f 508/1193/350 506/1192/349 509/1195/350
f 490/1196/326 510/1197/351 492/1198/327
f 510/1197/351 511/1199/352 492/1198/327
f 506/1200/353 513/1201/353 512/1202/353
f 513/1201/354 506/1200/354 507/1203/354
f 459/1204/279 458/1205/274 514/1206/355
f 465/1207/285 515/1208/356 464/1209/284
f 516/1210/357 518/1211/358 517/1212/357
f 518/1211/358 516/1210/357 519/1213/359
f 520/1214/360 516/1215/357 521/1216/361
f 521/1216/361 516/1215/357 517/1217/357
f 481/1218/310 515/1219/362 465/1220/311
f 483/1221/313 459/1222/315 514/1223/363
f 432/1224/364 522/1225/365 431/1226/366
f 522/1227/365 432/1228/364 523/1229/367
f 524/1230/368 526/1231/369 525/1232/370
f 526/1231/369 524/1230/368 527/1233/371
f 528/1234/372 524/1235/368 525/1236/370
f 524/1235/368 528/1234/372 529/1237/373
f 530/1238/374 437/1239/375 440/1240/376
f 437/1241/375 530/1242/374 531/1243/377
f 532/1244/378 478/1245/304 475/1246/301
f 478/1245/304 532/1244/378 533/1247/379
f 532/1244/378 534/1248/380 533/1247/379
f 534/1248/380 532/1244/378 535/1249/381
f 536/1250/382 526/1251/383 537/1252/384
f 536/1250/382 525/1253/382 526/1251/383
f 538/1254/385 528/1255/386 536/1256/382
f 528/1255/386 525/1257/382 536/1256/382
f 539/1258/387 504/1259/347 540/1260/388
f 504/1259/347 539/1258/387 505/1261/348
f 541/1262/389 511/1263/352 510/1264/351
f 511/1263/352 541/1262/389 542/1265/390
f 543/1266/391 545/1267/392 544/1268/393
f 544/1268/393 545/1267/392 546/1269/394
f 545/1270/392 547/1271/395 546/1272/394
f 547/1271/395 545/1270/392 548/1273/396
f 549/1274/397 538/1275/385 550/1276/398
f 538/1275/385 549/1274/397 528/1277/386
f 551/1278/399 537/1279/384 526/1280/383
f 537/1279/384 551/1278/399 552/1281/400
f 550/1282/398 553/1283/401 549/1284/397
f 553/1283/401 550/1282/398 554/1285/402
f 552/1286/400 556/1287/403 555/1288/404
f 556/1287/403 552/1286/400 551/1289/399
f 490/1290/342 557/1291/405 510/1292/406
f 557/1293/405 490/1294/342 502/1295/344
f 558/1296/407 494/1297/345 505/1298/408
f 494/1297/345 558/1296/407 503/1299/346
f 497/1300/334 474/1301/409 427/1302/335
f 499/1303/337 421/1304/339 473/1305/410
f 411/1306/324 559/1307/411 488/1308/323
f 559/1307/411 411/1306/324 412/1309/412
f 559/1310/411 414/1311/320 486/1312/319
f 414/1311/320 559/1310/411 412/1313/412
f 551/1314/413 560/1315/414 556/1316/415
f 560/1315/414 551/1314/413 561/1317/416
f 566/1318/417 562/1319/418 563/1320/419
f 562/1319/418 564/1321/420 563/1320/419
f 564/1321/420 562/1319/418 565/1322/421
f 567/1323/422 562/1319/418 566/1318/417
f 568/1324/423 549/1325/424 553/1326/425
f 549/1325/424 568/1324/423 569/1327/426
f 570/1328/427 572/1329/428 571/1330/429
f 572/1329/428 570/1328/427 573/1331/430
f 570/1328/427 574/1332/431 573/1331/430
f 574/1332/431 570/1328/427 575/1333/432
f 576/1334/433 571/1335/429 572/1336/428
f 576/1334/433 577/1337/434 571/1335/429
f 564/1338/420 565/1339/421 576/1340/433
f 565/1339/421 577/1341/434 576/1340/433
f 561/1048/416 526/1342/369 527/1343/371
f 526/1344/369 561/1345/416 551/1346/413
f 510/1347/406 578/1348/435 541/1349/436
f 578/1350/435 510/1351/406 557/1352/405
f 569/1353/426 528/1354/372 549/1355/424
f 528/1354/372 569/1353/426 529/1356/373
f 579/1357/437 505/1358/408 539/1359/438
f 505/1358/408 579/1357/437 558/1360/407
f 580/1361/439 582/1362/440 581/1363/441
f 582/1362/440 580/1361/439 583/1364/442
f 583/1365/442 584/1366/443 582/1367/440
f 584/1366/443 583/1365/442 585/1368/444
f 586/1369/445 587/1370/446 532/1371/447
f 532/1371/447 479/1372/307 586/1369/445
f 479/1372/307 532/1371/447 475/1373/305
f 535/1374/448 532/1371/447 587/1370/446
f 535/1375/448 587/1167/446 588/1376/449
f 553/1377/401 554/1378/402 589/1379/450
f 556/1380/403 590/1381/451 555/1382/404
f 591/1383/452 593/1384/453 592/1385/454
f 593/1384/453 591/1383/452 594/1386/455
f 593/1384/453 581/1387/441 592/1385/454
f 581/1387/441 593/1384/453 580/1388/439
f 595/1389/456 571/1390/457 577/1391/458
f 571/1390/457 595/1389/456 596/1392/459
f 565/1393/460 595/1394/456 577/1395/458
f 595/1394/456 565/1393/460 597/1396/461
f 598/1397/462 600/1398/463 599/1399/464
f 600/1398/463 598/1397/462 601/1400/465
f 601/1401/465 584/1402/443 600/1403/463
f 585/1404/444 600/1403/463 584/1402/443
f 539/1405/387 540/1406/388 602/1407/466
f 603/1408/467 605/1409/468 604/1410/469
f 541/1411/389 606/1412/470 542/1413/390
f 607/1414/471 543/1415/391 544/1416/393
f 543/1417/391 607/1418/471 608/1419/472
f 609/1420/473 608/1419/472 607/1418/471
f 607/1418/471 610/1421/474 609/1420/473
f 548/1422/396 611/1423/475 547/1424/395
f 611/1423/475 548/1422/396 612/1425/476
f 611/1423/475 612/1425/476 613/1426/477
f 614/1427/478 611/1423/475 613/1426/477
f 615/1428/479 617/1429/480 616/1430/481
f 578/1431/435 606/1432/482 541/1433/436
f 579/1356/437 539/1434/438 602/1435/483
f 570/1436/484 618/1437/485 575/1438/486
f 618/1439/485 570/1440/484 619/1441/487
f 620/1442/488 562/1443/489 567/1444/490
f 562/1443/489 620/1442/488 621/1445/491
f 619/1337/487 571/1446/457 596/1447/459
f 571/1448/457 619/1449/487 570/1450/484
f 621/1451/491 565/1452/460 562/1453/489
f 565/1452/460 621/1451/491 597/1454/461
f 567/1455/422 566/1456/417 622/1457/492
f 575/1458/432 623/1459/493 574/1460/431
f 560/1230/414 590/1461/494 556/1462/415
f 568/1463/423 553/1464/425 589/1465/495
f 624/1466/496 626/1467/497 625/1468/498
f 626/1467/497 624/1466/496 627/1469/499
f 628/1470/500 624/1471/496 629/1472/501
f 629/1472/501 624/1471/496 625/1473/498
f 630/1474/502 632/1475/502 631/1476/502
f 632/1475/502 630/1474/502 633/1477/502
f 630/1478/503 635/1479/503 634/1480/503
f 635/1479/503 630/1478/503 631/1481/503
f 618/1482/485 623/1483/504 575/1484/486
f 620/1485/488 567/1486/490 622/1487/505
f 522/1488/365 636/1489/506 431/1490/366
f 431/1490/366 636/1489/506 496/1491/507
f 636/1492/506 440/1493/376 496/1494/507
f 440/1493/376 636/1492/506 530/1495/374
f 637/1496/508 639/1497/509 638/1498/510
f 639/1497/509 637/1496/508 640/1499/511
f 637/1500/512 642/1501/513 641/1502/514
f 642/1501/513 637/1500/512 638/1503/515
f 643/1504/516 645/1505/517 644/1506/518
f 645/1505/517 643/1504/516 646/1507/519
f 647/1508/520 645/1509/521 648/1510/520
f 645/1509/521 647/1508/520 644/1511/522
f 649/1512/523 651/1513/524 650/1514/525
f 651/1513/524 652/1515/526 650/1514/525
f 650/1516/525 653/1517/527 654/1518/528
f 650/1516/525 652/1519/526 653/1517/527
f 617/1520/529 655/1521/530 616/1522/531
f 656/1523/532 658/1524/203 657/1525/533
f 658/1524/203 656/1523/532 659/1526/206
f 660/1527/534 656/1528/532 657/1529/533
f 656/1528/532 660/1527/534 661/1530/535
f 654/1531/528 663/1532/536 662/1533/537
f 663/1532/536 654/1531/528 653/1534/527
f 664/1535/538 649/1536/523 665/1537/539
f 649/1538/523 664/1539/538 651/1540/524
f 667/1541/540 668/1542/541 666/1543/542
f 666/1543/542 660/1544/534 667/1541/540
f 660/1545/534 666/1546/542 661/1547/535
f 666/1543/542 668/1542/541 669/1548/543
f 658/1549/203 671/1550/544 670/1551/205
f 671/1550/544 658/1549/203 659/1552/206
f 672/1553/545 670/1551/205 671/1550/544
f 672/1553/545 671/1550/544 673/1554/546
f 674/1555/547 676/1556/548 675/1557/549
f 676/1556/548 674/1555/547 677/1558/550
f 677/1559/550 678/1560/551 676/1561/548
f 676/1562/548 678/1563/551 679/1564/552
f 680/1565/553 682/1566/554 681/1567/555
f 682/1566/554 680/1565/553 683/1568/556
f 684/1569/557 681/1570/555 682/1571/554
f 684/1569/557 682/1571/554 685/1572/558
f 686/1573/559 687/1574/560 689/1575/561
f 686/1573/559 688/1576/562 687/1574/560
f 690/1577/563 691/1578/564 686/1579/559
f 691/1578/564 688/1580/562 686/1579/559
f 692/1581/565 694/1582/566 693/1583/567
f 694/1582/566 692/1581/565 695/1584/566
f 693/1585/568 694/1586/569 696/1587/570
f 694/1586/569 697/1588/569 696/1587/570
f 698/1589/571 700/1590/572 699/1591/573
f 700/1590/572 698/1589/571 701/1592/574
f 640/1593/511 700/1590/572 701/1592/574
f 700/1590/572 640/1593/511 637/1594/508
f 702/1595/575 704/1596/576 703/1597/577
f 705/1598/578 707/1599/579 706/1600/580
f 708/1601/581 605/1602/582 603/1603/583
f 709/1604/584 693/1605/567 710/1606/585
f 693/1605/567 709/1604/584 692/1607/565
f 710/1608/586 693/1609/568 711/1610/587
f 693/1609/568 696/1611/570 711/1610/587
f 580/1612/588 712/1613/589 713/1614/590
f 580/1612/588 593/1615/591 712/1613/589
f 594/1616/592 712/1617/589 593/1618/591
f 712/1617/589 594/1616/592 714/1619/593
f 594/1620/592 715/1621/594 714/1622/593
f 716/1623/595 718/1624/596 717/1625/597
f 718/1624/596 716/1623/595 719/1626/598
f 691/1627/564 718/1628/596 719/1629/598
f 718/1628/596 691/1627/564 690/1630/563
f 600/1631/599 585/1632/600 720/1633/601
f 720/1634/601 599/1635/602 600/1636/599
f 599/1635/602 720/1634/601 721/1637/603
f 599/1638/602 721/1639/603 722/1640/604
f 585/1632/600 723/1641/605 720/1633/601
f 699/1642/606 725/1643/607 724/1644/608
f 699/1645/606 700/1646/609 725/1647/607
f 700/1646/609 726/1648/610 725/1647/607
f 700/1646/609 641/1649/514 726/1648/610
f 641/1649/514 700/1646/609 637/1650/512
f 727/1651/611 729/1652/612 728/1653/613
f 729/1652/612 727/1651/611 730/1654/614
f 728/1655/613 729/1656/612 687/1657/560
f 689/1658/561 687/1657/560 729/1656/612
f 626/1659/497 627/1660/499 731/1661/615
f 731/1661/615 732/1662/616 626/1659/497
f 628/1663/500 629/1664/501 733/1665/617
f 629/1664/501 734/1666/618 733/1665/617
f 735/1667/619 615/1668/620 616/1669/621
f 680/1670/553 736/1671/622 683/1672/556
f 683/1672/556 736/1671/622 737/1673/623
f 736/1674/622 675/1675/549 737/1676/623
f 675/1675/549 736/1674/622 674/1677/547
f 738/1678/624 740/1679/625 739/1353/626
f 740/1679/625 738/1678/624 741/1680/627
f 742/1681/628 743/1682/629 740/1683/630
f 743/1682/629 739/1684/631 740/1683/630
f 744/1685/632 745/1686/633 747/1687/634
f 744/1685/632 746/1688/635 745/1686/633
f 748/1689/636 749/1690/637 744/1691/632
f 749/1690/637 746/1692/635 744/1691/632
f 519/1693/359 750/1694/638 518/1695/358
f 750/1696/638 519/1697/359 751/1698/639
f 750/1699/638 751/1700/639 752/1701/640
f 753/1702/641 750/1703/638 752/1704/640
f 753/1705/641 752/1706/640 754/1707/642
f 520/1708/360 756/1709/643 755/1710/644
f 756/1709/643 520/1708/360 521/1711/361
f 757/1712/645 755/1713/644 756/1714/643
f 757/1715/645 756/1716/643 758/1717/646
f 758/1718/646 759/1719/647 757/1720/645
f 760/1721/648 762/1722/649 761/1723/650
f 762/1722/649 760/1721/648 763/1724/651
f 762/1725/652 765/1726/653 764/1727/654
f 765/1726/655 762/1725/652 763/1728/656
f 767/1729/657 769/1730/658 766/1731/659
f 766/1731/660 768/1732/661 767/1729/657
f 770/1733/662 766/1734/663 771/1735/664
f 766/1734/663 770/1733/662 768/1736/665
f 772/1737/666 705/1738/667 706/1739/668
f 773/1740/669 704/1741/670 702/1742/671
f 713/1743/590 583/1744/672 580/1745/588
f 583/1744/672 713/1743/590 774/1746/673
f 775/1747/674 777/1748/203 776/1749/675
f 777/1748/203 775/1747/674 778/1750/206
f 779/1751/534 775/1752/674 776/1753/675
f 775/1752/674 779/1751/534 780/1754/535
f 583/1755/672 723/1756/605 585/1757/600
f 723/1756/605 583/1755/672 774/1758/673
f 675/1759/676 782/1760/677 781/1761/678
f 782/1760/677 675/1759/676 676/1762/679
f 782/1763/677 676/1764/679 679/1765/680
f 679/1765/680 783/1766/681 782/1763/677
f 784/1767/682 739/1768/626 785/1769/683
f 739/1768/626 784/1767/682 738/1770/624
f 598/1771/462 599/1772/464 722/1773/684
f 679/1774/552 678/1775/551 786/1776/685
f 743/1777/629 787/1778/686 739/1779/631
f 787/1778/686 785/1780/687 739/1779/631
f 788/1781/688 790/1782/689 789/1783/690
f 791/1784/691 793/1785/692 792/1786/693
f 685/1787/558 794/1788/694 684/1789/557
f 795/1790/695 797/1791/696 796/1792/697
f 797/1791/696 795/1790/695 798/1793/698
f 799/1794/699 795/1795/695 796/1796/697
f 799/1794/699 800/1797/700 795/1795/695
f 683/1798/701 737/1799/702 801/1800/703
f 801/1800/703 737/1799/702 802/1801/704
f 803/1802/705 683/1803/701 801/1804/703
f 683/1805/701 803/1806/705 682/1807/706
f 682/1808/706 803/1809/705 685/1810/707
f 685/1810/707 803/1809/705 804/1811/708
f 804/1812/708 794/1813/709 685/1814/707
f 795/1815/710 806/1816/711 805/1817/712
f 806/1816/711 795/1815/710 800/1818/713
f 795/1819/710 805/1820/712 807/1821/714
f 798/1822/715 795/1819/710 807/1821/714
f 737/1823/702 781/1824/678 802/1825/704
f 781/1824/678 737/1823/702 675/1826/676
f 591/1827/452 715/1573/716 594/1828/455
f 808/1829/717 810/1830/718 809/1831/719
f 810/1832/718 808/1833/717 811/1834/720
f 812/1835/721 814/1836/722 813/1837/723
f 813/1837/723 814/1836/722 815/1838/724
f 816/1839/725 710/1840/585 817/1841/726
f 710/1840/585 816/1839/725 709/1842/584
f 741/1843/627 818/1844/727 740/1226/625
f 818/1845/727 741/1846/627 819/1847/728
f 808/1848/717 820/1849/729 811/1850/720
f 811/1851/720 820/1852/729 821/1853/730
f 822/1854/731 812/1855/721 823/1856/732
f 822/1854/731 814/1857/722 812/1855/721
f 825/1858/540 826/1859/733 824/1860/542
f 824/1860/542 779/1861/534 825/1858/540
f 779/1862/534 824/1863/542 780/1864/535
f 824/1860/542 826/1859/733 827/1865/734
f 827/1866/734 826/1867/733 828/1868/735
f 829/1869/736 830/1870/737 832/1871/561
f 829/1869/736 831/1872/562 830/1870/737
f 833/1873/563 834/1874/564 829/1875/736
f 834/1874/564 831/1876/562 829/1875/736
f 756/1877/738 835/1878/739 758/1879/740
f 836/1880/741 758/1881/740 835/1882/739
f 837/1883/742 750/1884/743 753/1885/744
f 753/1886/744 838/1887/745 837/1888/742
f 777/1889/203 840/1890/544 839/1891/205
f 840/1890/544 777/1889/203 778/1892/206
f 841/1893/746 839/1891/205 840/1890/544
f 841/1893/746 840/1890/544 842/1894/747
f 842/1895/747 843/1896/748 841/1703/746
f 815/1897/724 844/1898/749 813/1899/723
f 813/1899/723 844/1898/749 845/1900/750
f 844/1901/749 810/1902/718 845/1903/750
f 810/1902/718 844/1901/749 809/1904/719
f 846/1905/751 848/1906/752 847/1907/753
f 848/1906/752 846/1905/751 849/1908/598
f 834/1909/564 848/1910/752 849/1911/598
f 848/1910/752 834/1909/564 833/1912/563
f 850/1913/754 852/1914/755 851/1915/613
f 852/1914/755 850/1913/754 853/1916/756
f 851/1917/613 852/1918/755 830/1919/737
f 832/1920/561 830/1919/737 852/1918/755
f 854/1921/757 818/1922/758 855/1923/759
f 818/1924/758 854/1925/757 742/1926/628
f 742/1926/628 740/1927/630 818/1924/758
f 823/1928/732 856/1929/760 822/1930/731
f 821/1931/730 820/1932/729 857/1933/761
f 858/1934/762 860/1935/763 859/1936/764
f 860/1935/763 858/1934/762 861/1937/765
f 862/1938/766 859/1939/764 860/1940/763
f 862/1938/766 860/1940/763 863/1941/767
f 864/1942/768 866/1943/769 865/1944/770
f 866/1943/769 864/1942/768 867/1945/771
f 867/1946/771 868/1947/772 866/1948/769
f 866/1948/769 868/1947/772 869/1949/773
f 783/1950/681 679/1951/680 786/1952/774
f 870/1953/775 872/1954/203 871/1955/775
f 872/1954/203 870/1953/775 873/1956/206
f 874/1957/776 870/1958/775 871/1959/775
f 870/1958/775 874/1957/776 875/1960/777
f 876/1961/778 791/1962/779 792/1963/780
f 877/1964/781 790/1965/782 788/1966/783
f 604/1967/784 605/1968/785 878/1969/786
f 432/1970/787 604/1971/784 878/1972/786
f 604/1971/784 432/1970/787 434/1973/788
f 858/1974/762 879/1975/789 861/1976/765
f 861/1976/765 879/1975/789 880/1977/790
f 879/1978/789 865/1979/770 880/1980/790
f 865/1979/770 879/1978/789 864/1981/768
f 881/1982/791 816/1983/792 882/1984/793
f 884/1985/540 885/1986/794 883/1987/542
f 883/1987/542 874/1988/776 884/1985/540
f 874/1989/776 883/1990/542 875/1991/777
f 883/1987/542 885/1986/794 886/1992/795
f 813/1951/796 845/1993/797 887/1994/798
f 887/1994/798 845/1993/797 888/1995/799
f 845/1996/797 889/1997/800 888/1998/799
f 845/1996/797 810/1999/801 889/1997/800
f 872/2000/203 891/2001/204 890/2002/205
f 891/2001/204 872/2000/203 873/2003/206
f 892/2004/802 890/2002/205 891/2001/204
f 892/2004/802 891/2001/204 893/2005/803
f 817/2006/804 894/2007/805 882/2008/806
f 710/2009/586 894/2010/805 817/2011/804
f 711/2012/587 894/2010/805 710/2009/586
f 656/2013/807 895/2014/808 659/2015/809
f 656/2013/807 896/2016/810 895/2014/808
f 661/2017/811 897/2018/812 656/2019/807
f 897/2018/812 896/2020/810 656/2019/807
f 869/2021/773 868/2022/772 898/2023/813
f 863/2024/767 899/2025/814 862/2026/766
f 900/2027/815 813/2028/796 887/2029/798
f 813/2028/796 900/2027/815 812/2030/816
f 878/2031/817 605/2032/818 708/2033/819
f 901/2034/820 902/2035/560 904/2036/821
f 901/2034/820 903/2037/562 902/2035/560
f 905/2038/563 906/2039/564 901/2040/820
f 906/2039/564 903/2041/562 901/2040/820
f 811/2042/822 907/2043/823 810/2044/824
f 789/2045/690 908/2046/825 788/2047/688
f 908/2046/825 789/2045/690 909/2048/826
f 659/2049/809 910/2050/827 671/2051/828
f 910/2050/827 659/2049/809 895/2052/808
f 671/2053/828 910/2054/827 673/2055/829
f 665/2056/830 913/920/831 911/2057/832
f 911/2058/832 912/2059/833 665/2060/830
f 913/2061/831 665/2062/830 649/2063/834
f 649/2063/834 914/2064/835 913/2061/831
f 912/2065/833 707/2066/579 705/2067/578
f 911/2068/832 707/2066/579 912/2065/833
f 915/2069/836 793/2070/692 916/2071/837
f 916/2071/837 793/2070/692 791/2072/691
f 534/1160/380 535/2073/381 588/2074/838
f 917/2075/839 662/2076/840 918/2077/841
f 919/2078/842 662/2076/840 917/2075/839
f 920/2079/843 654/2080/844 919/2081/842
f 654/2080/844 662/2082/840 919/2081/842
f 703/2083/577 918/2084/841 702/2085/575
f 703/2083/577 917/2086/839 918/2084/841
f 921/2087/845 798/2088/698 922/2089/846
f 798/2088/698 921/2087/845 797/2090/696
f 923/2091/847 661/2092/848 666/2093/849
f 661/2094/811 923/2095/850 897/2096/812
f 669/2097/851 924/2098/852 666/2099/853
f 734/1245/854 926/2100/855 925/2101/856
f 925/2102/857 926/2103/858 927/2104/859
f 929/2105/860 732/1813/861 928/2106/862
f 928/2106/862 930/2107/863 929/2105/860
f 931/1748/864 933/2108/596 932/2109/865
f 933/2108/596 931/1748/864 934/2110/598
f 906/2111/564 933/2112/596 934/2113/598
f 933/2112/596 906/2111/564 905/2114/563
f 935/2115/866 937/2116/755 936/969/613
f 937/2116/755 935/2115/866 938/2117/867
f 936/2118/613 937/2119/755 902/2120/560
f 904/2121/821 902/2120/560 937/2119/755
f 939/2122/868 941/2123/869 940/2124/870
f 940/2124/870 941/2123/869 942/2125/871
f 943/2126/872 939/2127/868 944/2128/873
f 943/2126/872 941/2129/869 939/2127/868
f 945/2130/874 947/2131/875 946/2132/876
f 947/2133/875 945/1469/874 948/2134/877
f 945/2135/874 949/2136/878 948/2137/877
f 948/2138/877 949/2139/878 950/2140/879
f 686/2141/880 952/2142/881 951/2143/882
f 952/2142/881 686/2141/880 689/2144/883
f 686/2145/880 953/2146/884 690/2147/885
f 953/2146/884 686/2145/880 951/2148/882
f 812/2149/816 954/2150/886 823/2151/887
f 954/2150/886 812/2149/816 900/2152/815
f 955/2153/888 811/2154/822 821/2155/889
f 811/2154/822 955/2153/888 907/2156/823
f 956/2157/890 865/2158/891 957/2159/892
f 865/2158/891 956/2157/890 880/2160/893
f 865/2161/891 958/2162/894 957/2163/892
f 958/2162/894 865/2161/891 866/2164/895
f 958/2165/894 866/2166/895 869/2167/896
f 869/2167/896 959/2168/897 958/2165/894
f 818/2169/727 819/2170/728 855/2171/898
f 960/2172/899 861/2173/900 961/2174/901
f 861/2173/900 960/2172/899 860/2175/902
f 860/2176/902 960/2177/899 863/2178/903
f 863/2178/903 960/2177/899 962/2179/904
f 963/2180/905 964/2181/906 673/2182/907
f 942/2183/871 965/2184/908 940/2185/870
f 940/2185/870 965/2184/908 966/2186/909
f 965/2187/908 947/2188/875 966/2189/909
f 947/2188/875 965/2187/908 946/2190/876
f 669/2191/543 668/2192/541 967/2193/910
f 729/2194/911 968/2195/912 689/2196/883
f 968/2197/913 729/2198/914 730/2199/915
f 952/2200/881 689/2201/883 968/2202/912
f 969/2203/916 690/2204/885 953/2205/884
f 969/2206/916 718/2207/917 690/2208/885
f 970/2209/918 717/2210/919 718/2211/920
f 716/2212/595 717/2213/597 971/2214/921
f 861/2215/900 880/2216/893 961/2217/901
f 961/2217/901 880/2216/893 956/2218/890
f 972/1304/922 534/2219/923 588/2220/924
f 973/2221/925 975/2222/926 974/2223/775
f 975/2222/926 973/2221/925 976/2224/206
f 977/2225/927 973/2226/925 974/2227/775
f 973/2226/925 977/2225/927 978/2228/535
f 950/2229/879 949/2230/878 979/2231/928
f 924/885/852 669/2232/851 967/2233/929
f 944/2234/873 980/2235/930 943/2236/872
f 673/2237/546 964/2238/931 672/2239/545
f 922/2240/932 982/2241/933 981/2242/934
f 922/2243/932 798/2244/715 982/2245/933
f 798/2244/715 807/2246/714 982/2245/933
f 727/2247/611 983/2248/935 730/2249/614
f 985/2250/540 986/2251/936 984/2252/542
f 984/2252/542 977/2253/927 985/2250/540
f 977/2254/927 984/2255/542 978/2256/535
f 984/2252/542 986/2251/936 987/2257/937
f 975/2258/926 989/2259/204 988/2260/205
f 989/2259/204 975/2258/926 976/2261/206
f 990/2262/938 988/2260/205 989/2259/204
f 990/2262/938 989/2259/204 991/2263/939
f 617/2264/529 437/2265/940 655/2266/530
f 437/2265/940 617/2264/529 439/2267/941
f 732/2268/616 992/2269/942 928/2270/943
f 732/2268/616 731/2271/615 992/2269/942
f 993/2272/944 734/2273/618 925/2274/945
f 993/2275/944 733/2276/617 734/2277/618
f 775/2278/807 994/2279/808 778/2280/946
f 775/2278/807 995/2281/947 994/2279/808
f 780/2282/811 996/2283/948 775/2284/807
f 996/2283/948 995/2285/947 775/2284/807
f 962/2286/904 899/2287/949 863/2288/903
f 954/2289/886 856/2290/950 823/2291/887
f 955/2292/888 821/1930/889 857/2293/951
f 959/2294/897 869/2295/896 898/2296/952
f 997/2171/727 921/2297/953 981/2298/898
f 998/2299/736 389/2300/954 1000/2301/561
f 998/2299/736 999/2302/562 389/2300/954
f 1001/2303/563 1002/2304/955 998/2305/736
f 1002/2304/955 999/2306/562 998/2305/736
f 1003/2307/956 627/2308/957 624/2309/958
f 627/2308/957 1003/2307/956 1004/2310/959
f 1003/2311/956 628/2312/960 1005/2184/961
f 628/2312/960 1003/2311/956 624/2313/958
f 778/2314/946 1006/2315/962 840/2316/828
f 1006/2315/962 778/2314/946 994/2317/808
f 840/2318/828 1006/2319/962 842/2320/963
f 846/2321/751 847/1535/753 1007/2322/964
f 614/2323/478 613/2324/477 1008/2325/965
f 1009/2326/847 780/2327/848 824/2328/966
f 780/2329/811 1009/2330/847 996/2331/948
f 827/2332/967 1010/2333/968 824/2334/853
f 1011/2335/969 918/2336/970 663/2337/536
f 918/2338/970 1011/2339/969 702/2340/671
f 773/2341/669 702/2342/671 1011/2343/969
f 662/2344/537 663/2345/536 918/2346/970
f 1012/2347/971 1014/2348/972 1013/2349/973
f 1014/2348/972 1012/2347/971 1015/2350/974
f 1012/2351/971 1017/2352/975 1016/2353/976
f 1017/2352/975 1012/2351/971 1013/2354/973
f 698/2355/571 699/2356/573 724/2357/977
f 730/2358/978 983/2359/979 1018/2360/980
f 1019/2361/981 1021/2362/596 1020/2363/982
f 1021/2362/596 1019/2361/981 1022/2364/598
f 1002/2365/955 1021/2366/596 1022/2367/598
f 1021/2366/596 1002/2365/955 1001/2368/563
f 406/2369/983 428/2370/242 407/2371/244
f 428/2370/242 406/2369/983 1023/2372/984
f 406/2373/983 1024/2374/985 1023/2375/984
f 1024/2374/985 406/2373/983 396/1512/986
f 393/2376/987 1025/2377/755 390/2378/613
f 1025/2377/755 393/2376/987 1026/2379/988
f 390/2380/613 1025/2381/755 389/2382/954
f 1000/2383/561 389/2382/954 1025/2381/755
f 444/2384/260 401/2385/989 403/2386/261
f 401/2385/989 444/2384/260 1027/2387/990
f 1027/2388/990 1028/2389/991 401/2390/989
f 399/2391/992 401/2390/989 1028/2389/991
f 914/2392/835 650/646/993 1029/2393/994
f 650/646/993 914/2392/835 649/2394/834
f 650/2395/993 920/2396/843 1029/2397/994
f 920/2396/843 650/2395/993 654/2398/844
f 850/2399/754 1030/2400/995 853/2401/756
f 1031/2402/996 519/2403/997 516/2404/998
f 519/2403/997 1031/2402/996 1032/2405/999
f 717/2406/1000 970/2407/1001 971/2408/1002
f 1031/2409/996 520/2410/1003 1033/2411/1004
f 520/2410/1003 1031/2409/996 516/2412/998
f 1034/2413/1005 1036/2414/1006 1035/2415/1007
f 1036/2416/1006 1034/2417/1005 1037/2418/1008
f 1037/2419/1008 1015/2420/974 1036/2421/1006
f 1015/2420/974 1037/2419/1008 1014/2422/972
f 1034/1007/1005 1035/2423/1007 1038/2424/1009
f 940/2425/1010 966/2426/1011 1039/2427/1012
f 1039/2427/1012 966/2426/1011 1040/2428/1013
f 966/2429/1011 1041/2430/1014 1040/2431/1013
f 1041/2430/1014 966/2429/1011 947/2432/1015
f 1042/2433/1016 1044/2434/1017 1043/2435/1018
f 1044/2434/1017 1042/2433/1016 1045/2436/1019
f 1042/2437/1016 1046/2438/1020 1045/2439/1019
f 1043/2440/1018 1016/2441/976 1017/2442/975
f 1016/2441/976 1043/2440/1018 1044/2443/1017
f 1047/2444/1021 698/2445/1022 724/2446/1023
f 829/2447/880 1049/2448/881 1048/2449/1024
f 1049/2448/881 829/2447/880 832/2450/883
f 829/2451/880 1050/2452/1025 833/2453/1026
f 1050/2452/1025 829/2451/880 1048/2454/1024
f 784/2455/682 766/2456/659 769/2457/658
f 784/2458/682 785/2459/683 766/2460/659
f 610/2461/474 1051/2462/1027 609/2463/473
f 766/2464/663 787/2465/686 771/2466/664
f 787/2467/686 766/2468/663 785/2469/687
f 909/2470/826 747/2471/1028 908/2472/825
f 909/2470/826 1052/2473/1029 747/2471/1028
f 748/2474/1030 915/2475/836 916/2476/837
f 748/2477/1030 1053/2478/1031 915/2479/836
f 1054/2480/1032 940/2481/1010 1039/2482/1012
f 940/2481/1010 1054/2480/1032 939/2483/1033
f 939/2484/1033 1054/2485/1032 944/2486/1034
f 944/2486/1034 1054/2485/1032 1055/2487/1035
f 886/2488/795 885/2489/794 1056/2490/1036
f 1057/2491/1037 405/2492/1038 1058/2493/1039
f 405/2492/1038 1057/2491/1037 395/2494/1040
f 1059/1670/1041 402/2495/1042 400/2496/1043
f 402/2495/1042 1059/1670/1041 1060/2497/1044
f 947/2498/1015 1061/2499/1045 1041/2500/1014
f 1061/2499/1045 947/2498/1015 948/2501/1046
f 1061/2499/1045 948/2501/1046 950/2502/1047
f 950/2502/1047 1062/2503/1048 1061/2499/1045
f 1062/2504/1048 950/2505/1047 979/2506/1049
f 437/2507/1050 531/2508/1051 735/2509/1052
f 735/2509/1052 655/2510/1053 437/2507/1050
f 655/2511/1053 735/2512/1052 616/2513/1054
f 852/2514/1055 1063/2515/912 832/2516/883
f 1063/2517/1056 852/2518/1057 853/2519/1058
f 853/2520/1059 1030/2521/1060 1064/2522/1061
f 1049/2523/881 832/2524/883 1063/2525/912
f 547/2526/1062 1066/2527/1063 1065/2528/1064
f 1066/2527/1063 547/2526/1062 611/2529/1065
f 1066/2530/1063 611/2531/1065 614/2532/1066
f 1066/2530/1063 614/2532/1066 1067/2533/1067
f 1068/2534/674 1070/2535/203 1069/2536/775
f 1070/2535/203 1068/2534/674 1071/2537/206
f 1072/2538/776 1068/2539/674 1069/2540/775
f 1068/2539/674 1072/2538/776 1073/2541/535
f 544/2542/1068 1074/2543/1069 607/2544/1070
f 1074/2543/1069 544/2542/1068 1075/2545/1071
f 610/2546/1072 607/1931/1070 1074/2547/1069
f 610/2546/1072 1074/2547/1069 1076/2548/1073
f 1077/2549/1074 833/2550/1026 1050/2551/1025
f 1077/2552/1074 848/2553/1075 833/2554/1026
f 1078/2555/1076 847/2556/1077 848/2557/920
f 847/2556/1078 1078/2555/1079 1007/2558/1080
f 893/2559/803 1079/2560/1081 892/2561/802
f 912/2562/1082 664/2563/1083 665/2564/1084
f 664/2563/1083 912/2562/1082 1080/2565/1085
f 705/2566/667 1080/2565/1085 912/2562/1082
f 705/2567/667 772/2568/666 1080/2569/1085
f 1055/2570/1035 980/2571/1086 944/2572/1034
f 1076/2573/1073 1051/2574/1087 610/2575/1072
f 1081/2576/1088 843/2577/1089 842/2249/1090
f 1004/2578/959 731/2579/1091 627/2580/957
f 731/2579/1091 1004/2578/959 1082/2581/1092
f 1005/2582/961 733/2583/1093 1083/2584/1094
f 733/2585/1093 1005/2509/961 628/2586/960
f 816/2335/725 817/2587/726 882/2588/1095
f 870/2589/1096 1084/2590/808 873/2591/946
f 870/2589/1096 1085/2592/947 1084/2590/808
f 875/2593/811 1086/2594/948 870/2595/1096
f 1086/2594/948 1085/2596/947 870/2595/1096
f 1088/2597/540 1089/2598/1097 1087/2599/542
f 1087/2599/542 1072/2600/776 1088/2597/540
f 1072/2601/776 1087/2602/542 1073/2603/535
f 1087/2599/542 1089/2598/1097 1090/2604/1098
f 1090/2605/1098 1089/2606/1097 1091/2607/1099
f 1010/1968/968 827/2608/967 828/2609/1100
f 1070/2610/203 1093/2611/204 1092/2612/205
f 1093/2611/204 1070/2610/203 1071/2613/206
f 1094/2614/1101 1092/2612/205 1093/2611/204
f 1094/2614/1101 1093/2611/204 1095/2615/1102
f 1095/2616/1102 1096/2617/1103 1094/2618/1101
f 873/2619/946 1097/2620/827 891/2621/1104
f 1097/2620/827 873/2619/946 1084/2622/808
f 891/2623/1104 1097/2624/827 893/2625/1105
f 921/2626/845 922/2627/846 981/2628/1106
f 1098/2629/1107 875/2630/848 883/2631/1108
f 875/2632/811 1098/2633/847 1086/2634/948
f 886/2635/1109 1099/2338/1110 883/2636/1111
f 1100/2637/559 1070/2638/560 1101/2639/821
f 1100/2637/559 1069/2640/562 1070/2638/560
f 1102/2641/563 1072/2642/1112 1100/2643/559
f 1072/2642/1112 1069/2644/562 1100/2643/559
f 894/2645/1113 881/2646/1114 882/2647/1115
f 881/2648/1114 894/2649/1113 711/2650/1116
f 711/2650/1116 1103/1169/1117 881/2648/1114
f 1067/2651/1067 614/2652/1066 1008/2653/1118
f 931/2654/864 932/2655/865 1104/2656/1119
f 1094/2657/1120 1105/2658/755 1092/2098/613
f 1105/2658/755 1094/2657/1120 1106/2659/1121
f 1092/2660/613 1105/2661/755 1070/2662/560
f 1101/1883/821 1070/2662/560 1105/2661/755
f 1089/2663/1122 1108/2664/752 1107/2665/1123
f 1108/2664/752 1089/2663/1122 1088/2666/598
f 1072/2667/1112 1108/2668/752 1088/2669/598
f 1108/2668/752 1072/2667/1112 1102/2670/563
f 836/2671/741 759/2672/1124 758/2673/740
f 838/2674/745 753/2675/744 754/2676/1125
f 935/2677/866 1109/2678/1126 938/2679/867
f 901/2680/1127 1111/2681/881 1110/2682/1128
f 1111/2681/881 901/2680/1127 904/2683/883
f 901/2684/1127 1112/2685/1025 905/2686/1026
f 1112/2685/1025 901/2684/1127 1110/2687/1128
f 544/2688/1068 546/2689/1129 1075/2690/1071
f 1075/2690/1071 546/2689/1129 1113/2691/1130
f 546/2692/1129 1065/2693/1064 1113/2694/1130
f 1065/2693/1064 546/2692/1129 547/2695/1062
f 916/2696/1131 749/69/1132 748/2697/1132
f 749/2698/1132 916/2699/1131 1114/1163/1133
f 908/2700/1134 745/2701/1135 1115/2702/1136
f 747/2703/1137 745/2704/1135 908/2705/1134
f 937/2706/1055 1116/2707/912 904/2093/883
f 1116/2708/913 937/2709/1138 938/2710/1139
f 1111/2711/881 904/2712/883 1116/2713/912
f 1117/2714/1140 1079/2715/1141 893/2716/1142
f 1118/2717/1074 905/2718/1026 1112/2719/1025
f 1118/2720/1074 933/2721/1075 905/2722/1026
f 1119/2723/1143 932/2724/1144 933/2725/920
f 987/2726/937 986/2727/936 1120/2728/1145
f 1014/2729/1146 1037/2730/1147 1121/2731/1148
f 1121/2731/1148 1037/2730/1147 1122/2732/1149
f 1123/2733/1150 1043/2734/1151 1124/2735/1152
f 1124/2735/1152 1043/2734/1151 1017/2736/1153
f 1099/2737/1110 886/2738/1109 1056/2739/1154
f 477/2740/1155 506/2741/1155 476/2742/1155
f 506/2741/1155 477/2740/1155 509/2743/1156
f 506/2744/1157 480/2745/1157 476/2746/1157
f 506/2744/1157 512/2747/1158 480/2745/1157
f 938/2113/1159 1109/2748/1160 1125/2749/1161
f 1019/2750/981 1020/2751/982 1126/2752/1162
f 1127/2753/925 389/2438/203 999/2754/775
f 389/2438/203 1127/2753/925 392/2755/206
f 1002/2756/1163 1127/2757/925 999/2758/775
f 1127/2757/925 1002/2756/1163 1128/2759/535
f 991/2760/939 1129/2761/1164 990/2762/938
f 1053/2763/1031 748/2764/1030 1130/2765/1165
f 748/2764/1030 744/2766/1166 1130/2765/1165
f 1130/2767/1165 747/2768/1028 1052/2769/1029
f 1130/2767/1165 744/2770/1166 747/2768/1028
f 982/2771/757 997/1923/758 981/2772/759
f 997/2773/758 982/2774/757 807/2775/628
f 807/2775/628 1131/2776/1167 997/2773/758
f 932/2777/1168 1119/2778/1169 1104/2779/1170
f 393/2780/987 1132/2781/1171 1026/2782/988
f 1013/2783/1172 1121/2784/1148 1133/2785/1173
f 1121/2784/1148 1013/2783/1172 1014/2786/1146
f 1017/2787/1153 1013/2788/1172 1124/2789/1152
f 1124/2789/1152 1013/2788/1172 1133/2790/1173
f 928/2791/943 992/2792/942 1134/2793/1174
f 925/2794/945 1135/2795/1175 993/2796/944
f 1016/2797/1176 1044/2798/1177 1136/2799/1178
f 1044/2800/1179 1137/2801/1180 1136/2802/1181
f 1044/2803/1179 1045/2804/1182 1137/2805/1180
f 1045/2804/1182 1138/2806/1183 1137/2805/1180
f 1045/2804/1182 1046/2807/1184 1138/2806/1183
f 639/2808/509 644/2809/1185 638/2810/510
f 644/2809/1185 639/2808/509 643/2811/1186
f 1139/2812/1187 1036/2813/1188 1015/2814/1189
f 1140/1437/1190 1036/1166/1188 1139/2815/1187
f 1036/2166/1191 1140/2816/1192 1035/2817/1193
f 1141/2818/1194 1035/2817/1193 1140/2816/1192
f 1035/2819/1193 1141/2820/1194 1038/2821/1195
f 642/2822/513 644/2823/1196 647/2824/1197
f 644/2825/1196 642/2826/513 638/2827/515
f 973/2828/807 1142/2829/808 976/2830/809
f 973/2828/807 1143/2831/947 1142/2829/808
f 978/2832/811 1144/2833/948 973/2367/807
f 1144/2833/948 1143/2834/947 973/2367/807
f 750/1523/743 1145/2835/1198 518/2836/1199
f 750/1523/743 837/2837/742 1145/2835/1198
f 835/2838/739 756/2839/738 1146/2840/1200
f 1146/2841/1200 756/2842/738 521/2843/1201
f 791/2844/779 1114/2845/1133 916/2846/1131
f 791/2847/779 876/2848/778 1114/2849/1133
f 1147/2850/1202 400/2851/1043 398/2852/1203
f 400/2851/1043 1147/2850/1202 1059/2853/1041
f 877/2854/781 788/2855/783 1115/2856/1136
f 908/2857/1134 1115/2858/1136 788/2859/783
f 1012/2860/1204 1139/2861/1187 1015/2862/1189
f 1139/2861/1187 1012/2860/1204 1148/2863/1205
f 1136/2864/1178 1012/2865/1204 1016/2866/1176
f 1012/2865/1204 1136/2864/1178 1148/139/1205
f 1057/2867/1037 1147/2868/1202 395/2869/1040
f 395/2869/1040 1147/2868/1202 398/2870/1203
f 1022/2871/540 1019/2872/1206 1149/2873/542
f 1149/2873/542 1002/2874/1163 1022/2871/540
f 1002/2875/1163 1149/2876/542 1128/2877/535
f 1149/2873/542 1019/2872/1206 1150/2878/1207
f 1150/2879/1207 1019/2880/1206 1126/2881/1208
f 1151/2882/562 975/2883/954 1152/2884/561
f 1151/2882/562 974/2496/562 975/2883/954
f 1153/2885/563 977/2886/955 1151/2887/562
f 977/2886/955 974/2888/562 1151/2887/562
f 990/2889/1209 1154/2890/612 988/2891/613
f 1154/2890/612 990/2889/1209 1155/2892/1210
f 988/2893/613 1154/2894/612 975/2895/954
f 1152/2896/561 975/2895/954 1154/2894/612
f 976/2897/809 1156/2898/827 989/2899/828
f 1156/2898/827 976/2897/809 1142/2900/808
f 989/2901/828 1156/2902/827 991/2903/1211
f 986/2904/1212 1158/2905/596 1157/2906/1213
f 1158/2905/596 986/2904/1212 985/2083/598
f 977/2907/955 1158/2908/596 985/2909/598
f 1158/2908/596 977/2907/955 1153/2910/563
f 1159/2911/847 978/1363/1214 984/2912/849
f 978/2913/811 1159/2914/850 1144/2915/948
f 987/2916/1215 1160/2451/1216 984/2917/1111
f 1034/2918/1217 1122/2919/1149 1037/2920/1147
f 1122/2921/1149 1034/2922/1217 1161/2923/1218
f 709/2924/1219 881/2925/791 1103/2926/1220
f 881/2925/791 709/2924/1219 816/2927/792
f 1162/2928/1221 1042/2929/1222 1123/758/1150
f 1123/2930/1150 1042/2931/1222 1043/2932/1151
f 1163/2933/1223 1129/2934/1224 991/2570/1225
f 1164/2935/1226 409/2231/1227 428/2936/1228
f 1165/2937/1229 545/2938/1230 543/2939/1231
f 545/2938/1230 1165/2937/1229 1166/2940/1232
f 545/2941/1230 1167/2942/1233 548/1153/1234
f 1167/2942/1233 545/2941/1230 1166/2943/1232
f 1160/2944/1216 987/2945/1215 1120/2946/1235
f 732/2947/861 929/2948/860 626/2949/1236
f 1089/2950/1122 1107/2951/1123 1091/2952/1237
f 998/2953/880 1169/2954/881 1168/2955/1128
f 1169/2954/881 998/2953/880 1000/2956/883
f 998/2957/880 1170/2958/1025 1001/2959/1026
f 1170/2958/1025 998/2957/880 1168/2960/1128
f 1094/2961/1120 1096/2962/1238 1106/2963/1121
f 725/2964/1239 1047/2965/1240 724/2966/1241
f 1047/2967/1240 725/2968/1239 726/2969/1242
f 726/2970/1242 1171/2971/1243 1047/2972/1240
f 797/2973/1244 997/2974/727 1131/2975/1245
f 997/2976/727 797/2977/1244 921/2978/953
f 749/2979/1246 1172/2980/1247 746/2981/1248
f 1172/2980/1247 749/2979/1246 1173/2982/1249
f 1172/2983/1247 745/2984/1250 746/2985/1248
f 745/2984/1250 1172/2983/1247 1174/2986/1251
f 1025/2987/911 1175/2988/912 1000/2989/883
f 1175/2990/913 1025/2991/914 1026/2992/1252
f 1169/2993/881 1000/2994/883 1175/2995/912
f 1176/2996/1074 1001/2997/1026 1170/2998/1025
f 1176/2999/1074 1021/3000/917 1001/3001/1026
f 1177/3002/1253 1020/3003/1254 1021/3004/920
f 789/3005/1255 1178/3006/1256 909/3007/1257
f 1178/3006/1256 789/3005/1255 1179/3008/1258
f 789/3005/1255 790/3009/1259 1179/3008/1258
f 586/3010/1260 1180/3011/1261 972/3012/1262
f 972/3012/1262 587/3013/1263 586/3010/1260
f 587/3014/1263 972/3015/1262 588/3016/1264
f 793/3017/1265 1181/3018/1266 792/3019/1267
f 793/3017/1265 1182/3020/1268 1181/3018/1266
f 1182/3021/1268 793/3022/1265 915/3023/1269
f 799/3024/699 762/3025/1270 800/3026/700
f 762/3025/1270 799/3024/699 761/3027/1271
f 762/3028/1272 806/3029/711 800/3030/713
f 762/3031/1272 764/3032/1273 806/3033/711
f 629/3034/1274 1183/3035/1275 734/3036/1276
f 902/3037/203 1184/3038/544 936/3039/205
f 1184/3038/544 902/3037/203 1185/3040/206
f 935/3041/1277 936/3039/205 1184/3038/544
f 935/3041/1277 1184/3038/544 1186/3042/1278
f 934/3043/540 931/3044/1279 1187/3045/542
f 1187/3045/542 906/3046/534 934/3043/540
f 906/3047/534 1187/3048/542 1188/3049/1280
f 1187/3045/542 931/3044/1279 1189/3050/1281
f 1190/3051/925 902/1420/203 903/3052/775
f 902/1420/203 1190/3051/925 1185/3053/206
f 906/3054/534 1190/3055/925 903/3056/775
f 1190/3055/925 906/3054/534 1188/3057/1280
f 1161/3058/1218 1034/3059/1217 1038/3060/1282
f 1162/3061/1221 1046/3062/1283 1042/3063/1222
f 396/3064/986 1191/3065/1284 1024/3066/985
f 1191/3065/1284 396/3064/986 397/3067/1285
f 1191/3068/1284 399/3069/992 1028/3070/991
f 399/3069/992 1191/3068/1284 397/3071/1285
f 1026/3072/1286 1132/3073/1287 1192/2879/1288
f 1193/3074/1289 444/3075/1290 443/3076/1291
f 1020/3077/1292 1177/3078/1293 1126/3079/1294
f 517/3080/1295 1145/3081/1198 1194/3082/1296
f 1145/3081/1198 517/3080/1295 518/3083/1199
f 521/3084/1201 517/3085/1295 1146/3086/1200
f 1146/3086/1200 517/3085/1295 1194/3087/1296
f 394/3088/208 1132/3089/1297 393/3090/207
f 927/3091/859 1135/3092/1298 925/3093/857
f 930/3094/863 928/3095/862 1134/3096/1299
f 1073/3097/811 1195/3098/948 1068/3099/807
f 1195/3098/948 1196/3100/947 1068/3099/807
f 1068/3101/807 1197/3102/808 1071/3103/946
f 1068/3101/807 1196/3104/947 1197/3102/808
f 943/3105/1300 980/3106/1301 1198/3107/1302
f 949/3108/1303 1199/3109/1304 979/3110/1305
f 892/3111/1306 1200/3112/755 890/3113/613
f 1200/3112/755 892/3111/1306 1201/3114/1307
f 890/3115/613 1200/3116/755 872/3117/560
f 1202/3118/821 872/3117/560 1200/3116/755
f 885/2051/1308 1204/3119/596 1203/3120/1309
f 1204/3119/596 885/2051/1308 884/1712/598
f 874/3121/1310 1204/3122/596 884/3123/598
f 1204/3122/596 874/3121/1310 1205/3124/563
f 1206/3125/559 872/3126/560 1202/3127/821
f 1206/3125/559 871/3128/736 872/3126/560
f 1205/3129/563 874/3130/1310 1206/3131/559
f 874/3130/1310 871/3132/736 1206/3131/559
f 1071/3133/946 1207/3134/962 1093/3135/828
f 1207/3134/962 1071/3133/946 1197/3136/808
f 1093/3137/828 1207/3138/962 1095/3139/1311
f 1208/3140/847 1073/3141/1214 1087/3142/966
f 1073/3143/811 1208/3144/847 1195/3145/948
f 1090/3146/1312 1209/3147/1313 1087/3148/1111
f 1181/3149/1314 876/3150/1315 792/3151/1316
f 1179/3152/1317 790/3153/1318 877/3154/1319
f 986/3155/1212 1157/3156/1213 1120/3157/1320
f 943/3158/1300 1210/3159/1321 941/3160/1322
f 1210/3159/1321 943/3158/1300 1198/3161/1302
f 1211/3162/1323 941/3160/1322 1210/3159/1321
f 941/3160/1322 1211/3162/1323 942/3163/1324
f 945/3164/1325 1213/3165/1326 1212/3166/1327
f 1212/3166/1327 949/3167/1303 945/3164/1325
f 949/3167/1303 1212/3166/1327 1199/3168/1304
f 1213/3169/1326 945/3170/1325 946/3171/1328
f 1214/3172/1329 609/2676/1330 1215/3173/1331
f 609/2676/1330 1214/3172/1329 608/1445/1332
f 1214/3174/1329 543/3175/1231 608/3176/1332
f 543/3175/1231 1214/3174/1329 1165/3177/1229
f 701/3178/1333 1047/3179/1021 1171/3180/1334
f 1047/3181/1021 701/3182/1333 698/3183/1022
f 990/3184/1209 1129/3185/1335 1155/3186/1210
f 625/1671/1336 1217/3187/1337 1216/3188/1336
f 1217/3187/1337 625/1671/1336 626/3189/1338
f 629/3190/1274 625/3191/1336 1183/3192/1275
f 1183/3192/1275 625/3191/1336 1216/3193/1336
f 613/3194/1339 1219/3195/1340 1218/3196/1341
f 1219/3195/1340 613/3194/1339 612/3197/1342
f 612/3198/1342 548/3199/1234 1219/3200/1340
f 1167/3201/1233 1219/3200/1340 548/3199/1234
f 1220/3202/1343 1096/3203/1344 1095/3204/1345
f 1209/2155/1313 1090/3205/1312 1091/3206/1346
f 523/3207/1347 432/3208/1348 708/3209/819
f 708/3209/819 432/3208/1348 878/3210/817
f 404/3211/1349 1193/3212/1350 443/3213/1351
f 1100/3214/880 1195/3215/1025 1102/3216/1026
f 1195/3215/1025 1100/3214/880 1196/3217/1352
f 1100/3218/880 1197/3219/1353 1196/3220/1352
f 1197/3219/1353 1100/3218/880 1101/2069/883
f 1211/3221/1323 965/3222/1354 942/3223/1324
f 965/3222/1354 1211/3221/1323 1221/922/1355
f 965/3224/1354 1213/3225/1326 946/3226/1328
f 1213/3225/1326 965/3224/1354 1221/3227/1355
f 1105/3228/914 1207/3229/912 1101/3230/883
f 1207/1608/1356 1105/3231/1357 1106/3232/1358
f 1197/3233/1353 1101/3234/883 1207/3235/912
f 692/3236/1359 1103/3237/1220 1222/3238/1360
f 1103/3239/1220 692/3240/1359 709/3241/1219
f 696/3242/1361 1222/3132/1362 1103/3243/1117
f 1103/3243/1117 711/3244/1116 696/3242/1361
f 1123/3245/1363 1137/2601/1364 1162/3246/1365
f 1138/3247/1366 1162/3248/1367 1137/3249/1368
f 1189/1739/1281 931/3250/1279 1104/3251/1369
f 1140/3252/1370 1122/2940/1371 1161/3253/1372
f 1161/3254/1372 1141/3255/1373 1140/3256/1370
f 1208/3257/916 1102/3258/1026 1195/3259/1025
f 1208/3260/916 1108/3261/1075 1102/3262/1026
f 1209/3263/1374 1107/3264/1375 1108/3265/1376
f 1107/3264/1377 1209/3263/1378 1091/3266/1379
f 1106/3267/1380 1096/3077/1381 1220/3268/1382
f 909/3269/1257 1174/3270/1383 1052/3271/1384
f 1174/3270/1383 909/3269/1257 1178/3272/1256
f 1186/3273/1278 1109/3274/1385 935/3184/1277
f 915/3275/1269 1173/3276/1386 1182/3277/1268
f 1173/3276/1386 915/3275/1269 1053/3278/1387
f 862/3279/1388 899/3280/1389 1223/3281/1390
f 533/3282/1391 972/3283/922 1180/3284/1392
f 972/3283/922 533/3282/1391 534/3285/923
f 1224/3286/532 830/3287/1393 831/3288/775
f 830/3287/1393 1224/3286/532 1225/3289/206
f 834/3290/776 1224/3291/532 831/1545/775
f 1224/3291/532 834/3290/776 1226/3292/535
f 868/3293/1394 1227/3294/1395 898/3295/1396
f 1133/3296/1397 1139/3297/1398 1148/3298/1399
f 1139/3297/1400 1133/3296/1401 1121/3299/1402
f 1124/3300/1403 1133/3301/1397 1136/3302/1404
f 1136/3302/1404 1133/3301/1397 1148/3303/1399
f 885/3304/1308 1203/3305/1309 1056/3306/1405
f 1138/3307/1366 1046/3308/1406 1162/3309/1367
f 892/3310/1306 1079/1372/1407 1201/3311/1307
f 1141/3312/1373 1161/3313/1372 1038/3314/1408
f 408/3315/1409 409/3316/1410 1164/3317/1411
f 1228/3318/1412 752/3319/1413 751/3320/1414
f 752/3321/1413 1228/3322/1412 1229/3323/1415
f 752/3324/1413 1229/2913/1415 754/3325/1416
f 751/2949/1414 1032/3326/999 1228/3327/1412
f 1032/3326/999 751/2949/1414 519/3328/997
f 603/3329/467 434/3330/1417 1230/3331/1418
f 434/3330/1417 603/3329/467 604/3332/469
f 1231/3333/1419 1230/3331/1418 434/3330/1417
f 1231/3333/1419 434/3330/1417 433/3334/1420
f 1232/3335/1421 757/3336/1422 1233/3337/1423
f 757/3338/1422 1232/3339/1421 755/3340/1424
f 755/3341/1424 1033/3342/1004 520/992/1003
f 1033/3342/1004 755/3341/1424 1232/3343/1421
f 757/3344/1422 759/3345/1425 1233/3346/1423
f 703/3347/1426 1234/3348/1427 917/3349/1428
f 1234/3348/1427 703/3347/1426 1235/3350/1429
f 703/3351/1426 704/3352/1430 1235/3353/1429
f 1236/3354/1431 707/3355/1432 911/3356/1433
f 707/3357/1432 1236/3358/1431 1237/3359/1434
f 707/3357/1432 1237/3359/1434 706/3360/1435
f 1122/3361/1371 1140/3362/1370 1121/3068/1436
f 1128/3363/811 1170/3364/948 1127/3365/1437
f 1170/3364/948 1168/2208/1438 1127/3365/1437
f 1127/3366/1437 1169/3367/808 392/3368/946
f 1127/3366/1437 1168/3369/1438 1169/3367/808
f 849/3370/540 846/3371/1439 1238/3372/542
f 1238/3372/542 834/3373/776 849/3370/540
f 834/2679/776 1238/3374/542 1226/3375/535
f 1238/3372/542 846/3371/1439 1239/3376/1440
f 1239/3377/1440 846/3378/1439 1007/3379/1441
f 830/3380/1393 1240/3381/204 851/3382/205
f 1240/3381/204 830/3380/1393 1225/3383/206
f 850/3384/1442 851/3382/205 1240/3381/204
f 850/3384/1442 1240/3381/204 1241/3385/1443
f 1241/3386/1443 1030/3387/1444 850/3388/1442
f 1124/3389/1403 1136/3390/1404 1123/3391/1445
f 1114/3392/1446 1182/3393/1447 749/3394/1246
f 1173/1852/1249 749/577/1246 1182/3395/1447
f 1192/3396/1448 1132/3397/1449 394/3398/1450
f 1178/3399/1451 745/3400/1250 1174/405/1251
f 745/3401/1250 1178/3402/1451 1115/3403/1452
f 841/3404/1453 1242/3405/755 839/3406/613
f 1242/3405/755 841/3404/1453 1243/3407/1454
f 839/3408/613 1242/3409/755 777/3410/1455
f 1244/3411/821 777/3410/1455 1242/3409/755
f 826/3412/1456 1246/3413/596 1245/3414/1457
f 1246/3413/596 826/3412/1456 825/3415/1458
f 779/3416/564 1246/3417/596 825/3418/1458
f 1246/3417/596 779/3416/564 1247/3419/563
f 392/3420/946 1175/3421/962 391/3422/828
f 1175/3421/962 392/3420/946 1169/3423/808
f 391/2902/828 1175/3424/962 394/3425/1459
f 1177/3426/1460 1150/3427/1461 1126/3428/1462
f 1176/3429/847 1128/3430/848 1149/3431/849
f 1128/3432/811 1176/3433/847 1170/3434/948
f 1150/3435/1461 1177/3436/1460 1149/3437/1111
f 1248/3438/559 777/3439/1455 1244/3440/821
f 1248/3438/559 776/3441/736 777/3439/1455
f 1247/3442/563 779/3443/564 1248/3444/559
f 779/3443/564 776/3445/736 1248/3444/559
f 879/3446/1463 1249/3447/1464 864/2666/1465
f 1249/3447/1464 879/3446/1463 1250/3448/1466
f 1251/3449/1467 879/3450/1463 858/3451/1468
f 879/3450/1463 1251/3449/1467 1250/2216/1466
f 862/3452/1388 1252/3453/1469 859/3454/1470
f 1252/3453/1469 862/3452/1388 1223/3455/1390
f 1252/3453/1469 858/3456/1468 859/3454/1470
f 858/3456/1468 1252/3453/1469 1251/3457/1467
f 1155/3458/1471 1129/3459/1472 1163/3460/1473
f 867/3461/1474 864/3462/1465 1253/3463/1475
f 1253/3464/1475 868/3465/1394 867/3466/1474
f 868/3465/1394 1253/3464/1475 1227/3467/1395
f 1249/3468/1464 1253/3463/1475 864/3462/1465
f 1151/3415/880 1144/3469/884 1153/3470/1026
f 1144/3469/884 1151/3415/880 1143/3471/1128
f 1151/3472/880 1142/3473/881 1143/3474/1128
f 1142/3473/881 1151/3472/880 1152/3475/883
f 1157/3476/1476 1160/1330/1477 1120/3477/1478
f 1082/3478/1092 992/3479/1479 731/3480/1091
f 992/3479/1479 1082/3478/1092 1254/3481/1480
f 992/3482/1479 1254/3483/1480 1134/3484/1481
f 1083/3485/1094 993/3486/1482 1255/3487/1483
f 993/3486/1482 1083/3485/1094 733/3488/1093
f 993/3486/1482 1135/3489/1484 1255/3487/1483
f 822/3490/1485 856/3491/1486 1256/1805/1487
f 820/3492/1488 1257/3493/1489 857/3494/1490
f 826/3495/1456 1245/3496/1457 828/3497/1491
f 1154/3498/1057 1156/3499/912 1152/3500/883
f 1156/3501/1492 1154/3502/1138 1155/3503/1493
f 1142/3504/881 1152/3505/883 1156/3506/912
f 841/3507/1453 843/3508/1494 1243/3509/1454
f 1159/3510/1074 1153/3511/1026 1144/3512/884
f 1159/3377/1074 1158/3513/917 1153/3514/1026
f 1160/3515/1495 1157/3516/1496 1158/3517/1376
f 684/3518/1497 794/2302/1498 1258/3519/1499
f 687/3520/1500 1259/3521/204 728/3522/205
f 1259/3521/204 687/3520/1500 1260/3523/206
f 727/3524/1501 728/3522/205 1259/3521/204
f 727/3524/1501 1259/3521/204 1261/3525/1502
f 651/3526/1503 1262/3527/1504 652/3528/1505
f 1262/3527/1504 651/3526/1503 1263/1803/1506
f 652/3529/1505 1264/2850/1507 653/3530/1508
f 652/3529/1505 1262/1686/1504 1264/2850/1507
f 1039/3531/1509 1221/3532/1510 1211/3533/1511
f 1221/3532/1510 1039/3531/1509 1040/916/1512
f 1221/3534/1510 1041/3535/1513 1213/3536/1514
f 1041/3535/1513 1221/3534/1510 1040/3537/1512
f 678/3538/1515 1265/3539/1516 786/3540/1517
f 808/3541/1518 1267/3542/1519 1266/3543/1520
f 1266/3543/1520 820/3544/1488 808/3541/1518
f 820/3544/1488 1266/3543/1520 1257/3545/1489
f 1267/3546/1519 808/3547/1518 809/3548/1521
f 1268/3549/775 687/3550/1500 688/3551/775
f 687/3550/1500 1268/3549/775 1260/3552/206
f 691/3553/534 1268/3554/775 688/3150/775
f 1268/3554/775 691/3553/534 1269/3555/1280
f 822/3556/1485 1270/3557/1522 814/3558/1523
f 1270/3557/1522 822/3556/1485 1256/3559/1487
f 1271/3560/1524 814/3558/1523 1270/3557/1522
f 814/3558/1523 1271/3560/1524 815/3561/1525
f 796/3562/1526 1131/3563/1245 1272/1730/1527
f 1131/3563/1245 796/3562/1526 797/3564/1244
f 807/3565/628 805/3566/1528 1131/3567/1167
f 805/3566/1528 1272/3568/1529 1131/3567/1167
f 1199/3569/1530 1062/3570/1531 979/3571/1532
f 1125/3572/1533 1109/3573/1534 1186/3574/1535
f 1119/3575/1536 1189/3576/1537 1104/3577/1538
f 672/3578/1539 1273/3579/612 670/2531/613
f 1273/3579/612 672/3578/1539 1274/3580/1540
f 670/3344/613 1273/3581/612 658/3582/560
f 1275/3583/821 658/3582/560 1273/3581/612
f 1237/3584/1541 772/3585/1542 706/3586/1543
f 1235/3587/1544 704/3588/1545 773/3589/1546
f 1222/3590/1360 695/3591/1547 692/3592/1359
f 695/3593/1547 1222/3594/1360 1276/3595/1547
f 1188/3596/811 1112/3597/948 1190/2372/1096
f 1112/3597/948 1110/3598/1548 1190/2372/1096
f 696/3599/1361 697/3600/1549 1222/3601/1362
f 697/3600/1549 1276/3602/1549 1222/3601/1362
f 1190/3603/1096 1111/3604/808 1185/3605/946
f 1190/3603/1096 1110/3606/1548 1111/3604/808
f 719/3607/540 716/3608/1550 1277/3609/542
f 1277/3609/542 691/3610/534 719/3607/540
f 691/3611/534 1277/1653/542 1269/3612/1280
f 1277/3609/542 716/3608/1550 1278/3613/1551
f 1278/2542/1551 716/3614/1550 971/3615/1552
f 668/3616/1553 1280/3617/596 1279/3618/1554
f 1280/3617/596 668/3616/1553 667/3619/1458
f 660/3620/955 1280/3621/596 667/3622/1458
f 1280/3621/596 660/3620/955 1281/3623/563
f 1039/3624/1509 1211/3625/1511 1054/3626/1555
f 1211/3625/1511 1210/3627/1556 1054/3626/1555
f 1198/3628/1557 1054/3629/1555 1210/3630/1556
f 1054/3629/1555 1198/3628/1557 1055/3631/1558
f 1198/3632/1557 980/3633/1559 1055/3634/1558
f 1261/3635/1502 983/1837/1560 727/1854/1501
f 1213/3636/1514 1041/3637/1513 1061/3638/1561
f 1061/3639/1561 1212/3640/1562 1213/3641/1514
f 1061/3642/1561 1199/3643/1530 1212/3644/1562
f 1199/3643/1530 1061/3642/1561 1062/3645/1531
f 799/3646/1563 1272/3647/1527 1282/3648/1564
f 1272/3647/1527 799/3646/1563 796/3649/1526
f 672/3650/1539 964/3651/1565 1274/3652/1540
f 1185/3653/946 1116/3654/827 1184/2361/828
f 1116/3654/827 1185/3653/946 1111/3655/808
f 1184/3656/828 1116/3657/827 1186/3658/1566
f 806/3659/1567 1282/3660/1568 1272/3661/1529
f 1272/3661/1529 805/3662/1528 806/3659/1567
f 1283/2652/820 658/3663/560 1275/3664/821
f 1283/2652/820 657/2491/562 658/3663/560
f 1281/3665/563 660/3666/955 1283/3667/820
f 660/3666/955 657/3668/562 1283/3667/820
f 668/3669/1553 1279/3670/1554 967/3671/1569
f 1118/3672/847 1188/2512/848 1187/3673/849
f 1188/3674/811 1118/3675/850 1112/3676/948
f 1189/3677/1537 1119/3678/1536 1187/3679/853
f 1271/3680/1524 844/3681/1570 815/3682/1525
f 844/3681/1570 1271/3680/1524 1284/3683/1571
f 844/3684/1570 1267/3685/1519 809/3686/1521
f 1267/3685/1519 844/3684/1570 1284/3687/1571
f 1201/3688/1572 1079/3689/1573 1117/3690/1574
f 1203/1876/1575 1099/3691/1576 1056/3692/1577
f 1206/3693/880 1086/3694/1025 1205/3695/885
f 1086/3694/1025 1206/3693/880 1085/3696/1128
f 1206/3697/880 1084/3698/1353 1085/3699/1128
f 1084/3698/1353 1206/3697/880 1202/2651/883
f 961/3700/1578 1250/2037/1579 1251/3701/1580
f 1250/2037/1579 961/3700/1578 956/3702/1581
f 1250/3703/1579 957/3704/1582 1249/3705/1583
f 957/3704/1582 1250/3703/1579 956/3706/1581
f 1200/3707/911 1097/3708/912 1202/3709/883
f 1097/3710/913 1200/3124/914 1201/3711/1584
f 1084/3712/1353 1202/3713/883 1097/3714/912
f 1098/3715/916 1205/3716/885 1086/3717/1025
f 1098/3718/916 1204/3719/917 1205/3720/885
f 1099/3721/1585 1203/3722/1586 1204/3723/920
f 684/3724/1497 1285/3725/1587 681/3726/1588
f 1285/3725/1587 684/3724/1497 1258/3727/1499
f 1285/3728/1587 680/3729/1589 681/3730/1588
f 680/3729/1589 1285/3728/1587 1286/3731/1590
f 1078/3732/1591 1239/3733/1592 1007/3734/1593
f 1064/3735/1594 1030/3736/1595 1241/3737/1596
f 1287/3738/1597 760/3739/1597 1288/3740/1598
f 760/3739/1599 761/3741/1600 1288/3740/1601
f 677/3742/1602 674/3743/1603 1289/3744/1604
f 1289/3745/1604 678/3746/1515 677/3747/1602
f 678/3746/1515 1289/3745/1604 1265/3748/1516
f 1290/3749/1605 1289/3744/1604 674/3743/1603
f 765/3750/1606 1288/3751/1607 764/3752/1608
f 1288/3751/1607 765/3750/1606 1287/3753/1606
f 1253/3754/1609 1249/3755/1583 958/3756/1610
f 958/3757/1610 1227/3758/1611 1253/3759/1609
f 1227/3758/1611 958/3757/1610 959/3760/1612
f 1227/3761/1611 959/3762/1612 898/3763/1613
f 1249/3755/1583 957/3705/1582 958/3756/1610
f 1286/3764/1590 736/3765/1614 680/3766/1589
f 736/3765/1614 1286/3764/1590 1291/3767/1615
f 736/3768/1614 1290/3769/1605 674/3770/1603
f 1290/3769/1605 736/3768/1614 1291/3771/1615
f 911/3772/1433 1292/3773/1616 1236/3774/1431
f 1292/3773/1616 911/3772/1433 913/3775/1617
f 914/3776/1618 1292/3773/1616 913/3775/1617
f 1292/3773/1616 914/3776/1618 1263/3777/1619
f 1251/3778/1580 960/3779/1620 961/1559/1578
f 1251/3778/1580 1252/3780/1621 960/3779/1620
f 1223/3781/1622 960/3782/1620 1252/3783/1621
f 960/3782/1620 1223/3781/1622 962/3784/1623
f 1223/3785/1622 899/3786/1624 962/3787/1623
f 784/3788/1625 1294/3789/1626 1293/3790/1627
f 1294/3789/1626 784/3788/1625 769/3791/1628
f 1294/3792/1629 787/3793/1630 1293/3794/1631
f 1294/3795/1629 771/3796/1632 787/1644/1630
f 640/3797/1633 1171/3798/1334 1295/3799/1634
f 1171/3798/1334 640/3797/1633 701/3800/1333
f 1234/3801/1635 663/3802/1636 1296/3803/1637
f 663/3804/1636 1234/3805/1635 1011/3806/1638
f 1011/3807/1638 1235/3808/1544 773/3809/1546
f 1235/3808/1544 1011/3807/1638 1234/3810/1635
f 663/3811/1636 1264/3812/1507 1296/3813/1637
f 653/3814/1508 1264/3812/1507 663/3811/1636
f 695/2474/1639 630/3815/1640 694/3816/1641
f 630/3815/1640 695/2474/1639 633/3817/1642
f 726/3818/1242 641/3819/1643 1171/3820/1243
f 641/3819/1643 1295/3821/1644 1171/3820/1243
f 630/3822/1645 697/3823/1645 694/3824/1646
f 630/3822/1645 634/3825/1647 697/3823/1645
f 1226/3826/811 1050/3827/948 1224/2508/1096
f 1050/3827/948 1048/3828/810 1224/2508/1096
f 1224/3829/1096 1049/3830/808 1225/3831/946
f 1224/3829/1096 1048/3832/810 1049/3830/808
f 926/3833/1648 1255/3834/1649 927/2800/1650
f 1255/3835/1649 1135/3836/1651 927/3837/1650
f 1255/3838/1649 926/3839/1648 1083/3840/1652
f 1181/3841/1314 1114/3842/1446 876/3843/1315
f 1114/3844/1446 1181/3845/1314 1182/3011/1447
f 1254/3846/1653 930/3847/1654 1134/3848/1655
f 1254/3849/1653 929/3850/1656 930/3851/1654
f 929/3852/1656 1254/3853/1653 1082/3854/1657
f 917/3855/1428 1296/3856/1658 919/3857/1659
f 1296/3858/1658 917/3859/1428 1234/3860/1427
f 919/3857/1659 1296/3856/1658 920/3861/1660
f 1264/3862/1661 920/3861/1660 1296/3856/1658
f 1179/3863/1317 1115/3864/1452 1178/3865/1451
f 1115/3864/1452 1179/3863/1317 877/3866/1319
f 581/3867/1662 582/3868/1663 1297/3869/1664
f 1297/3869/1664 582/3868/1663 1298/2068/1665
f 582/3870/1663 1299/3871/1666 1298/2139/1665
f 1299/3871/1666 582/3870/1663 584/3872/1667
f 1225/3873/946 1063/3874/962 1240/3875/828
f 1063/3874/962 1225/3873/946 1049/3876/808
f 1240/3877/828 1063/3878/962 1241/3879/1668
f 1077/812/847 1226/3880/848 1238/3881/1108
f 1226/3882/811 1077/3883/1669 1050/3884/948
f 1239/3885/1592 1078/3886/1591 1238/3887/1670
f 1080/3888/1671 1236/3889/1672 664/3890/1673
f 1080/3891/1671 1237/3892/1541 1236/3893/1672
f 1237/3894/1541 1080/3895/1671 772/2712/1542
f 1292/3896/1674 664/3897/1673 1236/3898/1672
f 1263/3899/1506 664/3900/1673 1292/3901/1674
f 664/3900/1673 1263/3899/1506 651/871/1503
f 1256/3902/1675 856/3903/1676 954/3904/1677
f 1257/3905/1678 955/3906/1679 857/2554/1680
f 887/3907/1681 1284/3056/1682 1271/3908/1683
f 1284/3056/1682 887/3907/1681 888/3909/1684
f 1284/3910/1682 889/3911/1685 1267/3912/1686
f 889/3911/1685 1284/3910/1682 888/3913/1684
f 639/3914/1687 1295/3915/1634 1300/3916/1688
f 1295/3915/1634 639/3914/1687 640/3917/1633
f 642/3918/1689 1300/3919/1690 1295/3920/1644
f 1295/3920/1644 641/3921/1643 642/3918/1689
f 1248/3231/880 996/3922/1025 1247/3923/1026
f 996/3922/1025 1248/3231/880 995/3924/1128
f 1173/3925/1386 1053/3926/1387 1172/3927/1691
f 1053/3926/1387 1130/3928/1691 1172/3927/1691
f 1172/3929/1691 1052/3930/1384 1174/3931/1383
f 1172/3929/1691 1130/3932/1691 1052/3930/1384
f 1248/3933/880 994/3934/881 995/3935/1128
f 994/3934/881 1248/3933/880 1244/3936/883
f 1231/3937/1692 523/3938/1693 1230/3939/1694
f 523/3940/1693 1231/3941/1692 522/3942/1695
f 523/3938/1693 603/3943/583 1230/3939/1694
f 708/3944/581 603/3945/583 523/3946/1693
f 1301/3947/1696 581/3948/1662 1297/3949/1664
f 581/3948/1662 1301/3947/1696 592/3950/1697
f 591/2922/1698 592/3951/1697 1301/3952/1696
f 591/2922/1698 1301/3952/1696 1302/3953/1699
f 1009/3954/916 1247/3955/1026 996/3956/1025
f 1009/3957/916 1246/3958/1075 1247/3959/1026
f 1010/3960/1700 1245/3961/1701 1246/3962/920
f 1245/3961/1702 1010/3960/1703 828/3963/1704
f 1242/3964/914 1006/3965/912 1244/3966/883
f 1006/3967/913 1242/3968/1057 1243/3969/1705
f 1243/3970/1706 843/3971/1707 1081/3972/1708
f 994/3234/881 1244/2523/883 1006/3973/912
f 584/3974/1667 1303/3975/1709 1299/3976/1666
f 1303/3975/1709 584/3974/1667 601/3977/1710
f 601/3978/1710 598/3059/1711 1303/3979/1709
f 1303/3980/1709 598/3981/1711 1304/3982/1712
f 767/3983/1713 1294/3984/1626 769/3985/1628
f 1294/3984/1626 767/3983/1713 1305/3986/1713
f 1294/3987/1629 770/3988/1714 771/3989/1632
f 770/3988/1714 1294/3987/1715 1305/3990/1714
f 970/3991/1716 1278/3992/1717 971/3993/1718
f 1018/3994/1719 983/3995/1720 1261/3996/1721
f 478/3997/1722 1180/3998/1392 1306/3999/1723
f 1180/3998/1392 478/3997/1722 533/4000/1391
f 586/4001/1260 479/4002/1724 1180/4003/1261
f 479/4002/1724 1306/4004/1725 1180/4003/1261
f 819/4005/845 1307/4006/1726 855/2626/1106
f 1308/4007/1727 741/4008/1728 738/4009/1729
f 741/4008/1728 1308/4007/1727 1309/4010/698
f 784/4011/1625 1308/4012/1727 738/4013/1729
f 1293/4014/1627 1308/4012/1727 784/4011/1625
f 1291/4015/1730 781/4016/1731 1290/4017/1732
f 781/4016/1731 1291/4015/1730 802/2734/1733
f 1308/4018/1734 787/4019/1630 743/4020/1735
f 787/4019/1630 1308/4018/1734 1293/4021/1631
f 1308/4022/1734 743/4023/1735 742/4024/1736
f 1309/4025/715 1308/4022/1734 742/4024/1736
f 801/4026/1737 1291/4027/1730 1286/4028/1738
f 1291/4027/1730 801/4026/1737 802/4029/1733
f 613/4030/1339 1218/4031/1341 1008/4032/1739
f 1310/4015/1740 531/4033/1741 530/4034/1742
f 531/4033/1741 1310/4015/1740 1311/4035/1743
f 1311/4036/1743 615/4037/620 531/4038/1741
f 531/4038/1741 615/4037/620 735/4039/619
f 495/4040/1744 1310/4041/1745 1312/4042/1746
f 1310/4041/1745 495/4040/1744 438/4043/1747
f 1311/4044/1748 1310/4045/1745 439/4046/1749
f 1310/4045/1745 438/4047/1747 439/4046/1749
f 439/4048/1749 615/4049/479 1311/4050/1748
f 615/4049/479 439/4048/1749 617/4051/480
f 907/4052/1750 1266/4053/1751 1267/4054/1752
f 955/4055/1679 1266/4053/1753 907/4052/1754
f 1266/4053/1753 955/4055/1679 1257/1071/1678
f 1313/4056/1755 632/4057/1755 1314/4058/1755
f 632/4057/1755 633/4059/1755 1314/4058/1755
f 887/4060/1681 1271/4061/1683 900/4062/1756
f 1271/4061/1683 1270/4063/1757 900/4062/1756
f 900/4064/1756 1270/4065/1757 954/4066/1677
f 1256/4067/1675 954/4066/1677 1270/4065/1757
f 635/4068/1758 1314/4069/1758 634/4070/1758
f 1314/4069/1758 635/4068/1758 1313/1119/1758
f 609/4071/1330 1051/4072/1759 1215/4073/1331
f 1302/4074/1699 715/4075/1760 591/4076/1698
f 1304/4077/1712 598/4078/1711 722/4079/1761
f 1262/4080/1762 920/4081/1660 1264/4082/1661
f 1262/4080/1762 1029/4083/1763 920/4081/1660
f 799/4084/1563 1288/2455/1601 761/4085/1600
f 799/4086/1563 1282/4087/1564 1288/4088/1601
f 1288/4089/1607 806/4090/1567 764/4091/1608
f 806/4092/1567 1288/4093/1607 1282/4094/1568
f 1263/4095/1619 914/4096/1618 1262/4097/1762
f 914/4096/1618 1029/4098/1763 1262/4097/1762
f 1307/4099/1764 854/4100/933 855/2241/934
f 1307/4101/1764 1309/4102/715 854/4103/933
f 1309/4102/715 742/4104/1736 854/4103/933
f 1269/4105/811 953/4106/948 1268/4107/1096
f 953/4106/948 951/4108/947 1268/4107/1096
f 1268/1978/1096 952/4109/808 1260/1026/809
f 1268/1978/1096 951/4110/947 952/4109/808
f 1315/4111/1765 646/4112/1765 1316/4113/1766
f 646/4112/1765 643/4114/1767 1316/4113/1766
f 648/4115/1768 1316/4116/1769 647/4117/1770
f 1316/4116/1769 648/4115/1768 1315/4118/1768
f 1279/4119/1771 924/4120/1772 967/4121/1773
f 819/4122/845 1309/4123/698 1307/4124/1726
f 1309/4123/698 819/4122/845 741/4125/1728
f 1274/4126/1774 964/4127/1775 963/4128/1776
f 1317/3549/1777 447/4129/1778 471/4130/1779
f 1260/4131/809 968/4132/827 1259/4133/1780
f 968/4132/827 1260/4131/809 952/4134/808
f 1259/4135/1780 968/1107/827 1261/4136/1781
f 969/4137/847 1269/4138/848 1277/4139/849
f 1269/4140/811 969/4141/1782 953/4142/948
f 1278/4143/1717 970/4144/1716 1277/4145/1111
f 1258/4146/1783 794/4147/1784 804/4148/1785
f 1289/4149/1786 1290/4150/1732 782/4151/1787
f 782/4152/1787 1265/4153/1788 1289/4154/1786
f 1265/4153/1788 782/4152/1787 783/4155/1789
f 1265/4156/1788 783/4157/1789 786/4158/1790
f 1290/4150/1732 781/2118/1731 782/4151/1787
f 1283/1917/880 897/4159/884 1281/4160/1026
f 897/4159/884 1283/1917/880 896/4161/1128
f 1283/4162/880 895/4163/881 896/4164/1128
f 895/4163/881 1283/4162/880 1275/4165/883
f 1286/4166/1738 803/4167/1791 801/4168/1737
f 1286/4166/1738 1285/4169/1792 803/4167/1791
f 1258/4170/1783 803/4171/1791 1285/4172/1792
f 803/4171/1791 1258/4170/1783 804/4173/1785
f 1318/4174/1793 451/2660/1794 452/4175/1795
f 1273/4176/1796 910/2991/912 1275/4177/883
f 910/4178/913 1273/4179/1138 1274/4180/1797
f 895/4181/881 1275/4182/883 910/4183/912
f 923/4184/916 1281/4185/1026 897/4186/884
f 923/4187/916 1280/4188/1075 1281/4189/1026
f 924/3517/1798 1279/4190/1799 1280/4191/920
f 1300/4192/1688 643/4193/1767 639/1078/1687
f 643/4193/1767 1300/4192/1688 1316/4194/1766
f 1300/4195/1690 647/4196/1770 1316/4197/1769
f 1300/4198/1690 642/4199/1689 647/4200/1770
f 1319/4201/1800 623/4202/1801 618/4203/1802
f 1320/4204/1803 620/4205/1804 622/4206/1805
f 1232/4207/1806 1146/1959/1807 1033/4208/1808
f 1146/4209/1807 1232/3031/1806 835/4210/1809
f 1232/4211/1806 1233/4212/1810 835/4213/1809
f 1233/4212/1810 836/1775/1811 835/4213/1809
f 1233/4214/1810 759/1213/1812 836/4215/1811
f 1145/4216/1813 1228/4217/1814 1032/4218/1815
f 837/4210/1816 1228/4219/1814 1145/4220/1813
f 1228/4221/1814 837/4222/1816 1229/4223/1817
f 838/4224/1818 1229/4225/1817 837/4226/1816
f 1229/3865/1817 838/4227/1818 754/4228/1819
f 929/4229/1820 1082/4230/1821 1004/4231/1822
f 1183/4232/1823 1005/4233/1824 1083/4234/1825
f 402/4235/1042 1060/1912/1044 1193/4236/1350
f 1193/4236/1350 404/4237/1349 402/4235/1042
f 408/4238/1409 1164/4239/1411 405/4240/1038
f 1058/4241/1039 405/2944/1038 1164/4242/1411
f 1215/4243/1826 1051/4244/1827 1076/4245/1828
f 1074/4246/1829 1215/4247/1826 1076/4248/1828
f 1215/4247/1826 1074/4246/1829 1214/4249/1830
f 1218/4250/1831 1067/3605/1832 1008/4251/1833
f 1218/1615/1831 1066/4252/1834 1067/4253/1832
f 1066/4252/1834 1218/1615/1831 1219/1626/1835
f 495/4254/1744 1231/4255/1419 433/4256/1420
f 1231/4255/1419 495/4254/1744 1312/1999/1746
f 1321/4257/1836 590/4258/1837 560/4259/1838
f 1322/4260/1839 509/4261/1839 477/4262/1839
f 509/4261/1839 1322/4260/1839 1323/4263/1840
f 1322/4264/1841 512/4265/1842 1323/4266/1843
f 1322/4264/1841 480/4267/1841 512/4265/1842
f 1324/4268/1844 568/4269/1845 589/4270/1846
f 1003/4271/1847 1217/4272/1848 1004/4273/1849
f 1217/4272/1848 1003/4271/1847 1216/4274/1847
f 1183/4275/1850 1003/4276/1847 1005/4277/1851
f 1003/4276/1847 1183/4275/1850 1216/4278/1847
f 477/4279/1852 1306/4280/1723 1322/4281/1852
f 1306/4280/1723 477/4279/1852 478/4282/1722
f 619/4283/1853 1325/4284/1854 1326/4285/1855
f 619/4283/1853 596/4286/1856 1325/4284/1854
f 619/4283/1853 1326/4285/1855 618/4287/1802
f 1326/4285/1855 1319/4288/1800 618/4287/1802
f 597/4289/1857 621/4290/1858 1327/4291/1859
f 1327/4291/1859 621/4290/1858 1328/4292/1860
f 620/4293/1804 1328/4292/1860 621/4290/1858
f 620/4293/1804 1320/4294/1803 1328/4292/1860
f 480/4295/1861 1322/4296/1861 1306/4297/1725
f 1306/4297/1725 479/4298/1724 480/4295/1861
f 712/4299/1862 1297/4300/1863 713/4301/1864
f 1297/4302/1863 712/3365/1862 1301/4303/1865
f 1299/4304/1866 720/4305/1867 723/4306/1868
f 720/4305/1867 1299/4304/1866 1303/4307/1869
f 720/4308/1867 1303/4309/1869 1304/4310/1870
f 1304/4310/1870 721/4311/1871 720/4308/1867
f 1301/2630/1865 712/4312/1862 1302/4313/1872
f 1302/4313/1872 712/4312/1862 714/4314/1873
f 721/4315/1871 1304/3502/1870 722/4316/1874
f 557/4317/1875 1329/4318/1876 578/4319/1877
f 1329/4318/1876 1330/4320/1878 578/4319/1877
f 1330/4321/1878 606/4322/1879 578/4323/1877
f 579/4324/1880 1331/4325/1881 558/4326/1882
f 579/4324/1880 1332/4327/1883 1331/4325/1881
f 1332/4328/1883 579/4329/1880 602/4330/1884
f 633/4331/1885 1276/4332/1885 1314/4333/1885
f 695/4334/1885 1276/4332/1885 633/4331/1885
f 714/4335/1873 715/4336/1886 1302/4337/1872
f 1276/4338/1887 634/4339/1887 1314/4340/1887
f 1276/4341/1887 697/4342/1887 634/4343/1887
f 561/4344/1888 1333/4345/1889 1334/4346/1890
f 561/4347/1888 527/4348/1891 1333/4349/1889
f 561/4350/1888 1334/4351/1890 560/4352/1838
f 1334/4351/1890 1321/4353/1836 560/4352/1838
f 529/1411/1892 569/4354/1893 1335/4355/1894
f 1335/4355/1894 569/4354/1893 1336/4356/1895
f 568/4357/1845 1336/4358/1895 569/4359/1893
f 568/4357/1845 1324/4360/1844 1336/4358/1895
f 1329/4361/1876 557/4362/1875 1337/4363/1896
f 502/4364/1897 1337/4363/1896 557/4362/1875
f 558/4365/1882 1338/4366/1898 503/4367/1899
f 1338/4366/1898 558/4365/1882 1331/4368/1881
f 595/4369/1900 1325/4370/1854 596/4371/1856
f 595/4369/1900 1339/1509/1901 1325/4370/1854
f 597/4372/1857 1327/4373/1859 595/4374/1900
f 1327/4373/1859 1339/4375/1901 595/4374/1900
f 1340/4376/1902 474/4377/1903 497/4378/1904
f 1341/4379/1905 499/4380/1906 473/4381/1907
f 1298/4382/1908 723/4383/1868 774/4384/1909
f 723/4383/1868 1298/4382/1908 1299/4385/1866
f 1297/4386/1863 1298/4387/1908 713/4388/1864
f 713/4388/1864 1298/4387/1908 774/3912/1909
f 1165/4389/1910 1074/4390/1829 1075/4391/1911
f 1165/4389/1910 1214/1520/1830 1074/4390/1829
f 1219/4392/1835 1167/4393/1912 1066/4394/1834
f 1167/4393/1912 1065/4395/1913 1066/4394/1834
f 1166/4396/1914 1065/4397/1913 1167/4398/1912
f 1065/4397/1913 1166/4396/1914 1113/4399/1915
f 1075/4400/1911 1166/4401/1914 1165/4402/1910
f 1166/4401/1914 1075/4400/1911 1113/4403/1915
f 1031/4404/1916 1145/4405/1813 1032/4406/1815
f 1145/4405/1813 1031/4404/1916 1194/4407/1916
f 1146/4408/1807 1031/1495/1916 1033/4409/1808
f 1031/1495/1916 1146/4408/1807 1194/4410/1916
f 1342/4411/1917 509/4412/1917 1323/4413/1918
f 509/4412/1917 1342/4411/1917 508/4414/1917
f 512/4415/1919 1342/3247/1919 1323/4416/1919
f 512/4415/1920 513/4417/1920 1342/3247/1920
f 1343/2860/1921 415/4418/1922 413/4419/1923
f 415/4418/1922 1343/2860/1921 1344/4420/1924
f 1345/4421/1925 1343/4422/1921 410/4423/1926
f 410/4423/1926 1343/4422/1921 413/694/1923
f 524/4424/1927 1333/4425/1889 527/4426/1891
f 524/4424/1927 1346/4427/1928 1333/4425/1889
f 529/4428/1892 1335/4429/1894 524/4424/1927
f 1335/4429/1894 1346/4427/1928 524/4424/1927
f 1347/1345/1929 515/4430/1930 481/4431/1931
f 576/4432/1932 1327/4433/1933 564/4434/1934
f 1327/4433/1933 576/4432/1932 1339/4435/1932
f 1348/4436/1935 483/4437/1936 514/4438/1937
f 576/4439/1932 1325/1207/1938 1339/4440/1932
f 1325/1207/1938 576/4439/1932 572/4441/1939
f 564/4442/1934 1327/4443/1933 1328/4444/1940
f 1328/4444/1940 563/4445/1941 564/4442/1934
f 1328/4446/1940 566/4447/1942 563/4448/1941
f 566/4447/1942 1328/4446/1940 1320/4449/1943
f 566/4447/1942 1320/4449/1943 622/3988/1944
f 540/4450/1945 1332/4451/1946 602/4452/1947
f 1325/4453/1938 572/4454/1939 1326/1507/1948
f 1326/4455/1948 572/4456/1939 573/4457/1949
f 574/4458/1950 1326/4455/1948 573/4457/1949
f 574/4458/1950 623/4459/1951 1319/4460/1952
f 1326/4455/1948 574/4458/1950 1319/4460/1952
f 542/4461/1953 606/4462/1954 1330/4463/1955
f 482/4464/1956 1349/4465/1957 1350/4466/1958
f 482/1223/1956 469/4467/1959 1349/4468/1957
f 470/4469/1960 484/4470/1961 1351/4471/1962
f 1351/4471/1962 484/4470/1961 1352/4472/1963
f 498/4473/1964 1353/4474/1965 1354/4475/1966
f 498/4476/1964 449/4477/1967 1353/4478/1965
f 498/4479/1964 1354/4480/1966 497/4481/1904
f 1354/4480/1966 1340/4482/1902 497/4481/1904
f 450/4483/1968 500/4484/1969 1355/4485/1970
f 1355/4485/1970 500/4484/1969 1356/4486/1971
f 538/4487/1972 1336/2524/1973 550/4488/1974
f 538/4487/1972 1335/4489/1975 1336/2524/1973
f 499/4490/1906 1356/4491/1971 500/4492/1969
f 499/4490/1906 1341/4493/1905 1356/4491/1971
f 1333/4494/1976 537/4495/1977 1334/4496/1978
f 1334/4497/1978 537/4498/1977 552/4499/1979
f 1336/4500/1973 1324/4501/1980 550/4502/1974
f 550/4502/1974 1324/4501/1980 554/4503/1981
f 554/4504/1981 1324/1376/1980 589/4505/1982
f 1321/3233/1983 552/4506/1979 555/4507/1984
f 552/4506/1979 1321/3233/1983 1334/4508/1978
f 555/4509/1984 590/4510/1985 1321/4511/1983
f 501/4512/1986 1337/4513/1896 502/4514/1897
f 501/4512/1986 1357/4515/1987 1337/4513/1896
f 503/4516/1899 1338/4517/1898 501/4518/1986
f 1338/4517/1898 1357/2596/1987 501/4518/1986
f 466/4519/1988 1318/4520/1989 452/4521/1990
f 536/4522/1991 1333/4523/1976 1346/4524/1992
f 1333/4523/1976 536/4522/1991 537/4525/1977
f 536/4526/1991 1335/4527/1975 538/4528/1972
f 1335/4527/1975 536/4526/1991 1346/4529/1992
f 482/4530/1956 1350/4531/1958 481/1238/1931
f 1350/4531/1958 1347/4532/1929 481/1238/1931
f 483/4533/1936 1352/4534/1963 484/1484/1961
f 483/4533/1936 1348/4535/1935 1352/4534/1963
f 504/4536/1993 1332/4537/1946 540/4538/1945
f 504/4536/1993 1331/4539/1994 1332/4537/1946
f 1330/4540/1955 511/4541/1995 542/4542/1953
f 1330/4540/1955 1329/1096/1996 511/4541/1995
f 1312/4543/1997 530/4544/1742 636/4545/1998
f 530/4544/1742 1312/4543/1997 1310/4546/1740
f 467/4547/1999 1349/4548/1957 469/4549/1959
f 467/4547/1999 1358/4550/2000 1349/4548/1957
f 1231/1137/1692 1312/4551/1997 522/4552/1695
f 522/4552/1695 1312/4551/1997 636/4553/1998
f 470/4554/1960 1351/4555/1962 467/4556/1999
f 1351/4555/1962 1358/1218/2000 467/4556/1999
f 489/4557/2001 1338/4558/2002 493/4559/2003
f 1338/4558/2002 489/4557/2001 1357/4560/2004
f 489/4561/2001 1337/4562/2005 1357/4563/2004
f 1337/4562/2005 489/4561/2001 492/4564/2006
f 493/4565/2003 1338/4566/2002 1331/2966/1994
f 1331/4567/1994 504/4568/1993 493/4569/2003
f 1337/4570/2005 492/4571/2006 1329/4572/1996
f 511/4573/1995 1329/4572/1996 492/4571/2006
f 458/4574/2007 1348/4575/2008 514/4576/2009
f 464/4577/2010 515/4578/2011 1347/4579/2012
f 448/4580/2013 1353/4581/1965 449/4582/1967
f 448/4580/2013 1359/4583/2013 1353/4581/1965
f 450/4584/1968 1355/4585/1970 448/4580/2013
f 1355/4585/1970 1359/4583/2013 448/4580/2013
f 1345/4586/1925 441/4587/2014 1360/4588/2015
f 441/4587/2014 1345/4586/1925 410/4589/1926
f 1360/545/2015 441/4590/2014 1317/4591/2016
f 1317/4591/2016 441/4590/2014 446/4592/2017
f 446/4592/2017 447/4593/2018 1317/4591/2016
f 1344/3861/1924 436/4594/2019 415/4595/1922
f 436/4594/2019 1344/3861/1924 1361/4596/2020
f 436/4597/2019 1361/4598/2020 1318/4599/1989
f 1318/4599/1989 466/4600/1988 436/4597/2019
f 1360/4601/2021 488/4602/2022 1345/4603/2023
f 488/4602/2022 1360/4601/2021 487/4604/2024
f 471/4605/1779 487/4604/2024 1360/4601/2021
f 471/4605/1779 1360/4601/2021 1317/4606/1777
f 420/4607/2025 1341/4608/2026 473/4609/2027
f 426/4610/2028 474/4611/2029 1340/4118/2030
f 486/4612/2031 1361/4613/2032 1344/4614/2033
f 1361/4613/2032 486/4612/2031 485/4615/2034
f 1361/4613/2032 485/4615/2034 451/4616/1794
f 1318/4617/1793 1361/4613/2032 451/4616/1794
f 472/4618/2035 1349/4436/2036 1358/4619/2035
f 1349/4436/2036 472/4618/2035 462/4620/2037
f 472/4621/2035 1351/4622/2038 456/4623/2039
f 1351/4622/2038 472/4621/2035 1358/4624/2035
f 1058/4625/2040 1024/4626/2041 1057/4627/2042
f 1024/4626/2041 1058/4625/2040 1023/4628/2043
f 1023/4629/2043 1058/4630/2040 428/4631/1228
f 1058/4630/2040 1164/4632/1226 428/4631/1228
f 1028/3977/2044 1060/4633/2045 1059/4634/2046
f 1060/4633/2045 1028/3977/2044 1027/2983/2047
f 444/4635/1290 1060/4636/2045 1027/4637/2047
f 444/4635/1290 1193/4638/1289 1060/4636/2045
f 488/4639/2022 559/1710/2048 1345/4640/2023
f 1345/4640/2023 559/1710/2048 1343/4641/2049
f 559/4642/2048 1344/4643/2033 1343/4644/2049
f 1344/4643/2033 559/4642/2048 486/3019/2031
f 456/4645/2039 1351/4646/2038 1352/4647/2050
f 1352/4647/2050 455/4648/2051 456/4645/2039
f 1352/4649/2050 458/4650/2007 455/4651/2051
f 458/4650/2007 1352/4649/2050 1348/4652/2008
f 1349/4653/2036 462/4654/2037 1350/4655/2052
f 1350/4656/2052 462/4657/2037 463/4658/2053
f 464/4659/2010 1350/4656/2052 463/4658/2053
f 1350/4656/2052 464/4659/2010 1347/1225/2012
f 429/4660/2054 1355/4661/2055 418/4662/2056
f 1355/4661/2055 429/4660/2054 1359/4663/2054
f 429/4664/2054 1353/4665/2057 1359/4666/2054
f 1353/4665/2057 429/4664/2054 424/4667/2058
f 418/4668/2056 1356/4669/2059 417/4670/2060
f 418/4668/2056 1355/4671/2055 1356/4669/2059
f 1356/4672/2059 420/4673/2025 417/4674/2060
f 420/4673/2025 1356/4672/2059 1341/4675/2026
f 1353/4676/2057 424/4677/2058 1354/4094/2061
f 1354/2808/2061 424/4678/2058 425/4679/2062
f 426/4680/2028 1354/2808/2061 425/4679/2062
f 1354/2808/2061 426/4680/2028 1340/1379/2030
f 1024/4681/2041 1191/4682/2063 1057/4683/2042
f 1057/4683/2042 1191/4682/2063 1147/4684/2064
f 1191/1937/2063 1059/4685/2046 1147/4686/2064
f 1059/4685/2046 1191/1937/2063 1028/4687/2044
