# Blender 5.1.2
# www.blender.org
mtllib whooppee.mtl
o Whoopee_Cushion
v 0.500702 -0.571026 0.060124
v 0.543725 -0.525982 -0.003835
v 0.537335 -0.522291 0.060122
v 0.506676 -0.575268 -0.003835
v 0.543725 -0.525982 -0.003835
v 0.500702 -0.571026 -0.067794
v 0.537335 -0.522291 -0.067794
v 0.506676 -0.575268 -0.003835
v 0.476909 -0.554097 0.127012
v 0.537335 -0.522291 0.060122
v 0.511889 -0.507563 0.127012
v 0.500702 -0.571026 0.060124
v 0.476909 -0.554097 -0.134683
v 0.537335 -0.522291 -0.067794
v 0.500702 -0.571026 -0.067794
v 0.511889 -0.507563 -0.134683
v 0.537335 -0.522291 0.060122
v 0.567830 -0.469253 -0.003835
v 0.561171 -0.466198 0.060122
v 0.543725 -0.525982 -0.003835
v 0.567830 -0.469253 -0.003835
v 0.537335 -0.522291 -0.067794
v 0.561171 -0.466198 -0.067794
v 0.543725 -0.525982 -0.003835
v 0.511889 -0.507563 0.127012
v 0.561171 -0.466198 0.060122
v 0.534649 -0.454001 0.127012
v 0.537335 -0.522291 0.060122
v 0.511889 -0.507563 -0.134683
v 0.561171 -0.466198 -0.067794
v 0.537335 -0.522291 -0.067794
v 0.534649 -0.454001 -0.134683
v 0.267947 -0.709397 -0.003835
v 0.209696 -0.783334 -0.003835
v 0.207047 -0.776763 -0.067794
v 0.264645 -0.703652 -0.065650
v 0.207047 -0.776763 0.060124
v 0.267947 -0.709397 -0.003835
v 0.264643 -0.703652 0.057980
v 0.209696 -0.783334 -0.003835
v 0.595403 -0.343051 -0.003835
v 0.567830 -0.469253 -0.003835
v 0.561171 -0.466198 -0.067794
v 0.588436 -0.341408 -0.067794
v 0.561171 -0.466198 0.060122
v 0.595403 -0.343051 -0.003835
v 0.588436 -0.341408 0.060122
v 0.567830 -0.469253 -0.003835
v 0.264645 -0.703652 -0.065650
v 0.207047 -0.776763 -0.067794
v 0.196509 -0.750549 -0.134683
v 0.251504 -0.680738 -0.130299
v 0.196509 -0.750549 0.127012
v 0.264643 -0.703652 0.057980
v 0.251504 -0.680738 0.122628
v 0.207047 -0.776763 0.060124
v 0.561171 -0.466198 -0.067794
v 0.534649 -0.454001 -0.134683
v 0.588436 -0.341408 -0.067794
v 0.560684 -0.334843 -0.134683
v 0.534649 -0.454001 0.127012
v 0.588436 -0.341408 0.060122
v 0.560684 -0.334843 0.127012
v 0.561171 -0.466198 0.060122
v 0.557174 -0.195819 0.057980
v 0.598742 -0.107090 -0.003835
v 0.591737 -0.108080 0.060122
v 0.563788 -0.195819 -0.003835
v 0.563788 -0.195819 -0.003835
v 0.557174 -0.195819 -0.065652
v 0.598742 -0.107090 -0.003835
v 0.591737 -0.108080 -0.067794
v 0.511889 -0.507563 -0.134683
v 0.462002 -0.478659 -0.203962
v 0.534649 -0.454001 -0.134683
v 0.482650 -0.430064 -0.203962
v 0.462002 -0.478659 0.196290
v 0.534649 -0.454001 0.127012
v 0.482650 -0.430064 0.196290
v 0.511889 -0.507563 0.127012
v 0.588436 -0.341408 0.060122
v 0.598742 -0.284546 -0.003835
v 0.591737 -0.283557 0.060122
v 0.595403 -0.343051 -0.003835
v 0.598742 -0.284546 -0.003835
v 0.588436 -0.341408 -0.067794
v 0.591737 -0.283557 -0.067794
v 0.595403 -0.343051 -0.003835
v 0.530830 -0.195819 0.122628
v 0.591737 -0.108080 0.060122
v 0.563836 -0.112034 0.127012
v 0.557174 -0.195819 0.057980
v 0.557174 -0.195819 -0.065652
v 0.530830 -0.195819 -0.130299
v 0.591737 -0.108080 -0.067794
v 0.563836 -0.112034 -0.134683
v 0.175866 -0.699112 0.196290
v 0.251504 -0.680738 0.122628
v 0.225757 -0.635775 0.189586
v 0.196509 -0.750549 0.127012
v 0.175866 -0.699112 -0.203961
v 0.251504 -0.680738 -0.130299
v 0.196509 -0.750549 -0.134683
v 0.225757 -0.635775 -0.197256
v 0.560684 -0.334843 0.127012
v 0.591737 -0.283557 0.060122
v 0.563835 -0.279603 0.127012
v 0.588436 -0.341408 0.060122
v 0.591737 -0.283557 -0.067794
v 0.560684 -0.334843 -0.134683
v 0.563836 -0.279603 -0.134683
v 0.588436 -0.341408 -0.067794
v 0.588436 -0.050229 0.060122
v 0.598742 -0.107090 -0.003835
v 0.595403 -0.048585 -0.003835
v 0.591737 -0.108080 0.060122
v 0.595403 -0.048585 -0.003835
v 0.598742 -0.107090 -0.003835
v 0.588436 -0.050229 -0.067794
v 0.591737 -0.108080 -0.067794
v 0.482650 -0.430064 0.196290
v 0.560684 -0.334843 0.127012
v 0.506271 -0.321955 0.196290
v 0.534649 -0.454001 0.127012
v 0.534649 -0.454001 -0.134683
v 0.482650 -0.430064 -0.203962
v 0.560684 -0.334843 -0.134683
v 0.506271 -0.321955 -0.203962
v 0.560684 -0.056793 0.127012
v 0.591737 -0.108080 0.060122
v 0.588436 -0.050229 0.060122
v 0.563836 -0.112034 0.127012
v 0.588436 -0.050229 -0.067794
v 0.591737 -0.108080 -0.067794
v 0.560684 -0.056793 -0.134683
v 0.563836 -0.112034 -0.134683
v 0.479181 -0.195819 0.189586
v 0.563836 -0.112034 0.127012
v 0.509130 -0.119800 0.196290
v 0.563836 -0.112034 -0.134683
v 0.479181 -0.195819 -0.197257
v 0.509130 -0.119800 -0.203962
v 0.530830 -0.195819 -0.130299
v 0.479181 -0.195819 -0.197257
v 0.563836 -0.112034 -0.134683
v 0.595403 -0.048585 -0.003835
v 0.561171 0.074562 0.060122
v 0.588436 -0.050229 0.060122
v 0.567830 0.077618 -0.003835
v 0.588436 -0.050229 -0.067794
v 0.561171 0.074562 -0.067794
v 0.595403 -0.048585 -0.003835
v 0.567830 0.077618 -0.003835
v 0.560684 -0.334843 -0.134683
v 0.506271 -0.321955 -0.203962
v 0.563836 -0.279603 -0.134683
v 0.509130 -0.271836 -0.203962
v 0.506271 -0.321955 0.196290
v 0.563835 -0.279603 0.127012
v 0.509130 -0.271836 0.196290
v 0.560684 -0.334843 0.127012
v 0.561171 0.074562 -0.067794
v 0.588436 -0.050229 -0.067794
v 0.534649 0.062365 -0.134683
v 0.560684 -0.056793 -0.134683
v 0.588436 -0.050229 0.060122
v 0.534649 0.062365 0.127012
v 0.560684 -0.056793 0.127012
v 0.561171 0.074562 0.060122
v 0.537335 0.130654 0.060122
v 0.567830 0.077618 -0.003835
v 0.543725 0.134346 -0.003835
v 0.561171 0.074562 0.060122
v 0.543725 0.134346 -0.003835
v 0.567830 0.077618 -0.003835
v 0.537335 0.130654 -0.067794
v 0.561171 0.074562 -0.067794
v 0.563836 -0.112034 0.127012
v 0.479181 -0.195819 0.189586
v 0.530830 -0.195819 0.122628
v 0.563836 -0.112034 -0.134683
v 0.506271 -0.069681 -0.203962
v 0.560684 -0.056793 -0.134683
v 0.509130 -0.119800 -0.203962
v 0.506271 -0.069681 0.196290
v 0.509130 -0.119800 0.196290
v 0.563836 -0.112034 0.127012
v 0.560684 -0.056793 0.127012
v 0.561171 0.074562 0.060122
v 0.511889 0.115927 0.127011
v 0.534649 0.062365 0.127012
v 0.537335 0.130654 0.060122
v 0.537335 0.130654 -0.067794
v 0.561171 0.074562 -0.067794
v 0.511889 0.115927 -0.134683
v 0.534649 0.062365 -0.134683
v 0.560684 -0.056793 -0.134683
v 0.482650 0.038427 -0.203962
v 0.534649 0.062365 -0.134683
v 0.506271 -0.069681 -0.203962
v 0.482651 0.038427 0.196290
v 0.506271 -0.069681 0.196290
v 0.560684 -0.056793 0.127012
v 0.534649 0.062365 0.127012
v -0.068807 0.530423 -0.041368
v -0.097039 0.692658 -0.065112
v -0.113435 0.692658 -0.047173
v -0.123711 0.692658 -0.026265
v -0.127686 0.696936 -0.027160
v -0.131360 0.696936 -0.003835
v 0.506676 0.183632 -0.003835
v 0.543725 0.134346 -0.003835
v 0.500702 0.179389 -0.067794
v 0.537335 0.130654 -0.067794
v 0.500702 0.179389 0.060122
v 0.543725 0.134346 -0.003835
v 0.506676 0.183632 -0.003835
v 0.537335 0.130654 0.060122
v 0.482651 0.038427 0.196290
v 0.534649 0.062365 0.127012
v 0.462002 0.087022 0.196290
v 0.511889 0.115927 0.127011
v 0.534649 0.062365 -0.134683
v 0.462002 0.087022 -0.203962
v 0.511889 0.115927 -0.134683
v 0.482650 0.038427 -0.203962
v 0.476909 0.162462 -0.134683
v 0.500702 0.179389 -0.067794
v 0.537335 0.130654 -0.067794
v 0.511889 0.115927 -0.134683
v 0.537335 0.130654 0.060122
v 0.476909 0.162462 0.127011
v 0.511889 0.115927 0.127011
v 0.500702 0.179389 0.060122
v -0.127686 0.696936 0.019489
v 0.068567 0.661564 0.074157
v 0.071199 0.679100 0.076370
v 0.068548 0.688057 0.074140
v 0.092658 0.679100 0.052890
v 0.089434 0.661564 0.051325
v 0.106108 0.679100 0.025521
v 0.102513 0.661564 0.024712
v 0.089410 0.688057 0.051313
v 0.110732 0.679100 -0.003835
v 0.107009 0.661564 -0.003835
v 0.102513 0.661564 -0.032383
v 0.102487 0.688057 0.024705
v 0.106983 0.688057 -0.003835
v 0.106108 0.679100 -0.033193
v 0.089434 0.661564 -0.058995
v 0.102487 0.688057 -0.032377
v 0.092658 0.679100 -0.060560
v 0.068567 0.661564 -0.081828
v 0.089410 0.688057 -0.058985
v 0.071198 0.679100 -0.084041
v 0.068547 0.688057 -0.081811
v 0.598742 -0.284546 -0.003835
v 0.557174 -0.195819 -0.065652
v 0.563788 -0.195819 -0.003835
v 0.591737 -0.283557 -0.067794
v 0.557174 -0.195819 0.057980
v 0.591737 -0.283557 0.060122
v 0.598742 -0.284546 -0.003835
v 0.563788 -0.195819 -0.003835
v 0.591737 -0.283557 -0.067794
v 0.530830 -0.195819 -0.130299
v 0.557174 -0.195819 -0.065652
v 0.563836 -0.279603 -0.134683
v 0.530830 -0.195819 0.122628
v 0.563835 -0.279603 0.127012
v 0.591737 -0.283557 0.060122
v 0.557174 -0.195819 0.057980
v 0.479181 -0.195819 0.189586
v 0.563835 -0.279603 0.127012
v 0.530830 -0.195819 0.122628
v 0.563836 -0.279603 -0.134683
v 0.509130 -0.271836 -0.203962
v 0.479181 -0.195819 -0.197257
v 0.479181 -0.195819 0.189586
v 0.509130 -0.271836 0.196290
v 0.563835 -0.279603 0.127012
v 0.267947 0.317760 -0.003835
v 0.207047 0.385126 0.060122
v 0.264645 0.312016 0.057980
v 0.209698 0.391698 -0.003835
v 0.267947 0.317760 -0.003835
v 0.207047 0.385126 -0.067794
v 0.209698 0.391698 -0.003835
v 0.264643 0.312016 -0.065651
v 0.264643 0.312016 -0.065651
v 0.196509 0.358912 -0.134683
v 0.207047 0.385126 -0.067794
v 0.251504 0.289102 -0.130299
v 0.264645 0.312016 0.057980
v 0.196509 0.358912 0.127012
v 0.251504 0.289102 0.122628
v 0.207047 0.385126 0.060122
v 0.251504 0.289102 -0.130299
v 0.175866 0.307476 -0.203962
v 0.196509 0.358912 -0.134683
v 0.225757 0.244139 -0.197256
v 0.251504 0.289102 0.122628
v 0.175866 0.307476 0.196290
v 0.225757 0.244139 0.189586
v 0.196509 0.358912 0.127012
v 0.530830 -0.195819 -0.130299
v 0.563836 -0.279603 -0.134683
v 0.479181 -0.195819 -0.197257
v -0.085142 0.530423 -0.017574
v -0.127243 0.692658 -0.003835
v -0.087904 0.530423 -0.003835
v -0.085142 0.530423 0.009903
v -0.123711 0.692658 0.018593
v -0.079365 0.530423 0.022961
v -0.068807 0.530423 0.033697
v -0.079365 0.530423 -0.030632
v -0.113435 0.692658 0.039502
v -0.097041 0.692658 0.057440
v 0.055407 0.561796 -0.042475
v 0.023908 0.426516 -0.027180
v 0.014771 0.426516 -0.036588
v 0.040790 0.561797 -0.058469
v 0.089434 0.661564 -0.058995
v 0.068567 0.661564 -0.081828
v 0.055407 0.561796 -0.042475
v 0.014772 0.426516 0.028917
v 0.055407 0.561796 0.034804
v 0.040790 0.561797 0.050798
v 0.023908 0.426516 0.019510
v 0.055407 0.561796 0.034804
v 0.089434 0.661564 0.051325
v 0.068567 0.661564 0.074157
v 0.023908 0.426516 0.019510
v 0.064570 0.561797 0.016161
v 0.055407 0.561796 0.034804
v 0.029027 0.426516 0.008153
v 0.102513 0.661564 0.024712
v 0.064570 0.561797 0.016161
v 0.089434 0.661564 0.051325
v 0.064570 0.561797 -0.023832
v 0.029027 0.426516 -0.015824
v 0.023908 0.426516 -0.027180
v 0.055407 0.561796 -0.042475
v 0.102513 0.661564 -0.032383
v 0.089434 0.661564 -0.058995
v 0.064570 0.561797 -0.023832
v 0.067719 0.561796 -0.003835
v 0.031346 0.426516 -0.003835
v 0.029027 0.426516 -0.015824
v 0.064570 0.561797 -0.023832
v 0.107009 0.661564 -0.003835
v 0.102513 0.661564 -0.032383
v 0.067719 0.561796 -0.003835
v 0.029027 0.426516 0.008153
v 0.067719 0.561796 -0.003835
v 0.064570 0.561797 0.016161
v 0.031346 0.426516 -0.003835
v 0.107009 0.661564 -0.003835
v 0.067719 0.561796 -0.003835
v 0.102513 0.661564 0.024712
v -0.084615 -0.839369 0.060124
v -0.024032 -0.854067 -0.003835
v -0.024066 -0.846697 0.060124
v -0.085266 -0.846647 -0.003835
v 0.036323 -0.839369 0.060124
v -0.024032 -0.854067 -0.003835
v 0.037042 -0.846647 -0.003835
v -0.024066 -0.846697 0.060124
v -0.024032 -0.854067 -0.003835
v 0.036323 -0.839369 -0.067793
v 0.037042 -0.846647 -0.003835
v -0.024067 -0.846697 -0.067793
v -0.024032 -0.854067 -0.003835
v -0.084615 -0.839369 -0.067793
v -0.024067 -0.846697 -0.067793
v -0.085266 -0.846647 -0.003835
v -0.085266 -0.846647 -0.003835
v -0.210466 -0.808745 -0.003835
v -0.208413 -0.801888 -0.067793
v -0.084615 -0.839369 -0.067793
v -0.208413 -0.801888 0.060124
v -0.085266 -0.846647 -0.003835
v -0.084615 -0.839369 0.060124
v -0.210466 -0.808745 -0.003835
v 0.156454 -0.801888 0.060124
v 0.037042 -0.846647 -0.003835
v 0.158531 -0.808745 -0.003835
v 0.036323 -0.839369 0.060124
v 0.037042 -0.846647 -0.003835
v 0.156454 -0.801888 -0.067793
v 0.158531 -0.808745 -0.003835
v 0.036323 -0.839369 -0.067793
v -0.261559 -0.776763 0.060124
v -0.210466 -0.808745 -0.003835
v -0.208413 -0.801888 0.060124
v -0.264212 -0.783334 -0.003835
v -0.210466 -0.808745 -0.003835
v -0.261559 -0.776763 -0.067793
v -0.208413 -0.801888 -0.067793
v -0.264212 -0.783334 -0.003835
v 0.207047 -0.776763 0.060124
v 0.158531 -0.808745 -0.003835
v 0.209696 -0.783334 -0.003835
v 0.156454 -0.801888 0.060124
v 0.158531 -0.808745 -0.003835
v 0.207047 -0.776763 -0.067794
v 0.209696 -0.783334 -0.003835
v 0.156454 -0.801888 -0.067793
v 0.033491 -0.810330 0.127012
v -0.024066 -0.846697 0.060124
v 0.036323 -0.839369 0.060124
v -0.024172 -0.817331 0.127012
v -0.024067 -0.846697 -0.067793
v 0.033491 -0.810330 -0.134683
v 0.036323 -0.839369 -0.067793
v -0.024174 -0.817331 -0.134681
v 0.406003 -0.657684 0.060122
v 0.361786 -0.695448 -0.003835
v 0.410905 -0.662907 -0.003835
v 0.357435 -0.689860 0.060122
v -0.081989 -0.810331 0.127012
v -0.024066 -0.846697 0.060124
v -0.024172 -0.817331 0.127012
v -0.084615 -0.839369 0.060124
v -0.200199 -0.774540 0.127012
v -0.208413 -0.801888 0.060124
v -0.081989 -0.810331 0.127012
v -0.024067 -0.846697 -0.067793
v -0.081989 -0.810330 -0.134681
v -0.024174 -0.817331 -0.134681
v -0.084615 -0.839369 -0.067793
v -0.200199 -0.774540 -0.134681
v -0.081989 -0.810330 -0.134681
v -0.208413 -0.801888 -0.067793
v 0.361786 -0.695448 -0.003835
v 0.406003 -0.657684 -0.067794
v 0.410905 -0.662907 -0.003835
v 0.357435 -0.689860 -0.067794
v -0.457963 -0.657684 0.060124
v -0.416304 -0.695448 -0.003835
v -0.411946 -0.689860 0.060124
v -0.462841 -0.662907 -0.003835
v -0.416304 -0.695448 -0.003835
v -0.457963 -0.657684 -0.067793
v -0.411946 -0.689860 -0.067793
v -0.462841 -0.662907 -0.003835
v 0.036323 -0.839369 -0.067793
v 0.148199 -0.774540 -0.134683
v 0.156454 -0.801888 -0.067793
v 0.033491 -0.810330 -0.134683
v 0.148199 -0.774540 0.127012
v 0.036323 -0.839369 0.060124
v 0.156454 -0.801888 0.060124
v 0.033491 -0.810330 0.127012
v 0.410905 -0.662907 -0.003835
v 0.500702 -0.571026 -0.067794
v 0.506676 -0.575268 -0.003835
v 0.406003 -0.657684 -0.067794
v 0.500702 -0.571026 0.060124
v 0.410905 -0.662907 -0.003835
v 0.506676 -0.575268 -0.003835
v 0.406003 -0.657684 0.060122
v -0.554902 -0.575268 -0.003835
v -0.548993 -0.571026 -0.067793
v -0.462841 -0.662907 -0.003835
v -0.457963 -0.657684 -0.067793
v -0.548993 -0.571026 0.060124
v -0.462841 -0.662907 -0.003835
v -0.457963 -0.657684 0.060124
v -0.554902 -0.575268 -0.003835
v -0.250946 -0.750549 0.127012
v -0.208413 -0.801888 0.060124
v -0.200199 -0.774540 0.127012
v -0.261559 -0.776763 0.060124
v -0.208413 -0.801888 -0.067793
v -0.250946 -0.750549 -0.134683
v -0.200199 -0.774540 -0.134681
v -0.261559 -0.776763 -0.067793
v 0.156454 -0.801888 0.060124
v 0.196509 -0.750549 0.127012
v 0.148199 -0.774540 0.127012
v 0.207047 -0.776763 0.060124
v 0.156454 -0.801888 -0.067793
v 0.196509 -0.750549 -0.134683
v 0.207047 -0.776763 -0.067794
v 0.148199 -0.774540 -0.134683
v -0.323735 -0.709397 -0.003835
v -0.416304 -0.695448 -0.003835
v -0.411946 -0.689860 -0.067793
v -0.320415 -0.703652 -0.065650
v -0.411946 -0.689860 0.060124
v -0.323735 -0.709397 -0.003835
v -0.320415 -0.703652 0.057981
v -0.416304 -0.695448 -0.003835
v 0.267947 -0.709397 -0.003835
v 0.357435 -0.689860 -0.067794
v 0.361786 -0.695448 -0.003835
v 0.264645 -0.703652 -0.065650
v 0.357435 -0.689860 0.060122
v 0.264643 -0.703652 0.057980
v 0.267947 -0.709397 -0.003835
v 0.361786 -0.695448 -0.003835
v 0.357435 -0.689860 0.060122
v 0.386485 -0.636845 0.127012
v 0.340108 -0.667569 0.127012
v 0.406003 -0.657684 0.060122
v 0.357435 -0.689860 -0.067794
v 0.386485 -0.636845 -0.134683
v 0.406003 -0.657684 -0.067794
v 0.340108 -0.667569 -0.134683
v -0.438486 -0.636845 0.127012
v -0.411946 -0.689860 0.060124
v -0.394546 -0.667569 0.127012
v -0.457963 -0.657684 0.060124
v -0.438486 -0.636845 -0.134681
v -0.411946 -0.689860 -0.067793
v -0.457963 -0.657684 -0.067793
v -0.394546 -0.667569 -0.134681
v 0.406003 -0.657684 0.060122
v 0.476909 -0.554097 0.127012
v 0.386485 -0.636845 0.127012
v 0.500702 -0.571026 0.060124
v 0.406003 -0.657684 -0.067794
v 0.476909 -0.554097 -0.134683
v 0.500702 -0.571026 -0.067794
v 0.386485 -0.636845 -0.134683
v -0.548993 -0.571026 -0.067793
v -0.525407 -0.554097 -0.134681
v -0.457963 -0.657684 -0.067793
v -0.438486 -0.636845 -0.134681
v -0.525407 -0.554097 0.127012
v -0.457963 -0.657684 0.060124
v -0.438486 -0.636845 0.127012
v -0.548993 -0.571026 0.060124
v -0.394546 -0.667569 0.127012
v -0.320415 -0.703652 0.057981
v -0.307148 -0.680738 0.122628
v -0.411946 -0.689860 0.060124
v -0.320415 -0.703652 -0.065650
v -0.411946 -0.689860 -0.067793
v -0.394546 -0.667569 -0.134681
v -0.307148 -0.680738 -0.130299
v 0.340108 -0.667569 0.127012
v 0.251504 -0.680738 0.122628
v 0.264643 -0.703652 0.057980
v 0.357435 -0.689860 0.060122
v 0.264645 -0.703652 -0.065650
v 0.340108 -0.667569 -0.134683
v 0.357435 -0.689860 -0.067794
v 0.251504 -0.680738 -0.130299
v -0.081989 -0.810330 -0.134681
v -0.076807 -0.753350 -0.203961
v -0.024174 -0.817331 -0.134681
v -0.024352 -0.759702 -0.203961
v -0.076807 -0.753350 0.196292
v -0.024172 -0.817331 0.127012
v -0.024352 -0.759702 0.196292
v -0.081989 -0.810331 0.127012
v -0.024174 -0.817331 -0.134681
v 0.027965 -0.753350 -0.203961
v 0.033491 -0.810330 -0.134683
v -0.024352 -0.759702 -0.203961
v 0.027965 -0.753350 0.196290
v -0.024352 -0.759702 0.196292
v -0.024172 -0.817331 0.127012
v 0.033491 -0.810330 0.127012
v -0.200199 -0.774540 -0.134681
v -0.184055 -0.720879 -0.203961
v -0.081989 -0.810330 -0.134681
v -0.076807 -0.753350 -0.203961
v -0.184055 -0.720879 0.196292
v -0.081989 -0.810331 0.127012
v -0.076807 -0.753350 0.196292
v -0.200199 -0.774540 0.127012
v 0.132036 -0.720879 0.196290
v 0.027965 -0.753350 0.196290
v 0.033491 -0.810330 0.127012
v 0.148199 -0.774540 0.127012
v 0.033491 -0.810330 -0.134683
v 0.132036 -0.720879 -0.203961
v 0.148199 -0.774540 -0.134683
v 0.027965 -0.753350 -0.203961
v -0.250946 -0.750549 -0.134683
v -0.230096 -0.699112 -0.203961
v -0.200199 -0.774540 -0.134681
v -0.184055 -0.720879 -0.203961
v -0.230096 -0.699112 0.196292
v -0.200199 -0.774540 0.127012
v -0.184055 -0.720879 0.196292
v -0.250946 -0.750549 0.127012
v 0.132036 -0.720879 0.196290
v 0.148199 -0.774540 0.127012
v 0.175866 -0.699112 0.196290
v 0.196509 -0.750549 0.127012
v 0.148199 -0.774540 -0.134683
v 0.175866 -0.699112 -0.203961
v 0.196509 -0.750549 -0.134683
v 0.132036 -0.720879 -0.203961
v 0.340108 -0.667569 -0.134683
v 0.348225 -0.595951 -0.203962
v 0.386485 -0.636845 -0.134683
v 0.306149 -0.623827 -0.203962
v 0.306149 -0.623827 0.196290
v 0.340108 -0.667569 0.127012
v 0.348225 -0.595951 0.196290
v 0.386485 -0.636845 0.127012
v -0.438486 -0.636845 -0.134681
v -0.400245 -0.595951 -0.203961
v -0.394546 -0.667569 -0.134681
v -0.360380 -0.623827 -0.203961
v -0.400245 -0.595953 0.196292
v -0.394546 -0.667569 0.127012
v -0.360380 -0.623827 0.196292
v -0.438486 -0.636845 0.127012
v -0.360380 -0.623827 -0.203961
v -0.307148 -0.680738 -0.130299
v -0.394546 -0.667569 -0.134681
v -0.281091 -0.635775 -0.197256
v -0.360380 -0.623827 0.196292
v -0.307148 -0.680738 0.122628
v -0.281091 -0.635775 0.189587
v -0.394546 -0.667569 0.127012
v 0.306149 -0.623827 0.196290
v 0.225757 -0.635775 0.189586
v 0.251504 -0.680738 0.122628
v 0.340108 -0.667569 0.127012
v 0.340108 -0.667569 -0.134683
v 0.251504 -0.680738 -0.130299
v 0.306149 -0.623827 -0.203962
v 0.225757 -0.635775 -0.197256
v 0.386485 -0.636845 -0.134683
v 0.430264 -0.520877 -0.203962
v 0.476909 -0.554097 -0.134683
v 0.348225 -0.595951 -0.203962
v -0.438486 -0.636845 -0.134681
v -0.525407 -0.554097 -0.134681
v -0.479106 -0.520877 -0.203961
v -0.400245 -0.595951 -0.203961
v 0.476909 -0.554097 -0.134683
v 0.462002 -0.478659 -0.203962
v 0.511889 -0.507563 -0.134683
v 0.430264 -0.520877 -0.203962
v -0.560235 -0.507563 -0.134681
v -0.510704 -0.478657 -0.203961
v -0.525407 -0.554097 -0.134681
v -0.479106 -0.520877 -0.203961
v -0.024569 -0.686226 -0.261206
v -0.076807 -0.753350 -0.203961
v -0.070190 -0.680703 -0.261206
v -0.024352 -0.759702 -0.203961
v -0.024569 -0.686226 -0.261206
v 0.020930 -0.680703 -0.261206
v 0.027965 -0.753350 -0.203961
v -0.024352 -0.759702 -0.203961
v -0.070190 -0.680703 -0.261206
v -0.184055 -0.720879 -0.203961
v -0.203504 -0.633532 -0.261207
v -0.230096 -0.699112 -0.203961
v -0.076807 -0.753350 -0.203961
v 0.020930 -0.680703 -0.261206
v 0.149559 -0.633532 -0.261207
v 0.132036 -0.720879 -0.203961
v 0.175866 -0.699112 -0.203961
v 0.027965 -0.753350 -0.203961
v 0.262867 -0.568056 -0.261207
v 0.225757 -0.635775 -0.197256
v 0.192943 -0.578448 -0.252585
v 0.306149 -0.623827 -0.203962
v -0.247861 -0.578448 -0.252584
v -0.281091 -0.635775 -0.197256
v -0.316812 -0.568056 -0.261206
v -0.360380 -0.623827 -0.203961
v -0.400245 -0.595951 -0.203961
v -0.479106 -0.520877 -0.203961
v -0.420068 -0.478522 -0.261206
v -0.316812 -0.568056 -0.261206
v -0.360380 -0.623827 -0.203961
v 0.430264 -0.520877 -0.203962
v 0.398411 -0.441804 -0.261207
v 0.462002 -0.478659 -0.203962
v 0.370809 -0.478522 -0.261207
v 0.348225 -0.595951 -0.203962
v 0.370809 -0.478522 -0.261207
v 0.262867 -0.568056 -0.261207
v 0.306149 -0.623827 -0.203962
v -0.510704 -0.478657 -0.203961
v -0.447549 -0.441804 -0.261206
v -0.479106 -0.520877 -0.203961
v -0.420068 -0.478522 -0.261206
v -0.534515 -0.195819 -0.197256
v -0.493344 -0.129706 -0.261206
v -0.468264 -0.195819 -0.252584
v -0.281091 -0.635775 -0.197256
v -0.203504 -0.633532 -0.261207
v -0.230096 -0.699112 -0.203961
v -0.247861 -0.578448 -0.252584
v 0.149559 -0.633532 -0.261207
v 0.225757 -0.635775 -0.197256
v 0.175866 -0.699112 -0.203961
v 0.192943 -0.578448 -0.252585
v 0.192943 -0.578448 -0.252585
v 0.218575 -0.510983 -0.294003
v 0.262867 -0.568056 -0.261207
v -0.493344 -0.129706 -0.261206
v -0.534515 -0.195819 -0.197256
v -0.563361 -0.119800 -0.203961
v 0.479181 -0.195819 -0.197257
v 0.439399 -0.129706 -0.261207
v 0.509130 -0.119800 -0.203962
v 0.413345 -0.195819 -0.252585
v -0.247861 -0.578448 -0.252584
v -0.272225 -0.510983 -0.294002
v -0.213855 -0.519781 -0.284280
v -0.316812 -0.568056 -0.261206
v -0.493344 -0.261930 -0.261206
v -0.558291 -0.321955 -0.203961
v -0.563361 -0.271836 -0.203961
v -0.465628 -0.399541 -0.261206
v -0.531492 -0.430064 -0.203961
v -0.447549 -0.441804 -0.261206
v -0.465628 -0.399541 -0.261206
v -0.510704 -0.478657 -0.203961
v -0.070190 -0.680703 -0.261206
v -0.203504 -0.633532 -0.261207
v -0.176291 -0.566421 -0.294002
v -0.024791 -0.611036 -0.294002
v -0.024569 -0.686226 -0.261206
v 0.020930 -0.680703 -0.261206
v 0.122640 -0.566421 -0.294002
v 0.149559 -0.633532 -0.261207
v -0.024791 -0.611036 -0.294002
v -0.024569 -0.686226 -0.261206
v 0.462002 -0.478659 -0.203962
v 0.398411 -0.441804 -0.261207
v 0.482650 -0.430064 -0.203962
v 0.416370 -0.399541 -0.261207
v 0.506271 -0.321955 -0.203962
v 0.416370 -0.399541 -0.261207
v 0.439399 -0.261932 -0.261207
v 0.509130 -0.271836 -0.203962
v 0.159364 -0.519781 -0.284282
v 0.218575 -0.510983 -0.294003
v 0.192943 -0.578448 -0.252585
v -0.176291 -0.566421 -0.294002
v -0.024791 -0.611036 -0.294002
v -0.070190 -0.680703 -0.261206
v 0.122640 -0.566421 -0.294002
v 0.020930 -0.680703 -0.261206
v -0.024791 -0.611036 -0.294002
v 0.398411 -0.441804 -0.261207
v 0.370809 -0.478522 -0.261207
v 0.333337 -0.404089 -0.294003
v 0.218575 -0.510983 -0.294003
v 0.262867 -0.568056 -0.261207
v -0.447549 -0.441804 -0.261206
v -0.382917 -0.404089 -0.294002
v -0.420068 -0.478522 -0.261206
v -0.272225 -0.510983 -0.294002
v -0.316812 -0.568056 -0.261206
v 0.020456 0.530423 0.033697
v 0.007689 0.530423 0.042578
v 0.027359 0.692658 0.071228
v -0.007839 0.530423 0.047435
v -0.024175 0.530423 0.049757
v -0.040512 0.530423 0.047435
v 0.002495 0.692658 0.079869
v 0.003560 0.696936 0.083212
v -0.024175 0.696936 0.086302
v -0.024175 0.692658 0.082840
v -0.050846 0.692658 0.079869
v -0.056039 0.530423 0.042578
v -0.024175 0.688057 -0.114133
v -0.058114 0.688057 -0.110353
v -0.024175 0.679100 -0.117286
v -0.089754 0.688057 -0.099357
v -0.116898 0.688057 -0.081811
v -0.116918 0.661564 -0.081828
v -0.119549 0.679100 -0.084041
v -0.091628 0.679100 -0.102086
v -0.089767 0.661564 -0.099376
v -0.059084 0.679100 -0.113397
v -0.058121 0.661564 -0.110375
v -0.024175 0.661564 -0.114156
v 0.370809 -0.478522 -0.261207
v 0.218575 -0.510983 -0.294003
v 0.333337 -0.404089 -0.294003
v -0.272225 -0.510983 -0.294002
v -0.420068 -0.478522 -0.261206
v -0.382917 -0.404089 -0.294002
v 0.413345 -0.195819 -0.252585
v 0.368041 -0.139842 -0.294003
v 0.439399 -0.129706 -0.261207
v -0.421692 -0.139842 -0.294002
v -0.468264 -0.195819 -0.252584
v -0.493344 -0.129706 -0.261206
v -0.400465 -0.195819 -0.284280
v 0.368041 -0.139842 -0.294003
v 0.413345 -0.195819 -0.252585
v 0.345974 -0.195819 -0.284282
v -0.176291 -0.566421 -0.294002
v -0.203504 -0.633532 -0.261207
v -0.247861 -0.578448 -0.252584
v 0.416370 0.007905 -0.261209
v 0.506271 -0.069681 -0.203962
v 0.439399 -0.129706 -0.261207
v 0.509130 -0.119800 -0.203962
v 0.482650 0.038427 -0.203962
v 0.398411 0.050167 -0.261209
v 0.462002 0.087022 -0.203962
v 0.416370 0.007905 -0.261209
v -0.421692 -0.251794 -0.294002
v -0.465628 -0.399541 -0.261206
v -0.493344 -0.261930 -0.261206
v -0.447549 -0.441804 -0.261206
v -0.382917 -0.404089 -0.294002
v 0.122640 -0.566421 -0.294002
v 0.192943 -0.578448 -0.252585
v 0.149559 -0.633532 -0.261207
v 0.159364 -0.519781 -0.284282
v -0.465628 0.007905 -0.261206
v -0.493344 -0.129706 -0.261206
v -0.558291 -0.069681 -0.203961
v -0.563361 -0.119800 -0.203961
v -0.531492 0.038427 -0.203961
v -0.447549 0.050167 -0.261206
v -0.510704 0.087022 -0.203961
v -0.465628 0.007905 -0.261206
v 0.398411 -0.441804 -0.261207
v 0.333337 -0.404089 -0.294003
v 0.416370 -0.399541 -0.261207
v 0.368041 -0.251794 -0.294003
v 0.439399 -0.261932 -0.261207
v -0.051911 0.696936 0.083212
v -0.075709 0.692658 0.071228
v -0.077768 0.696936 0.074226
v 0.068567 0.661564 -0.081828
v 0.071198 0.679100 -0.084041
v 0.068547 0.688057 -0.081811
v 0.043278 0.679100 -0.102086
v 0.041418 0.661564 -0.099376
v 0.041403 0.688057 -0.099357
v 0.010733 0.679100 -0.113397
v 0.009771 0.661564 -0.110375
v -0.024175 0.679100 -0.117286
v -0.024175 0.661564 -0.114156
v 0.009763 0.688057 -0.110353
v -0.024175 0.688057 -0.114133
v 0.029417 0.696936 0.074226
v 0.048690 0.692658 0.057441
v -0.247861 -0.578448 -0.252584
v -0.213855 -0.519781 -0.284280
v -0.176291 -0.566421 -0.294002
v -0.465628 -0.399541 -0.261206
v -0.421692 -0.251794 -0.294002
v -0.382917 -0.404089 -0.294002
v 0.368041 -0.251794 -0.294003
v 0.416370 -0.399541 -0.261207
v 0.333337 -0.404089 -0.294003
v 0.462002 0.087022 -0.203962
v 0.430264 0.129242 -0.203962
v 0.476909 0.162462 -0.134683
v 0.511889 0.115927 -0.134683
v -0.510704 0.087022 -0.203961
v -0.525407 0.162462 -0.134681
v -0.479106 0.129242 -0.203961
v -0.560235 0.115927 -0.134681
v 0.122640 -0.566421 -0.294002
v -0.025010 -0.536462 -0.311834
v 0.159364 -0.519781 -0.284282
v -0.024791 -0.611036 -0.294002
v 0.268798 -0.366683 -0.311835
v 0.218575 -0.510983 -0.294003
v 0.333337 -0.404089 -0.294003
v -0.318817 -0.366683 -0.311834
v -0.272225 -0.510983 -0.294002
v -0.382917 -0.404089 -0.294002
v -0.213855 -0.519781 -0.284280
v -0.025010 -0.536462 -0.311834
v -0.176291 -0.566421 -0.294002
v -0.024791 -0.611036 -0.294002
v 0.368041 -0.139842 -0.294003
v 0.416370 0.007905 -0.261209
v 0.439399 -0.129706 -0.261207
v 0.333337 0.012452 -0.294003
v 0.398411 0.050167 -0.261209
v -0.447549 0.050167 -0.261206
v -0.479106 0.129242 -0.203961
v -0.420068 0.086886 -0.261206
v -0.510704 0.087022 -0.203961
v -0.382917 0.012452 -0.294002
v -0.465628 0.007905 -0.261206
v -0.447549 0.050167 -0.261206
v -0.421692 -0.139842 -0.294002
v -0.493344 -0.129706 -0.261206
v -0.438486 0.245209 -0.134683
v -0.479106 0.129242 -0.203961
v -0.525407 0.162462 -0.134681
v -0.400245 0.204315 -0.203961
v 0.416370 0.007905 -0.261209
v 0.368041 -0.139842 -0.294003
v 0.333337 0.012452 -0.294003
v 0.386485 0.245209 -0.134683
v 0.430264 0.129242 -0.203962
v 0.348227 0.204315 -0.203962
v 0.476909 0.162462 -0.134683
v -0.382917 0.012452 -0.294002
v -0.421692 -0.139842 -0.294002
v -0.465628 0.007905 -0.261206
v -0.534515 -0.195819 -0.197256
v -0.493344 -0.261930 -0.261206
v -0.468264 -0.195819 -0.252584
v -0.534515 -0.195819 -0.197256
v -0.493344 -0.261930 -0.261206
v -0.563361 -0.271836 -0.203961
v 0.398411 0.050167 -0.261209
v 0.370809 0.086886 -0.261209
v 0.430264 0.129242 -0.203962
v 0.462002 0.087022 -0.203962
v 0.370809 0.086886 -0.261209
v 0.348227 0.204315 -0.203962
v 0.262867 0.176420 -0.261207
v 0.306149 0.232191 -0.203962
v 0.479181 -0.195819 -0.197257
v 0.509130 -0.271836 -0.203962
v 0.439399 -0.261932 -0.261207
v -0.420068 0.086886 -0.261206
v -0.400245 0.204315 -0.203961
v -0.316812 0.176420 -0.261207
v -0.360380 0.232191 -0.203961
v -0.479106 0.129242 -0.203961
v 0.268798 -0.024953 -0.311835
v 0.345974 -0.195819 -0.284282
v 0.268798 -0.366683 -0.311835
v 0.368041 -0.251794 -0.294003
v 0.333337 -0.404089 -0.294003
v 0.368041 -0.139842 -0.294003
v 0.333337 0.012452 -0.294003
v -0.421692 -0.139842 -0.294002
v -0.318817 -0.024953 -0.311833
v -0.400465 -0.195819 -0.284280
v -0.382917 0.012452 -0.294002
v -0.318817 -0.366683 -0.311834
v -0.421692 -0.251794 -0.294002
v -0.382917 -0.404089 -0.294002
v 0.479181 -0.195819 -0.197257
v 0.413345 -0.195819 -0.252585
v 0.439399 -0.261932 -0.261207
v 0.368041 -0.251794 -0.294003
v 0.345974 -0.195819 -0.284282
v -0.247861 0.186811 -0.252585
v -0.281091 0.244139 -0.197256
v -0.203504 0.241896 -0.261207
v -0.230096 0.307476 -0.203961
v 0.149559 0.241896 -0.261207
v 0.225757 0.244139 -0.197256
v 0.192943 0.186811 -0.252585
v 0.175866 0.307476 -0.203962
v -0.420068 0.086886 -0.261206
v -0.316812 0.176420 -0.261207
v -0.272225 0.119348 -0.294002
v -0.382917 0.012452 -0.294002
v -0.447549 0.050167 -0.261206
v 0.370809 0.086886 -0.261209
v 0.218575 0.119348 -0.294003
v 0.262867 0.176420 -0.261207
v 0.333337 0.012452 -0.294003
v 0.398411 0.050167 -0.261209
v -0.272225 0.119348 -0.294002
v -0.382917 0.012452 -0.294002
v -0.420068 0.086886 -0.261206
v 0.218575 0.119348 -0.294003
v 0.370809 0.086886 -0.261209
v 0.333337 0.012452 -0.294003
v -0.213855 0.128146 -0.284280
v -0.247861 0.186811 -0.252585
v -0.176291 0.174785 -0.294002
v -0.203504 0.241896 -0.261207
v 0.192943 0.186811 -0.252585
v 0.122640 0.174785 -0.294003
v 0.149559 0.241896 -0.261207
v 0.122640 0.174785 -0.294003
v 0.192943 0.186811 -0.252585
v 0.159364 0.128146 -0.284282
v -0.024352 0.368064 -0.203962
v -0.024569 0.294589 -0.261207
v -0.076807 0.361714 -0.203962
v -0.070188 0.289066 -0.261207
v 0.027965 0.361714 -0.203962
v -0.024569 0.294589 -0.261207
v -0.024352 0.368064 -0.203962
v 0.020930 0.289066 -0.261207
v 0.149559 0.241896 -0.261207
v 0.132036 0.329243 -0.203962
v 0.175866 0.307476 -0.203962
v 0.020930 0.289066 -0.261207
v 0.027965 0.361714 -0.203962
v -0.184055 0.329243 -0.203961
v -0.076807 0.361714 -0.203962
v -0.070188 0.289066 -0.261207
v -0.203504 0.241896 -0.261207
v -0.230096 0.307476 -0.203961
v 0.368041 -0.251794 -0.294003
v 0.413345 -0.195819 -0.252585
v 0.439399 -0.261932 -0.261207
v 0.122640 0.174785 -0.294003
v 0.020930 0.289066 -0.261207
v 0.149559 0.241896 -0.261207
v -0.024791 0.219400 -0.294003
v -0.024569 0.294589 -0.261207
v -0.203504 0.241896 -0.261207
v -0.070188 0.289066 -0.261207
v -0.176291 0.174785 -0.294002
v -0.024569 0.294589 -0.261207
v -0.024791 0.219400 -0.294003
v 0.020930 0.289066 -0.261207
v 0.122640 0.174785 -0.294003
v -0.024791 0.219400 -0.294003
v -0.400465 -0.195819 -0.284280
v -0.421692 -0.251794 -0.294002
v -0.468264 -0.195819 -0.252584
v -0.493344 -0.261930 -0.261206
v -0.070188 0.289066 -0.261207
v -0.024791 0.219400 -0.294003
v -0.176291 0.174785 -0.294002
v -0.318817 -0.024953 -0.311833
v -0.213855 0.128146 -0.284280
v -0.025010 0.144827 -0.311835
v -0.176291 0.174785 -0.294002
v -0.024791 0.219400 -0.294003
v -0.272225 0.119348 -0.294002
v -0.382917 0.012452 -0.294002
v 0.218575 0.119348 -0.294003
v 0.268798 -0.024953 -0.311835
v 0.159364 0.128146 -0.284282
v 0.333337 0.012452 -0.294003
v -0.025010 0.144827 -0.311835
v 0.122640 0.174785 -0.294003
v -0.024791 0.219400 -0.294003
v -0.025010 -0.536462 -0.311834
v -0.318817 -0.366683 -0.311834
v 0.268798 -0.366683 -0.311835
v -0.318817 -0.366683 -0.311834
v 0.268798 -0.024953 -0.311835
v 0.268798 -0.366683 -0.311835
v -0.318817 -0.024953 -0.311833
v 0.268798 -0.024953 -0.311835
v -0.318817 -0.024953 -0.311833
v -0.025010 0.144827 -0.311835
v -0.247861 0.186811 -0.252585
v -0.272225 0.119348 -0.294002
v -0.316812 0.176420 -0.261207
v 0.218575 0.119348 -0.294003
v 0.192943 0.186811 -0.252585
v 0.262867 0.176420 -0.261207
v 0.262867 0.176420 -0.261207
v 0.225757 0.244139 -0.197256
v 0.306149 0.232191 -0.203962
v 0.192943 0.186811 -0.252585
v -0.281091 0.244139 -0.197256
v -0.316812 0.176420 -0.261207
v -0.360380 0.232191 -0.203961
v -0.247861 0.186811 -0.252585
v 0.192943 0.186811 -0.252585
v 0.218575 0.119348 -0.294003
v 0.159364 0.128146 -0.284282
v -0.272225 0.119348 -0.294002
v -0.247861 0.186811 -0.252585
v -0.213855 0.128146 -0.284280
v -0.068807 0.530423 0.033697
v -0.097041 0.692658 0.057440
v 0.003585 0.426516 -0.044271
v -0.000397 0.561797 -0.078465
v 0.021772 0.561797 -0.070762
v -0.009920 0.426516 -0.048577
v -0.024175 0.561797 -0.081114
v -0.038431 0.426516 -0.048577
v -0.047954 0.561797 -0.078465
v -0.024175 0.426516 -0.050527
v -0.024175 0.561797 -0.081114
v -0.009920 0.426516 -0.048577
v -0.024175 0.426516 -0.050527
v -0.000397 0.561797 -0.078465
v -0.047954 0.561797 -0.078465
v -0.051936 0.426516 -0.044271
v -0.070122 0.561797 -0.070762
v -0.038431 0.426516 -0.048577
v 0.014771 0.426516 -0.036588
v 0.021772 0.561797 -0.070762
v 0.040790 0.561797 -0.058469
v 0.003585 0.426516 -0.044271
v 0.041418 0.661564 -0.099376
v 0.021772 0.561797 -0.070762
v 0.068567 0.661564 -0.081828
v -0.070122 0.561797 -0.070762
v -0.063122 0.426516 -0.036588
v -0.089141 0.561797 -0.058469
v -0.051936 0.426516 -0.044271
v -0.089767 0.661564 -0.099376
v -0.070122 0.561797 -0.070762
v -0.116918 0.661564 -0.081828
v -0.024175 0.661564 -0.114156
v -0.000397 0.561797 -0.078465
v -0.024175 0.561797 -0.081114
v -0.000397 0.561797 -0.078465
v -0.024175 0.661564 -0.114156
v 0.009771 0.661564 -0.110375
v -0.024175 0.661564 -0.114156
v -0.047954 0.561797 -0.078465
v -0.058121 0.661564 -0.110375
v -0.024175 0.561797 -0.081114
v 0.021772 0.561797 -0.070762
v 0.009771 0.661564 -0.110375
v 0.041418 0.661564 -0.099376
v -0.000397 0.561797 -0.078465
v -0.058121 0.661564 -0.110375
v -0.070122 0.561797 -0.070762
v -0.089767 0.661564 -0.099376
v -0.047954 0.561797 -0.078465
v -0.585467 -0.522290 0.060124
v -0.616055 -0.469253 -0.003835
v -0.591789 -0.525982 -0.003835
v -0.609462 -0.466198 0.060124
v -0.591789 -0.525982 -0.003835
v -0.548993 -0.571026 0.060124
v -0.554902 -0.575268 -0.003835
v -0.591789 -0.525982 -0.003835
v -0.548993 -0.571026 -0.067793
v -0.554902 -0.575268 -0.003835
v -0.585467 -0.522290 -0.067793
v -0.616055 -0.469253 -0.003835
v -0.609462 -0.466198 -0.067793
v -0.591789 -0.525982 -0.003835
v -0.585467 -0.522290 0.060124
v -0.525407 -0.554097 0.127012
v -0.560235 -0.507563 0.127012
v -0.548993 -0.571026 0.060124
v -0.585467 -0.522290 -0.067793
v -0.525407 -0.554097 -0.134681
v -0.548993 -0.571026 -0.067793
v -0.560235 -0.507563 -0.134681
v -0.323735 -0.709397 -0.003835
v -0.261559 -0.776763 -0.067793
v -0.264212 -0.783334 -0.003835
v -0.320415 -0.703652 -0.065650
v -0.261559 -0.776763 0.060124
v -0.320415 -0.703652 0.057981
v -0.323735 -0.709397 -0.003835
v -0.264212 -0.783334 -0.003835
v -0.609462 -0.466198 0.060124
v -0.560235 -0.507563 0.127012
v -0.583147 -0.454001 0.127012
v -0.585467 -0.522290 0.060124
v -0.609462 -0.466198 -0.067793
v -0.560235 -0.507563 -0.134681
v -0.585467 -0.522290 -0.067793
v -0.583147 -0.454001 -0.134681
v -0.647339 -0.343051 -0.003835
v -0.609462 -0.466198 -0.067793
v -0.616055 -0.469253 -0.003835
v -0.640396 -0.341408 -0.067793
v -0.609462 -0.466198 0.060124
v -0.647339 -0.343051 -0.003835
v -0.616055 -0.469253 -0.003835
v -0.640396 -0.341408 0.060124
v -0.250946 -0.750549 0.127012
v -0.307148 -0.680738 0.122628
v -0.320415 -0.703652 0.057981
v -0.261559 -0.776763 0.060124
v -0.320415 -0.703652 -0.065650
v -0.250946 -0.750549 -0.134683
v -0.261559 -0.776763 -0.067793
v -0.307148 -0.680738 -0.130299
v -0.583147 -0.454001 0.127012
v -0.640396 -0.341408 0.060124
v -0.609462 -0.466198 0.060124
v -0.612684 -0.334843 0.127012
v -0.640396 -0.341408 -0.067793
v -0.583147 -0.454001 -0.134681
v -0.609462 -0.466198 -0.067793
v -0.612684 -0.334843 -0.134681
v -0.640396 -0.341408 0.060124
v -0.653258 -0.284546 -0.003835
v -0.647339 -0.343051 -0.003835
v -0.646249 -0.283556 0.060124
v -0.653258 -0.284546 -0.003835
v -0.640396 -0.341408 -0.067793
v -0.647339 -0.343051 -0.003835
v -0.646249 -0.283556 -0.067793
v -0.653258 -0.107091 -0.003835
v -0.612944 -0.195819 -0.065650
v -0.619576 -0.195819 -0.003835
v -0.646249 -0.108080 -0.067793
v -0.646249 -0.108080 0.060124
v -0.653258 -0.107091 -0.003835
v -0.612944 -0.195819 0.057981
v -0.619576 -0.195819 -0.003835
v -0.583147 -0.454001 -0.134681
v -0.510704 -0.478657 -0.203961
v -0.560235 -0.507563 -0.134681
v -0.531492 -0.430064 -0.203961
v -0.531492 -0.430064 0.196292
v -0.583147 -0.454001 0.127012
v -0.510704 -0.478657 0.196292
v -0.560235 -0.507563 0.127012
v -0.612684 -0.334843 0.127012
v -0.646249 -0.283556 0.060124
v -0.640396 -0.341408 0.060124
v -0.618273 -0.279602 0.127012
v -0.618273 -0.112034 0.127012
v -0.646249 -0.108080 0.060124
v -0.586474 -0.195819 0.122628
v -0.612944 -0.195819 0.057981
v -0.646249 -0.108080 -0.067793
v -0.586474 -0.195819 -0.130299
v -0.612944 -0.195819 -0.065650
v -0.618273 -0.112034 -0.134681
v -0.646249 -0.283556 -0.067793
v -0.612684 -0.334843 -0.134681
v -0.640396 -0.341408 -0.067793
v -0.618273 -0.279602 -0.134681
v -0.281091 -0.635775 0.189587
v -0.307148 -0.680738 0.122628
v -0.230096 -0.699112 0.196292
v -0.250946 -0.750549 0.127012
v -0.230096 -0.699112 -0.203961
v -0.250946 -0.750549 -0.134683
v -0.307148 -0.680738 -0.130299
v -0.281091 -0.635775 -0.197256
v -0.531492 -0.430064 0.196292
v -0.558291 -0.321955 0.196292
v -0.612684 -0.334843 0.127012
v -0.583147 -0.454001 0.127012
v -0.612684 -0.334843 -0.134681
v -0.531492 -0.430064 -0.203961
v -0.583147 -0.454001 -0.134681
v -0.558291 -0.321955 -0.203961
v -0.646249 -0.108080 0.060124
v -0.640396 -0.050229 0.060124
v -0.653258 -0.107091 -0.003835
v -0.647339 -0.048585 -0.003835
v -0.653258 -0.107091 -0.003835
v -0.640396 -0.050229 -0.067793
v -0.646249 -0.108080 -0.067793
v -0.647339 -0.048585 -0.003835
v -0.618273 -0.112034 0.127012
v -0.534515 -0.195819 0.189587
v -0.563361 -0.119800 0.196292
v -0.534515 -0.195819 -0.197256
v -0.618273 -0.112034 -0.134681
v -0.563361 -0.119800 -0.203961
v -0.618273 -0.112034 0.127012
v -0.612684 -0.056793 0.127012
v -0.646249 -0.108080 0.060124
v -0.640396 -0.050229 0.060124
v -0.646249 -0.108080 -0.067793
v -0.612684 -0.056793 -0.134681
v -0.618273 -0.112034 -0.134681
v -0.640396 -0.050229 -0.067793
v -0.618273 -0.279602 -0.134681
v -0.558291 -0.321955 -0.203961
v -0.612684 -0.334843 -0.134681
v -0.563361 -0.271836 -0.203961
v -0.558291 -0.321955 0.196292
v -0.563361 -0.271836 0.196292
v -0.618273 -0.279602 0.127012
v -0.612684 -0.334843 0.127012
v -0.647339 -0.048585 -0.003835
v -0.616055 0.077618 -0.003835
v -0.609462 0.074562 -0.067793
v -0.640396 -0.050229 -0.067793
v -0.616055 0.077618 -0.003835
v -0.647339 -0.048585 -0.003835
v -0.609462 0.074562 0.060124
v -0.640396 -0.050229 0.060124
v -0.534515 -0.195819 0.189587
v -0.618273 -0.112034 0.127012
v -0.586474 -0.195819 0.122628
v -0.618273 -0.112034 -0.134681
v -0.534515 -0.195819 -0.197256
v -0.586474 -0.195819 -0.130299
v -0.612684 -0.056793 0.127012
v -0.583147 0.062365 0.127012
v -0.640396 -0.050229 0.060124
v -0.609462 0.074562 0.060124
v -0.640396 -0.050229 -0.067793
v -0.609462 0.074562 -0.067793
v -0.583147 0.062365 -0.134681
v -0.612684 -0.056793 -0.134681
v -0.612684 -0.056793 -0.134681
v -0.558291 -0.069681 -0.203961
v -0.618273 -0.112034 -0.134681
v -0.563361 -0.119800 -0.203961
v -0.558291 -0.069681 0.196292
v -0.618273 -0.112034 0.127012
v -0.563361 -0.119800 0.196292
v -0.612684 -0.056793 0.127012
v -0.583147 0.062365 0.127012
v -0.560235 0.115927 0.127012
v -0.609462 0.074562 0.060124
v -0.585467 0.130654 0.060124
v -0.560235 0.115927 -0.134681
v -0.609462 0.074562 -0.067793
v -0.585467 0.130654 -0.067793
v -0.583147 0.062365 -0.134681
v -0.591789 0.134346 -0.003835
v -0.548993 0.179389 -0.067793
v -0.585467 0.130654 -0.067793
v -0.554902 0.183632 -0.003835
v -0.616055 0.077618 -0.003835
v -0.591789 0.134346 -0.003835
v -0.609462 0.074562 -0.067793
v -0.585467 0.130654 0.060124
v -0.548993 0.179389 0.060124
v -0.591789 0.134346 -0.003835
v -0.554902 0.183632 -0.003835
v -0.591789 0.134346 -0.003835
v -0.616055 0.077618 -0.003835
v -0.609462 0.074562 0.060124
v -0.531492 0.038427 -0.203961
v -0.612684 -0.056793 -0.134681
v -0.583147 0.062365 -0.134681
v -0.558291 -0.069681 -0.203961
v -0.531492 0.038427 0.196292
v -0.612684 -0.056793 0.127012
v -0.558291 -0.069681 0.196292
v -0.583147 0.062365 0.127012
v 0.075360 0.692658 -0.026265
v 0.065084 0.692658 -0.047173
v 0.048690 0.692658 -0.065112
v 0.020456 0.530423 -0.041368
v 0.020456 0.530423 0.033697
v -0.116898 0.688057 -0.081811
v -0.137761 0.688057 -0.058985
v -0.137761 0.688057 0.051313
v -0.150838 0.688057 0.024705
v -0.154458 0.679100 0.025521
v -0.155333 0.688057 -0.003835
v -0.159083 0.679100 -0.003835
v -0.150838 0.688057 -0.032377
v -0.154458 0.679100 -0.033193
v -0.150864 0.661564 -0.032383
v -0.137785 0.661564 -0.058995
v -0.141007 0.679100 -0.060560
v -0.116918 0.661564 -0.081828
v -0.119549 0.679100 -0.084041
v -0.560235 0.115927 -0.134681
v -0.510704 0.087022 -0.203961
v -0.583147 0.062365 -0.134681
v -0.531492 0.038427 -0.203961
v -0.510704 0.087022 0.196292
v -0.583147 0.062365 0.127012
v -0.531492 0.038427 0.196292
v -0.560235 0.115927 0.127012
v -0.525407 0.162462 -0.134681
v -0.585467 0.130654 -0.067793
v -0.548993 0.179389 -0.067793
v -0.560235 0.115927 -0.134681
v -0.585467 0.130654 0.060124
v -0.560235 0.115927 0.127012
v -0.525407 0.162462 0.127012
v -0.548993 0.179389 0.060124
v -0.612944 -0.195819 0.057981
v -0.653258 -0.284546 -0.003835
v -0.646249 -0.283556 0.060124
v -0.619576 -0.195819 -0.003835
v -0.653258 -0.284546 -0.003835
v -0.619576 -0.195819 -0.003835
v -0.612944 -0.195819 -0.065650
v -0.646249 -0.283556 -0.067793
v -0.116898 0.688057 0.074140
v -0.116918 0.661564 0.074157
v -0.119548 0.679100 0.076370
v -0.141007 0.679100 0.052890
v -0.137785 0.661564 0.051325
v -0.150864 0.661564 0.024712
v -0.155360 0.661564 -0.003835
v 0.079335 0.696936 -0.027160
v 0.083009 0.696936 -0.003835
v 0.079335 0.696936 0.019489
v 0.075360 0.692658 0.018593
v 0.048690 0.692658 0.057441
v 0.065084 0.692658 0.039502
v 0.031016 0.530423 0.022961
v 0.036792 0.530423 0.009903
v 0.078892 0.692658 -0.003835
v 0.039553 0.530423 -0.003835
v 0.036792 0.530423 -0.017574
v 0.031016 0.530423 -0.030632
v -0.646249 -0.283556 -0.067793
v -0.612944 -0.195819 -0.065650
v -0.586474 -0.195819 -0.130299
v -0.618273 -0.279602 -0.134681
v -0.586474 -0.195819 0.122628
v -0.646249 -0.283556 0.060124
v -0.618273 -0.279602 0.127012
v -0.612944 -0.195819 0.057981
v -0.534515 -0.195819 0.189587
v -0.618273 -0.279602 0.127012
v -0.563361 -0.271836 0.196292
v -0.618273 -0.279602 -0.134681
v -0.534515 -0.195819 -0.197256
v -0.563361 -0.271836 -0.203961
v -0.618273 -0.279602 0.127012
v -0.534515 -0.195819 0.189587
v -0.586474 -0.195819 0.122628
v -0.534515 -0.195819 -0.197256
v -0.618273 -0.279602 -0.134681
v -0.586474 -0.195819 -0.130299
v -0.261559 0.385126 0.060124
v -0.323735 0.317760 -0.003835
v -0.320415 0.312016 0.057980
v -0.264212 0.391698 -0.003835
v -0.264212 0.391698 -0.003835
v -0.261559 0.385126 -0.067794
v -0.323735 0.317760 -0.003835
v -0.320415 0.312016 -0.065651
v -0.250946 0.358912 0.127012
v -0.320415 0.312016 0.057980
v -0.307148 0.289102 0.122628
v -0.261559 0.385126 0.060124
v -0.261559 0.385126 -0.067794
v -0.250946 0.358912 -0.134683
v -0.320415 0.312016 -0.065651
v -0.307148 0.289102 -0.130299
v -0.250946 0.358912 -0.134683
v -0.230096 0.307476 -0.203961
v -0.307148 0.289102 -0.130299
v -0.281091 0.244139 -0.197256
v -0.281091 0.244139 0.189586
v -0.230096 0.307476 0.196290
v -0.307148 0.289102 0.122628
v -0.250946 0.358912 0.127012
v -0.103758 0.561797 0.034804
v -0.072259 0.426516 0.019510
v -0.063122 0.426516 0.028917
v -0.089141 0.561797 0.050798
v -0.116918 0.661564 0.074157
v -0.137785 0.661564 0.051325
v -0.103758 0.561797 0.034804
v -0.116918 0.661564 -0.081828
v -0.089141 0.561797 -0.058469
v -0.137785 0.661564 -0.058995
v -0.103758 0.561797 -0.042475
v -0.063122 0.426516 -0.036588
v -0.103758 0.561797 -0.042475
v -0.072259 0.426516 -0.027180
v -0.072259 0.426516 0.019510
v -0.103758 0.561797 0.034804
v -0.112919 0.561797 0.016161
v -0.077378 0.426516 0.008153
v -0.150864 0.661564 0.024712
v -0.112919 0.561797 0.016161
v -0.137785 0.661564 0.051325
v -0.150864 0.661564 -0.032383
v -0.103758 0.561797 -0.042475
v -0.112919 0.561797 -0.023832
v -0.137785 0.661564 -0.058995
v -0.072259 0.426516 -0.027180
v -0.112919 0.561797 -0.023832
v -0.077378 0.426516 -0.015824
v -0.077378 0.426516 0.008153
v -0.112919 0.561797 0.016161
v -0.116069 0.561796 -0.003835
v -0.079697 0.426516 -0.003835
v -0.155360 0.661564 -0.003835
v -0.116069 0.561796 -0.003835
v -0.150864 0.661564 0.024712
v -0.155360 0.661564 -0.003835
v -0.112919 0.561797 -0.023832
v -0.116069 0.561796 -0.003835
v -0.150864 0.661564 -0.032383
v -0.077378 0.426516 -0.015824
v -0.116069 0.561796 -0.003835
v -0.079697 0.426516 -0.003835
v 0.075360 0.692658 -0.026265
v 0.068649 0.696936 -0.048905
v 0.065084 0.692658 -0.047173
v 0.051600 0.696936 -0.067559
v 0.048690 0.692658 -0.065112
v 0.020456 0.530423 -0.041368
v 0.029417 0.696936 -0.081897
v 0.032639 0.696421 -0.086590
v 0.027359 0.692658 -0.078898
v 0.005228 0.696421 -0.096116
v 0.003560 0.696936 -0.090883
v 0.007689 0.530423 -0.050248
v 0.020456 0.530423 0.033697
v 0.007689 0.530423 0.042578
v 0.027359 0.692658 0.071228
v -0.024175 0.696936 -0.093973
v -0.053578 0.696421 -0.096116
v -0.024175 0.693404 -0.107052
v -0.007839 0.530423 -0.055106
v -0.024175 0.530423 -0.057428
v -0.007839 0.530423 0.047435
v -0.024175 0.530423 0.049757
v -0.040512 0.530423 0.047435
v 0.003560 0.696936 0.083212
v -0.024175 0.696936 0.086302
v -0.040512 0.530423 -0.055106
v -0.056039 0.530423 0.042578
v -0.056040 0.530423 -0.050248
v -0.068807 0.530423 -0.041368
v -0.051911 0.696936 -0.090883
v -0.075709 0.692658 -0.078898
v -0.097039 0.692658 -0.065112
v -0.113435 0.692658 -0.047173
v -0.077768 0.696936 -0.081897
v -0.099951 0.696936 -0.067559
v -0.080989 0.696421 -0.086590
v -0.117000 0.696936 -0.048905
v -0.055935 0.693404 -0.103514
v -0.024175 0.688057 -0.114133
v -0.123711 0.692658 -0.026265
v -0.058114 0.688057 -0.110353
v -0.085544 0.693404 -0.093223
v -0.104505 0.696421 -0.071390
v -0.127686 0.696936 -0.027160
v -0.131360 0.696936 -0.003835
v -0.122581 0.696421 -0.051613
v -0.110945 0.693404 -0.076805
v -0.089754 0.688057 -0.099357
v -0.133909 0.696421 -0.028562
v -0.137803 0.696421 -0.003835
v -0.133909 0.696421 0.020891
v -0.130469 0.693404 -0.055444
v -0.142705 0.693404 -0.030544
v -0.116898 0.688057 -0.081811
v -0.137761 0.688057 -0.058985
v -0.142705 0.693404 0.022874
v -0.130469 0.693404 0.047773
v -0.137761 0.688057 0.051313
v -0.146912 0.693404 -0.003835
v -0.150838 0.688057 0.024705
v -0.155333 0.688057 -0.003835
v -0.150838 0.688057 -0.032377
v -0.051911 0.696936 0.083212
v -0.075709 0.692658 0.071228
v -0.077768 0.696936 0.074226
v -0.053578 0.696421 0.088446
v -0.080989 0.696421 0.078918
v -0.099951 0.696936 0.059888
v -0.104505 0.696421 0.063719
v -0.117000 0.696936 0.041233
v -0.122581 0.696421 0.043942
v -0.127686 0.696936 0.019489
v -0.085544 0.693404 0.085553
v -0.110945 0.693404 0.069135
v -0.116898 0.688057 0.074140
v -0.055935 0.693404 0.095844
v -0.089754 0.688057 0.091685
v -0.058114 0.688057 0.102682
v -0.024175 0.693404 0.099382
v -0.024175 0.688057 0.106463
v 0.005228 0.696421 0.088446
v 0.007585 0.693404 0.095844
v 0.009763 0.688057 0.102682
v 0.041403 0.688057 0.091685
v 0.068548 0.688057 0.074140
v 0.037194 0.693404 0.085553
v 0.062596 0.693404 0.069135
v 0.089410 0.688057 0.051313
v 0.082119 0.693404 0.047773
v 0.102487 0.688057 0.024705
v 0.094356 0.693404 0.022874
v 0.106983 0.688057 -0.003835
v 0.102487 0.688057 -0.032377
v 0.098563 0.693404 -0.003835
v 0.089410 0.688057 -0.058985
v 0.094356 0.693404 -0.030544
v 0.068547 0.688057 -0.081811
v 0.082119 0.693404 -0.055444
v 0.041403 0.688057 -0.099357
v 0.009763 0.688057 -0.110353
v -0.024175 0.688057 -0.114133
v 0.062596 0.693404 -0.076805
v 0.037194 0.693404 -0.093223
v 0.007585 0.693404 -0.103514
v -0.024175 0.693404 -0.107052
v 0.056156 0.696421 -0.071390
v 0.074230 0.696421 -0.051613
v 0.085559 0.696421 -0.028562
v 0.079335 0.696936 -0.027160
v 0.089453 0.696421 -0.003835
v 0.083009 0.696936 -0.003835
v 0.085559 0.696421 0.020891
v 0.074230 0.696421 0.043942
v 0.079335 0.696936 0.019489
v 0.075360 0.692658 0.018593
v 0.056156 0.696421 0.063719
v 0.068649 0.696936 0.041233
v 0.032639 0.696421 0.078918
v 0.051600 0.696936 0.059888
v 0.029417 0.696936 0.074226
v 0.048690 0.692658 0.057441
v 0.065084 0.692658 0.039502
v 0.031016 0.530423 0.022961
v 0.036792 0.530423 0.009903
v 0.039553 0.530423 -0.003835
v 0.036792 0.530423 -0.017574
v 0.031016 0.530423 -0.030632
v -0.548993 0.179389 0.060124
v -0.462841 0.271271 -0.003835
v -0.554902 0.183632 -0.003835
v -0.457963 0.266048 0.060124
v -0.554902 0.183632 -0.003835
v -0.462841 0.271271 -0.003835
v -0.548993 0.179389 -0.067793
v -0.457963 0.266048 -0.067793
v 0.406003 0.266048 0.060122
v 0.500702 0.179389 0.060122
v 0.410905 0.271271 -0.003835
v 0.506676 0.183632 -0.003835
v 0.410905 0.271271 -0.003835
v 0.506676 0.183632 -0.003835
v 0.500702 0.179389 -0.067794
v 0.406003 0.266048 -0.067794
v -0.457963 0.266048 0.060124
v -0.525407 0.162462 0.127012
v -0.438486 0.245209 0.127012
v -0.548993 0.179389 0.060124
v -0.548993 0.179389 -0.067793
v -0.457963 0.266048 -0.067793
v -0.525407 0.162462 -0.134681
v -0.438486 0.245209 -0.134683
v 0.476909 0.162462 -0.134683
v 0.406003 0.266048 -0.067794
v 0.500702 0.179389 -0.067794
v 0.386485 0.245209 -0.134683
v 0.386485 0.245209 0.127012
v 0.476909 0.162462 0.127011
v 0.406003 0.266048 0.060122
v 0.500702 0.179389 0.060122
v -0.457963 0.266048 0.060124
v -0.416304 0.303811 -0.003835
v -0.462841 0.271271 -0.003835
v -0.411946 0.298223 0.060124
v -0.462841 0.271271 -0.003835
v -0.416304 0.303811 -0.003835
v -0.457963 0.266048 -0.067793
v -0.411946 0.298224 -0.067794
v 0.357435 0.298223 0.060122
v 0.406003 0.266048 0.060122
v 0.361788 0.303811 -0.003835
v 0.410905 0.271271 -0.003835
v 0.361788 0.303811 -0.003835
v 0.406003 0.266048 -0.067794
v 0.357433 0.298223 -0.067794
v 0.410905 0.271271 -0.003835
v -0.411946 0.298223 0.060124
v -0.438486 0.245209 0.127012
v -0.394546 0.275933 0.127012
v -0.457963 0.266048 0.060124
v -0.438486 0.245209 -0.134683
v -0.457963 0.266048 -0.067793
v -0.411946 0.298224 -0.067794
v -0.394546 0.275933 -0.134683
v 0.357435 0.298223 0.060122
v 0.340108 0.275933 0.127012
v 0.386485 0.245209 0.127012
v 0.406003 0.266048 0.060122
v 0.386485 0.245209 -0.134683
v 0.357433 0.298223 -0.067794
v 0.406003 0.266048 -0.067794
v 0.340108 0.275931 -0.134683
v 0.156454 0.410251 0.060122
v 0.207047 0.385126 0.060122
v 0.158531 0.417108 -0.003835
v 0.209698 0.391698 -0.003835
v -0.261559 0.385126 0.060124
v -0.210466 0.417108 -0.003835
v -0.264212 0.391698 -0.003835
v -0.208413 0.410251 0.060122
v 0.158531 0.417108 -0.003835
v 0.207047 0.385126 -0.067794
v 0.156454 0.410251 -0.067794
v 0.209698 0.391698 -0.003835
v -0.264212 0.391698 -0.003835
v -0.210466 0.417108 -0.003835
v -0.261559 0.385126 -0.067794
v -0.208413 0.410251 -0.067794
v -0.024066 0.455065 0.060122
v 0.036323 0.447733 0.060122
v -0.024032 0.462428 -0.003835
v 0.037042 0.455014 -0.003835
v -0.024032 0.462428 -0.003835
v 0.036324 0.447733 -0.067794
v -0.024066 0.455065 -0.067794
v 0.037042 0.455014 -0.003835
v -0.084615 0.447733 0.060122
v -0.024032 0.462428 -0.003835
v -0.085266 0.455014 -0.003835
v -0.024066 0.455065 0.060122
v -0.085266 0.455014 -0.003835
v -0.024032 0.462428 -0.003835
v -0.084615 0.447733 -0.067794
v -0.024066 0.455065 -0.067794
v -0.208413 0.410251 0.060122
v -0.084615 0.447733 0.060122
v -0.085266 0.455014 -0.003835
v -0.210466 0.417108 -0.003835
v 0.158531 0.417108 -0.003835
v 0.037042 0.455014 -0.003835
v 0.156454 0.410251 0.060122
v 0.036323 0.447733 0.060122
v 0.156454 0.410251 -0.067794
v 0.037042 0.455014 -0.003835
v 0.158531 0.417108 -0.003835
v 0.036324 0.447733 -0.067794
v -0.085266 0.455014 -0.003835
v -0.208413 0.410251 -0.067794
v -0.210466 0.417108 -0.003835
v -0.084615 0.447733 -0.067794
v 0.148199 0.382904 0.127012
v 0.196509 0.358912 0.127012
v 0.156454 0.410251 0.060122
v 0.207047 0.385126 0.060122
v -0.208413 0.410251 0.060122
v -0.250946 0.358912 0.127012
v -0.200199 0.382904 0.127012
v -0.261559 0.385126 0.060124
v 0.156454 0.410251 -0.067794
v 0.196509 0.358912 -0.134683
v 0.148199 0.382904 -0.134683
v 0.207047 0.385126 -0.067794
v -0.261559 0.385126 -0.067794
v -0.208413 0.410251 -0.067794
v -0.250946 0.358912 -0.134683
v -0.200199 0.382904 -0.134683
v -0.360380 0.232191 0.196292
v -0.394546 0.275933 0.127012
v -0.400245 0.204315 0.196292
v -0.438486 0.245209 0.127012
v -0.394546 0.275933 -0.134683
v -0.400245 0.204315 -0.203961
v -0.438486 0.245209 -0.134683
v -0.360380 0.232191 -0.203961
v -0.024172 0.425694 0.127012
v 0.033491 0.418694 0.127012
v -0.024066 0.455065 0.060122
v 0.036323 0.447733 0.060122
v -0.024066 0.455065 -0.067794
v 0.033491 0.418694 -0.134683
v -0.024172 0.425694 -0.134683
v 0.036324 0.447733 -0.067794
v 0.386485 0.245209 -0.134683
v 0.348227 0.204315 -0.203962
v 0.340108 0.275931 -0.134683
v 0.306149 0.232191 -0.203962
v 0.348227 0.204315 0.196290
v 0.340108 0.275933 0.127012
v 0.306149 0.232191 0.196290
v 0.386485 0.245209 0.127012
v 0.148199 0.382904 -0.134683
v 0.036324 0.447733 -0.067794
v 0.156454 0.410251 -0.067794
v 0.033491 0.418694 -0.134683
v 0.033491 0.418694 0.127012
v 0.148199 0.382904 0.127012
v 0.036323 0.447733 0.060122
v 0.156454 0.410251 0.060122
v -0.084615 0.447733 -0.067794
v -0.200199 0.382904 -0.134683
v -0.208413 0.410251 -0.067794
v -0.081989 0.418694 -0.134683
v -0.024066 0.455065 -0.067794
v -0.081989 0.418694 -0.134683
v -0.024172 0.425694 -0.134683
v -0.081989 0.418694 0.127012
v -0.024066 0.455065 0.060122
v -0.084615 0.447733 0.060122
v -0.024172 0.425694 0.127012
v -0.200199 0.382904 0.127012
v -0.208413 0.410251 0.060122
v -0.081989 0.418694 0.127012
v 0.196509 0.358912 -0.134683
v 0.175866 0.307476 -0.203962
v 0.148199 0.382904 -0.134683
v 0.132036 0.329243 -0.203962
v -0.200199 0.382904 -0.134683
v -0.230096 0.307476 -0.203961
v -0.250946 0.358912 -0.134683
v -0.184055 0.329243 -0.203961
v 0.175866 0.307476 0.196290
v 0.148199 0.382904 0.127012
v 0.132036 0.329243 0.196290
v 0.196509 0.358912 0.127012
v -0.184055 0.329243 0.196290
v -0.200199 0.382904 0.127012
v -0.230096 0.307476 0.196290
v -0.250946 0.358912 0.127012
v 0.027965 0.361714 0.196290
v -0.024172 0.425694 0.127012
v -0.024352 0.368064 0.196290
v 0.033491 0.418694 0.127012
v 0.033491 0.418694 -0.134683
v 0.027965 0.361714 -0.203962
v -0.024172 0.425694 -0.134683
v -0.024352 0.368064 -0.203962
v -0.024172 0.425694 -0.134683
v -0.076807 0.361714 -0.203962
v -0.081989 0.418694 -0.134683
v -0.024352 0.368064 -0.203962
v 0.148199 0.382904 -0.134683
v 0.132036 0.329243 -0.203962
v 0.033491 0.418694 -0.134683
v 0.027965 0.361714 -0.203962
v -0.076807 0.361714 0.196290
v -0.024352 0.368064 0.196290
v -0.024172 0.425694 0.127012
v -0.081989 0.418694 0.127012
v 0.132036 0.329243 0.196290
v 0.033491 0.418694 0.127012
v 0.027965 0.361714 0.196290
v 0.148199 0.382904 0.127012
v -0.184055 0.329243 0.196290
v -0.076807 0.361714 0.196290
v -0.081989 0.418694 0.127012
v -0.200199 0.382904 0.127012
v -0.081989 0.418694 -0.134683
v -0.184055 0.329243 -0.203961
v -0.200199 0.382904 -0.134683
v -0.076807 0.361714 -0.203962
v -0.323735 0.317760 -0.003835
v -0.411946 0.298224 -0.067794
v -0.416304 0.303811 -0.003835
v -0.320415 0.312016 -0.065651
v -0.323735 0.317760 -0.003835
v -0.411946 0.298223 0.060124
v -0.320415 0.312016 0.057980
v -0.416304 0.303811 -0.003835
v 0.357435 0.298223 0.060122
v 0.267947 0.317760 -0.003835
v 0.264645 0.312016 0.057980
v 0.361788 0.303811 -0.003835
v 0.361788 0.303811 -0.003835
v 0.357433 0.298223 -0.067794
v 0.267947 0.317760 -0.003835
v 0.264643 0.312016 -0.065651
v -0.320415 0.312016 -0.065651
v -0.394546 0.275933 -0.134683
v -0.411946 0.298224 -0.067794
v -0.307148 0.289102 -0.130299
v -0.320415 0.312016 0.057980
v -0.394546 0.275933 0.127012
v -0.307148 0.289102 0.122628
v -0.411946 0.298223 0.060124
v 0.357433 0.298223 -0.067794
v 0.340108 0.275931 -0.134683
v 0.264643 0.312016 -0.065651
v 0.251504 0.289102 -0.130299
v 0.340108 0.275933 0.127012
v 0.264645 0.312016 0.057980
v 0.251504 0.289102 0.122628
v 0.357435 0.298223 0.060122
v -0.307148 0.289102 0.122628
v -0.360380 0.232191 0.196292
v -0.281091 0.244139 0.189586
v -0.394546 0.275933 0.127012
v -0.307148 0.289102 -0.130299
v -0.360380 0.232191 -0.203961
v -0.394546 0.275933 -0.134683
v -0.281091 0.244139 -0.197256
v 0.340108 0.275931 -0.134683
v 0.306149 0.232191 -0.203962
v 0.251504 0.289102 -0.130299
v 0.225757 0.244139 -0.197256
v 0.306149 0.232191 0.196290
v 0.251504 0.289102 0.122628
v 0.225757 0.244139 0.189586
v 0.340108 0.275933 0.127012
v -0.085142 0.530423 -0.017574
v -0.087904 0.530423 -0.003835
v -0.085142 0.530423 0.009903
v -0.123711 0.692658 0.018593
v -0.079365 0.530423 0.022961
v -0.068807 0.530423 0.033697
v -0.079365 0.530423 -0.030632
v -0.113435 0.692658 0.039502
v -0.097041 0.692658 0.057440
v 0.386485 -0.636845 0.127012
v 0.430264 -0.520877 0.196290
v 0.348225 -0.595951 0.196290
v 0.476909 -0.554097 0.127012
v -0.479106 -0.520877 0.196292
v -0.438486 -0.636845 0.127012
v -0.400245 -0.595953 0.196292
v -0.525407 -0.554097 0.127012
v 0.462002 -0.478659 0.196290
v 0.430264 -0.520877 0.196290
v 0.476909 -0.554097 0.127012
v 0.511889 -0.507563 0.127012
v -0.510704 -0.478657 0.196292
v -0.525407 -0.554097 0.127012
v -0.479106 -0.520877 0.196292
v -0.560235 -0.507563 0.127012
v -0.024352 -0.759702 0.196292
v -0.024569 -0.686226 0.253537
v -0.076807 -0.753350 0.196292
v -0.070190 -0.680703 0.253537
v 0.027965 -0.753350 0.196290
v -0.024569 -0.686226 0.253537
v -0.024352 -0.759702 0.196292
v 0.020930 -0.680703 0.253537
v -0.184055 -0.720879 0.196292
v -0.076807 -0.753350 0.196292
v -0.070190 -0.680703 0.253537
v -0.203504 -0.633532 0.253537
v -0.230096 -0.699112 0.196292
v 0.149559 -0.633532 0.253537
v 0.132036 -0.720879 0.196290
v 0.175866 -0.699112 0.196290
v 0.020930 -0.680703 0.253537
v 0.027965 -0.753350 0.196290
v 0.262867 -0.568056 0.253536
v 0.225757 -0.635775 0.189586
v 0.306149 -0.623827 0.196290
v 0.192943 -0.578448 0.244914
v -0.281091 -0.635775 0.189587
v -0.316812 -0.568056 0.253538
v -0.360380 -0.623827 0.196292
v -0.247861 -0.578448 0.244915
v -0.420068 -0.478522 0.253537
v -0.400245 -0.595953 0.196292
v -0.316812 -0.568056 0.253538
v -0.360380 -0.623827 0.196292
v -0.479106 -0.520877 0.196292
v 0.398411 -0.441804 0.253537
v 0.370810 -0.478522 0.253537
v 0.430264 -0.520877 0.196290
v 0.462002 -0.478659 0.196290
v 0.370810 -0.478522 0.253537
v 0.348225 -0.595951 0.196290
v 0.262867 -0.568056 0.253536
v 0.306149 -0.623827 0.196290
v -0.447549 -0.441804 0.253537
v -0.479106 -0.520877 0.196292
v -0.420068 -0.478522 0.253537
v -0.510704 -0.478657 0.196292
v -0.534515 -0.195819 0.189587
v -0.493344 -0.129706 0.253537
v -0.468264 -0.195819 0.244915
v -0.247861 -0.578448 0.244915
v -0.281091 -0.635775 0.189587
v -0.203504 -0.633532 0.253537
v -0.230096 -0.699112 0.196292
v 0.149559 -0.633532 0.253537
v 0.225757 -0.635775 0.189586
v 0.192943 -0.578448 0.244914
v 0.175866 -0.699112 0.196290
v 0.218575 -0.510983 0.286331
v 0.192943 -0.578448 0.244914
v 0.262867 -0.568056 0.253536
v -0.534515 -0.195819 0.189587
v -0.493344 -0.129706 0.253537
v -0.563361 -0.119800 0.196292
v 0.479181 -0.195819 0.189586
v 0.509130 -0.119800 0.196290
v 0.439400 -0.129706 0.253536
v -0.247861 -0.578448 0.244915
v -0.272225 -0.510983 0.286333
v -0.316812 -0.568056 0.253538
v -0.213855 -0.519781 0.276612
v -0.447549 -0.441804 0.253537
v -0.465628 -0.399541 0.253537
v -0.531492 -0.430064 0.196292
v -0.510704 -0.478657 0.196292
v -0.465628 -0.399541 0.253537
v -0.558291 -0.321955 0.196292
v -0.493344 -0.261930 0.253537
v -0.563361 -0.271836 0.196292
v -0.024569 -0.686226 0.253537
v -0.024791 -0.611036 0.286333
v -0.070190 -0.680703 0.253537
v -0.176291 -0.566421 0.286333
v -0.203504 -0.633532 0.253537
v 0.122640 -0.566421 0.286331
v 0.020930 -0.680703 0.253537
v 0.149559 -0.633532 0.253537
v -0.024569 -0.686226 0.253537
v -0.024791 -0.611036 0.286333
v 0.479181 -0.195819 0.189586
v 0.413345 -0.195819 0.244914
v 0.439400 -0.129706 0.253536
v 0.368041 -0.139842 0.286331
v 0.345974 -0.195819 0.276610
v 0.398411 -0.441804 0.253537
v 0.482650 -0.430064 0.196290
v 0.416370 -0.399541 0.253537
v 0.462002 -0.478659 0.196290
v 0.506271 -0.321955 0.196290
v 0.416370 -0.399541 0.253537
v 0.439398 -0.261932 0.253536
v 0.509130 -0.271836 0.196290
v 0.192943 -0.578448 0.244914
v 0.218575 -0.510983 0.286331
v 0.159364 -0.519781 0.276610
v -0.176291 -0.566421 0.286333
v -0.070190 -0.680703 0.253537
v -0.024791 -0.611036 0.286333
v 0.020930 -0.680703 0.253537
v 0.122640 -0.566421 0.286331
v -0.024791 -0.611036 0.286333
v 0.370810 -0.478522 0.253537
v 0.218575 -0.510983 0.286331
v 0.262867 -0.568056 0.253536
v 0.333338 -0.404089 0.286331
v 0.398411 -0.441804 0.253537
v -0.420068 -0.478522 0.253537
v -0.316812 -0.568056 0.253538
v -0.272225 -0.510983 0.286333
v -0.382917 -0.404089 0.286333
v -0.447549 -0.441804 0.253537
v 0.048690 0.692658 -0.065112
v 0.020456 0.530423 -0.041368
v 0.029417 0.696936 -0.081897
v 0.027359 0.692658 -0.078898
v 0.003560 0.696936 -0.090883
v 0.007689 0.530423 -0.050248
v 0.002495 0.692658 -0.087540
v -0.024175 0.696936 -0.093973
v -0.024175 0.692658 -0.090511
v -0.007839 0.530423 -0.055106
v -0.024175 0.530423 -0.057428
v -0.040512 0.530423 -0.055106
v -0.056040 0.530423 -0.050248
v -0.068807 0.530423 -0.041368
v -0.024175 0.692658 -0.090511
v -0.024175 0.530423 -0.057428
v -0.050846 0.692658 -0.087540
v -0.024175 0.696936 -0.093973
v -0.051911 0.696936 -0.090883
v -0.075709 0.692658 -0.078898
v -0.097039 0.692658 -0.065112
v -0.077768 0.696936 -0.081897
v 0.218575 -0.510983 0.286331
v 0.370810 -0.478522 0.253537
v 0.333338 -0.404089 0.286331
v -0.272225 -0.510983 0.286333
v -0.382917 -0.404089 0.286333
v -0.420068 -0.478522 0.253537
v 0.368041 -0.139842 0.286331
v 0.413345 -0.195819 0.244914
v 0.439400 -0.129706 0.253536
v -0.400465 -0.195819 0.276612
v -0.421691 -0.139842 0.286333
v -0.468264 -0.195819 0.244915
v -0.493344 -0.129706 0.253537
v -0.247861 -0.578448 0.244915
v -0.203504 -0.633532 0.253537
v -0.176291 -0.566421 0.286333
v 0.506271 -0.069681 0.196290
v 0.482651 0.038427 0.196290
v 0.416370 0.007905 0.253536
v 0.439400 -0.129706 0.253536
v 0.509130 -0.119800 0.196290
v 0.398411 0.050168 0.253536
v 0.416370 0.007905 0.253536
v 0.462002 0.087022 0.196290
v 0.122640 -0.566421 0.286331
v 0.192943 -0.578448 0.244914
v 0.159364 -0.519781 0.276610
v 0.149559 -0.633532 0.253537
v -0.465628 -0.399541 0.253537
v -0.421691 -0.251794 0.286333
v -0.493344 -0.261930 0.253537
v -0.382917 -0.404089 0.286333
v -0.447549 -0.441804 0.253537
v -0.493344 -0.129706 0.253537
v -0.558291 -0.069681 0.196292
v -0.563361 -0.119800 0.196292
v -0.465628 0.007905 0.253537
v -0.531492 0.038427 0.196292
v -0.447549 0.050167 0.253537
v -0.465628 0.007905 0.253537
v -0.510704 0.087022 0.196292
v 0.416370 -0.399541 0.253537
v 0.439398 -0.261932 0.253536
v 0.368041 -0.251794 0.286331
v 0.333338 -0.404089 0.286331
v 0.398411 -0.441804 0.253537
v -0.116898 0.688057 0.074140
v -0.089754 0.688057 0.091685
v -0.058114 0.688057 0.102682
v -0.024175 0.688057 0.106463
v 0.009763 0.688057 0.102682
v -0.024175 0.679100 0.109616
v -0.059084 0.679100 0.105726
v -0.091628 0.679100 0.094415
v -0.089767 0.661564 0.091706
v -0.058121 0.661564 0.102705
v -0.116918 0.661564 0.074157
v -0.024175 0.661564 0.106485
v 0.009771 0.661564 0.102705
v -0.119548 0.679100 0.076370
v 0.010733 0.679100 0.105726
v 0.041418 0.661564 0.091706
v 0.043278 0.679100 0.094415
v 0.068567 0.661564 0.074157
v 0.041403 0.688057 0.091685
v 0.071199 0.679100 0.076370
v 0.068548 0.688057 0.074140
v -0.213855 -0.519781 0.276612
v -0.247861 -0.578448 0.244915
v -0.176291 -0.566421 0.286333
v -0.421691 -0.251794 0.286333
v -0.465628 -0.399541 0.253537
v -0.382917 -0.404089 0.286333
v 0.368041 -0.251794 0.286331
v 0.333338 -0.404089 0.286331
v 0.416370 -0.399541 0.253537
v -0.560235 0.115927 0.127012
v -0.510704 0.087022 0.196292
v -0.525407 0.162462 0.127012
v -0.479106 0.129242 0.196292
v 0.476909 0.162462 0.127011
v 0.462002 0.087022 0.196290
v 0.511889 0.115927 0.127011
v 0.430264 0.129242 0.196290
v 0.218575 -0.510983 0.286331
v 0.268798 -0.366683 0.304164
v 0.159364 -0.519781 0.276610
v 0.333338 -0.404089 0.286331
v -0.025009 -0.536462 0.304165
v 0.122640 -0.566421 0.286331
v -0.024791 -0.611036 0.286333
v -0.318817 -0.366683 0.304165
v -0.213855 -0.519781 0.276612
v -0.025009 -0.536462 0.304165
v -0.176291 -0.566421 0.286333
v -0.024791 -0.611036 0.286333
v -0.272225 -0.510983 0.286333
v -0.382917 -0.404089 0.286333
v 0.439400 -0.129706 0.253536
v 0.416370 0.007905 0.253536
v 0.368041 -0.139842 0.286331
v 0.398411 0.050168 0.253536
v 0.333338 0.012452 0.286331
v -0.510704 0.087022 0.196292
v -0.447549 0.050167 0.253537
v -0.479106 0.129242 0.196292
v -0.420068 0.086886 0.253537
v -0.421691 -0.139842 0.286333
v -0.465628 0.007905 0.253537
v -0.493344 -0.129706 0.253537
v -0.447549 0.050167 0.253537
v -0.382917 0.012452 0.286333
v -0.438486 0.245209 0.127012
v -0.525407 0.162462 0.127012
v -0.479106 0.129242 0.196292
v -0.400245 0.204315 0.196292
v 0.416370 0.007905 0.253536
v 0.333338 0.012452 0.286331
v 0.368041 -0.139842 0.286331
v -0.465628 0.007905 0.253537
v -0.421691 -0.139842 0.286333
v -0.382917 0.012452 0.286333
v 0.386485 0.245209 0.127012
v 0.430264 0.129242 0.196290
v 0.476909 0.162462 0.127011
v 0.348227 0.204315 0.196290
v -0.534515 -0.195819 0.189587
v -0.493344 -0.261930 0.253537
v -0.468264 -0.195819 0.244915
v -0.493344 -0.261930 0.253537
v -0.534515 -0.195819 0.189587
v -0.563361 -0.271836 0.196292
v 0.262867 0.176420 0.253536
v 0.348227 0.204315 0.196290
v 0.306149 0.232191 0.196290
v 0.370810 0.086886 0.253536
v 0.430264 0.129242 0.196290
v 0.398411 0.050168 0.253536
v 0.370810 0.086886 0.253536
v 0.462002 0.087022 0.196290
v -0.400245 0.204315 0.196292
v -0.479106 0.129242 0.196292
v -0.420068 0.086886 0.253537
v -0.316812 0.176420 0.253537
v -0.360380 0.232191 0.196292
v 0.268798 -0.366683 0.304164
v 0.345974 -0.195819 0.276610
v 0.268798 -0.024953 0.304164
v 0.368041 -0.139842 0.286331
v 0.333338 0.012452 0.286331
v 0.368041 -0.251794 0.286331
v 0.333338 -0.404089 0.286331
v 0.479181 -0.195819 0.189586
v 0.439398 -0.261932 0.253536
v 0.509130 -0.271836 0.196290
v 0.413345 -0.195819 0.244914
v -0.421691 -0.251794 0.286333
v -0.318817 -0.366683 0.304165
v -0.400465 -0.195819 0.276612
v -0.382917 -0.404089 0.286333
v -0.318817 -0.024953 0.304165
v -0.421691 -0.139842 0.286333
v -0.382917 0.012452 0.286333
v -0.281091 0.244139 0.189586
v -0.203504 0.241896 0.253537
v -0.230096 0.307476 0.196290
v -0.247861 0.186811 0.244915
v -0.316812 0.176420 0.253537
v -0.420068 0.086886 0.253537
v -0.272225 0.119348 0.286333
v -0.447549 0.050167 0.253537
v -0.382917 0.012452 0.286333
v 0.149559 0.241896 0.253536
v 0.225757 0.244139 0.189586
v 0.175866 0.307476 0.196290
v 0.192943 0.186812 0.244914
v 0.398411 0.050168 0.253536
v 0.370810 0.086886 0.253536
v 0.333338 0.012452 0.286331
v 0.218575 0.119348 0.286331
v 0.262867 0.176420 0.253536
v -0.420068 0.086886 0.253537
v -0.382917 0.012452 0.286333
v -0.272225 0.119348 0.286333
v 0.370810 0.086886 0.253536
v 0.218575 0.119348 0.286331
v 0.333338 0.012452 0.286331
v -0.176291 0.174785 0.286333
v -0.203504 0.241896 0.253537
v -0.247861 0.186811 0.244915
v -0.213855 0.128146 0.276612
v 0.122640 0.174785 0.286331
v 0.192943 0.186812 0.244914
v 0.149559 0.241896 0.253536
v 0.159364 0.128146 0.276610
v -0.024569 0.294589 0.253536
v 0.020930 0.289066 0.253536
v 0.027965 0.361714 0.196290
v -0.024352 0.368064 0.196290
v -0.024569 0.294589 0.253536
v -0.076807 0.361714 0.196290
v -0.070188 0.289066 0.253536
v -0.024352 0.368064 0.196290
v 0.020930 0.289066 0.253536
v 0.149559 0.241896 0.253536
v 0.132036 0.329243 0.196290
v 0.175866 0.307476 0.196290
v 0.027965 0.361714 0.196290
v -0.070188 0.289066 0.253536
v -0.184055 0.329243 0.196290
v -0.203504 0.241896 0.253537
v -0.230096 0.307476 0.196290
v -0.076807 0.361714 0.196290
v 0.413345 -0.195819 0.244914
v 0.368041 -0.251794 0.286331
v 0.439398 -0.261932 0.253536
v 0.020930 0.289066 0.253536
v 0.122640 0.174785 0.286331
v 0.149559 0.241896 0.253536
v -0.024791 0.219400 0.286331
v -0.024569 0.294589 0.253536
v -0.070188 0.289066 0.253536
v -0.203504 0.241896 0.253537
v -0.176291 0.174785 0.286333
v -0.024791 0.219400 0.286331
v -0.024569 0.294589 0.253536
v 0.122640 0.174785 0.286331
v 0.020930 0.289066 0.253536
v -0.024791 0.219400 0.286331
v -0.176291 0.174785 0.286333
v -0.024791 0.219400 0.286331
v -0.070188 0.289066 0.253536
v -0.421691 -0.251794 0.286333
v -0.468264 -0.195819 0.244915
v -0.493344 -0.261930 0.253537
v -0.400465 -0.195819 0.276612
v -0.318817 -0.024953 0.304165
v -0.272225 0.119348 0.286333
v -0.382917 0.012452 0.286333
v -0.213855 0.128146 0.276612
v -0.025009 0.144827 0.304164
v -0.176291 0.174785 0.286333
v -0.024791 0.219400 0.286331
v 0.122640 0.174785 0.286331
v -0.025009 0.144827 0.304164
v 0.159364 0.128146 0.276610
v -0.024791 0.219400 0.286331
v 0.268798 -0.024953 0.304164
v 0.218575 0.119348 0.286331
v 0.333338 0.012452 0.286331
v 0.268798 -0.024953 0.304164
v -0.318817 -0.024953 0.304165
v 0.268798 -0.366683 0.304164
v -0.318817 -0.366683 0.304165
v -0.318817 -0.024953 0.304165
v 0.268798 -0.024953 0.304164
v -0.025009 0.144827 0.304164
v 0.268798 -0.366683 0.304164
v -0.318817 -0.366683 0.304165
v -0.025009 -0.536462 0.304165
v 0.368041 -0.251794 0.286331
v 0.413345 -0.195819 0.244914
v 0.345974 -0.195819 0.276610
v 0.192943 0.186812 0.244914
v 0.218575 0.119348 0.286331
v 0.262867 0.176420 0.253536
v -0.247861 0.186811 0.244915
v -0.281091 0.244139 0.189586
v -0.316812 0.176420 0.253537
v -0.360380 0.232191 0.196292
v 0.262867 0.176420 0.253536
v 0.225757 0.244139 0.189586
v 0.192943 0.186812 0.244914
v 0.306149 0.232191 0.196290
v -0.247861 0.186811 0.244915
v -0.272225 0.119348 0.286333
v -0.213855 0.128146 0.276612
v -0.316812 0.176420 0.253537
v 0.159364 0.128146 0.276610
v 0.218575 0.119348 0.286331
v 0.192943 0.186812 0.244914
v -0.038431 0.426516 0.040906
v -0.024175 0.561796 0.073443
v -0.047954 0.561797 0.070794
v -0.024175 0.426516 0.042856
v -0.024175 0.661564 0.106485
v -0.058121 0.661564 0.102705
v -0.000397 0.561797 0.070794
v -0.009920 0.426516 0.040906
v 0.003585 0.426516 0.036600
v 0.021772 0.561797 0.063090
v 0.041418 0.661564 0.091706
v 0.009771 0.661564 0.102705
v -0.000397 0.561797 0.070794
v -0.024175 0.561796 0.073443
v -0.024175 0.426516 0.042856
v -0.009920 0.426516 0.040906
v -0.000397 0.561797 0.070794
v -0.024175 0.661564 0.106485
v 0.009771 0.661564 0.102705
v -0.070122 0.561796 0.063090
v -0.058121 0.661564 0.102705
v -0.089767 0.661564 0.091706
v -0.047954 0.561797 0.070794
v -0.051936 0.426516 0.036600
v -0.047954 0.561797 0.070794
v -0.038431 0.426516 0.040906
v 0.041418 0.661564 0.091706
v 0.021772 0.561797 0.063090
v 0.040790 0.561797 0.050798
v 0.068567 0.661564 0.074157
v 0.014772 0.426516 0.028917
v 0.021772 0.561797 0.063090
v 0.003585 0.426516 0.036600
v -0.063122 0.426516 0.028917
v -0.070122 0.561796 0.063090
v -0.089141 0.561797 0.050798
v -0.051936 0.426516 0.036600
v -0.089767 0.661564 0.091706
v -0.116918 0.661564 0.074157
vn 0.7151 -0.6522 0.2514
vn 0.8597 -0.4969 0.1183
vn 0.8385 -0.4826 0.2531
vn 0.7372 -0.6666 0.1098
vn 0.8597 -0.4969 -0.1183
vn 0.7151 -0.6522 -0.2514
vn 0.8385 -0.4825 -0.2531
vn 0.7372 -0.6666 -0.1098
vn 0.6381 -0.5750 0.5120
vn 0.8385 -0.4825 0.2532
vn 0.7437 -0.4272 0.5142
vn 0.7151 -0.6522 0.2515
vn 0.6381 -0.5750 -0.5120
vn 0.8385 -0.4825 -0.2532
vn 0.7151 -0.6522 -0.2515
vn 0.7437 -0.4272 -0.5142
vn 0.8385 -0.4825 0.2531
vn 0.9475 -0.3000 0.1105
vn 0.9226 -0.2918 0.2523
vn 0.9475 -0.3000 -0.1105
vn 0.9226 -0.2918 -0.2523
vn 0.8597 -0.4968 -0.1183
vn 0.9226 -0.2918 0.2524
vn 0.8189 -0.2599 0.5118
vn 0.9226 -0.2918 -0.2524
vn 0.8189 -0.2599 -0.5118
vn 0.7820 -0.6161 -0.0948
vn 0.6243 -0.7744 -0.1027
vn 0.6128 -0.7542 -0.2357
vn 0.7695 -0.5967 -0.2277
vn 0.6129 -0.7542 0.2357
vn 0.7820 -0.6161 0.0948
vn 0.7695 -0.5967 0.2277
vn 0.6243 -0.7744 0.1027
vn 0.9848 -0.1340 -0.1103
vn 0.9226 -0.2917 -0.2523
vn 0.9605 -0.1339 -0.2440
vn 0.9848 -0.1340 0.1103
vn 0.9605 -0.1339 0.2440
vn 0.6129 -0.7542 -0.2357
vn 0.5616 -0.6722 -0.4824
vn 0.7074 -0.5266 -0.4716
vn 0.5616 -0.6722 0.4824
vn 0.7074 -0.5266 0.4715
vn 0.6128 -0.7542 0.2357
vn 0.9226 -0.2917 -0.2524
vn 0.8189 -0.2598 -0.5118
vn 0.9605 -0.1339 -0.2441
vn 0.8563 -0.1179 -0.5028
vn 0.8189 -0.2598 0.5118
vn 0.9605 -0.1339 0.2441
vn 0.8563 -0.1179 0.5028
vn 0.9226 -0.2917 0.2524
vn 0.9040 -0.3616 0.2279
vn 0.9835 -0.1496 0.1023
vn 0.9601 -0.1496 0.2361
vn 0.9275 -0.3616 0.0944
vn 0.9275 -0.3616 -0.0944
vn 0.9040 -0.3616 -0.2279
vn 0.9834 -0.1496 -0.1023
vn 0.9602 -0.1496 -0.2361
vn 0.7437 -0.4272 -0.5143
vn 0.6078 -0.3551 -0.7103
vn 0.8188 -0.2598 -0.5118
vn 0.6763 -0.2045 -0.7077
vn 0.6078 -0.3551 0.7103
vn 0.8188 -0.2598 0.5118
vn 0.6763 -0.2045 0.7077
vn 0.7437 -0.4272 0.5143
vn 0.9605 -0.1338 0.2440
vn 0.9835 0.1494 0.1023
vn 0.9602 0.1495 0.2361
vn 0.9848 -0.1339 0.1103
vn 0.9835 0.1494 -0.1023
vn 0.9605 -0.1338 -0.2440
vn 0.9602 0.1495 -0.2361
vn 0.9848 -0.1339 -0.1103
vn 0.8106 -0.3463 0.4722
vn 0.8647 -0.1494 0.4795
vn 0.9040 -0.3616 0.2280
vn 0.9040 -0.3616 -0.2280
vn 0.8106 -0.3463 -0.4722
vn 0.9601 -0.1496 -0.2361
vn 0.8647 -0.1494 -0.4795
vn 0.4734 -0.5522 0.6863
vn 0.7073 -0.5266 0.4716
vn 0.6305 -0.4177 0.6542
vn 0.5615 -0.6722 0.4825
vn 0.4734 -0.5522 -0.6863
vn 0.7073 -0.5266 -0.4716
vn 0.5615 -0.6722 -0.4825
vn 0.6305 -0.4177 -0.6542
vn 0.8563 -0.1178 0.5028
vn 0.8647 0.1493 0.4795
vn 0.9605 -0.1338 0.2441
vn 0.8563 -0.1178 -0.5028
vn 0.8647 0.1493 -0.4795
vn 0.9605 -0.1338 -0.2441
vn 0.9605 0.1338 0.2440
vn 0.9835 -0.1494 0.1023
vn 0.9848 0.1339 0.1103
vn 0.9602 -0.1495 0.2361
vn 0.9848 0.1339 -0.1103
vn 0.9835 -0.1494 -0.1023
vn 0.9605 0.1338 -0.2440
vn 0.9602 -0.1495 -0.2361
vn 0.6763 -0.2044 0.7077
vn 0.6995 -0.1022 0.7073
vn 0.6763 -0.2044 -0.7077
vn 0.6995 -0.1022 -0.7073
vn 0.8563 0.1178 0.5028
vn 0.9605 0.1338 0.2441
vn 0.8647 -0.1493 0.4795
vn 0.9605 0.1338 -0.2441
vn 0.9601 -0.1495 -0.2361
vn 0.8563 0.1178 -0.5028
vn 0.8647 -0.1493 -0.4795
vn 0.6789 -0.3315 0.6552
vn 0.7163 -0.1338 0.6848
vn 0.6789 -0.3315 -0.6552
vn 0.7163 -0.1339 -0.6848
vn 0.8106 -0.3463 -0.4723
vn 0.6789 -0.3315 -0.6551
vn 0.8647 -0.1494 -0.4796
vn 0.9848 0.1340 0.1103
vn 0.9226 0.2917 0.2523
vn 0.9605 0.1339 0.2440
vn 0.9475 0.3000 0.1105
vn 0.9605 0.1339 -0.2440
vn 0.9226 0.2918 -0.2523
vn 0.9848 0.1340 -0.1103
vn 0.9475 0.3000 -0.1106
vn 0.7163 0.1338 -0.6848
vn 0.8647 0.1493 0.4796
vn 0.7163 0.1338 0.6848
vn 0.8563 -0.1178 0.5029
vn 0.9226 0.2917 -0.2524
vn 0.9605 0.1339 -0.2441
vn 0.8189 0.2598 -0.5118
vn 0.8563 0.1179 -0.5028
vn 0.8189 0.2598 0.5118
vn 0.8563 0.1179 0.5028
vn 0.9226 0.2917 0.2524
vn 0.8385 0.4825 0.2531
vn 0.8597 0.4969 0.1183
vn 0.9226 0.2918 0.2523
vn 0.8597 0.4969 -0.1183
vn 0.9475 0.3000 -0.1105
vn 0.8385 0.4825 -0.2531
vn 0.6789 -0.3315 0.6551
vn 0.8106 -0.3463 0.4723
vn 0.8647 -0.1493 -0.4796
vn 0.6995 0.1022 -0.7073
vn 0.7163 -0.1338 -0.6848
vn 0.6995 0.1022 0.7073
vn 0.9226 0.2918 0.2524
vn 0.7437 0.4272 0.5142
vn 0.8189 0.2599 0.5118
vn 0.8385 0.4825 0.2532
vn 0.8385 0.4825 -0.2532
vn 0.9226 0.2918 -0.2524
vn 0.7437 0.4272 -0.5142
vn 0.6763 0.2044 -0.7077
vn 0.6763 0.2044 0.7077
vn 0.7239 0.4799 0.4957
vn 0.3697 0.8181 0.4405
vn 0.5681 0.4655 0.6786
vn 0.3632 0.9317 -0.0000
vn 0.8312 0.4908 0.2612
vn 0.2987 0.9511 0.0786
vn 0.7372 0.6666 -0.1098
vn 0.7151 0.6522 -0.2514
vn 0.8385 0.4826 -0.2531
vn 0.7151 0.6522 0.2514
vn 0.7372 0.6666 0.1098
vn 0.6763 0.2045 0.7077
vn 0.8188 0.2598 0.5118
vn 0.6077 0.3551 0.7103
vn 0.7437 0.4272 0.5143
vn 0.8188 0.2599 -0.5118
vn 0.6078 0.3551 -0.7103
vn 0.7437 0.4272 -0.5143
vn 0.6763 0.2045 -0.7077
vn 0.6381 0.5750 -0.5120
vn 0.7151 0.6522 -0.2515
vn 0.6381 0.5750 0.5120
vn 0.7151 0.6522 0.2515
vn 0.6555 0.0869 0.7502
vn 0.6285 -0.2671 0.7305
vn 0.8314 0.0863 0.5490
vn 0.5124 0.6228 0.5913
vn 0.8001 -0.2745 0.5334
vn 0.9527 0.0866 0.2913
vn 0.9157 -0.2841 0.2842
vn 0.6453 0.6295 0.4328
vn 0.9962 0.0870 -0.0000
vn 0.9591 -0.2830 -0.0000
vn 0.9157 -0.2842 -0.2842
vn 0.7414 0.6309 0.2287
vn 0.7817 0.6237 -0.0000
vn 0.9527 0.0866 -0.2913
vn 0.8001 -0.2745 -0.5334
vn 0.7414 0.6309 -0.2287
vn 0.8314 0.0863 -0.5490
vn 0.6285 -0.2671 -0.7305
vn 0.6453 0.6295 -0.4328
vn 0.6555 0.0869 -0.7502
vn 0.5124 0.6227 -0.5913
vn 0.9835 0.1495 -0.1023
vn 0.9040 0.3616 -0.2279
vn 0.9249 0.3684 -0.0940
vn 0.9602 0.1496 -0.2361
vn 0.9040 0.3616 0.2279
vn 0.9602 0.1496 0.2361
vn 0.9835 0.1495 0.1023
vn 0.9249 0.3684 0.0940
vn 0.9601 0.1496 -0.2361
vn 0.8106 0.3463 -0.4722
vn 0.9040 0.3616 -0.2280
vn 0.8647 0.1494 -0.4795
vn 0.8106 0.3463 0.4722
vn 0.8647 0.1494 0.4795
vn 0.9601 0.1496 0.2361
vn 0.9040 0.3616 0.2280
vn 0.6789 0.3315 0.6551
vn 0.8647 0.1494 0.4796
vn 0.8106 0.3463 0.4723
vn 0.8647 0.1494 -0.4796
vn 0.7163 0.1339 -0.6848
vn 0.6789 0.3315 -0.6551
vn 0.7163 0.1339 0.6848
vn 0.7820 0.6161 0.0948
vn 0.6129 0.7542 0.2357
vn 0.7695 0.5967 0.2277
vn 0.6243 0.7744 0.1027
vn 0.7820 0.6161 -0.0948
vn 0.6129 0.7542 -0.2357
vn 0.6243 0.7744 -0.1027
vn 0.7695 0.5967 -0.2277
vn 0.5616 0.6722 -0.4824
vn 0.7074 0.5266 -0.4715
vn 0.5616 0.6722 0.4824
vn 0.7073 0.5266 0.4716
vn 0.6128 0.7542 0.2357
vn 0.7073 0.5266 -0.4716
vn 0.4734 0.5522 -0.6863
vn 0.5616 0.6722 -0.4825
vn 0.6305 0.4177 -0.6542
vn 0.4734 0.5522 0.6863
vn 0.6305 0.4177 0.6542
vn 0.5616 0.6722 0.4825
vn 0.8106 0.3463 -0.4723
vn 0.6067 0.7721 0.1891
vn 0.8678 0.4969 -0.0000
vn 0.6789 0.7342 -0.0000
vn 0.6067 0.7721 -0.1891
vn 0.8312 0.4908 -0.2612
vn 0.5188 0.7783 -0.3538
vn 0.5188 0.7783 0.3537
vn 0.7239 0.4799 -0.4957
vn 0.3697 0.8181 -0.4405
vn 0.5681 0.4655 -0.6786
vn 0.3154 0.9463 -0.0710
vn 0.7889 -0.2998 -0.5365
vn 0.8016 -0.2515 -0.5423
vn 0.6250 -0.2373 -0.7436
vn 0.6196 -0.2902 -0.7293
vn 0.8001 -0.2746 -0.5334
vn 0.6250 -0.2373 0.7436
vn 0.7889 -0.2998 0.5365
vn 0.6196 -0.2902 0.7293
vn 0.8016 -0.2515 0.5423
vn 0.8001 -0.2746 0.5334
vn 0.8017 -0.2515 0.5423
vn 0.9057 -0.3150 0.2836
vn 0.7889 -0.2998 0.5364
vn 0.9207 -0.2597 0.2912
vn 0.9157 -0.2842 0.2842
vn 0.9057 -0.3150 -0.2836
vn 0.9207 -0.2597 -0.2912
vn 0.8017 -0.2515 -0.5423
vn 0.7889 -0.2998 -0.5364
vn 0.9057 -0.3151 -0.2836
vn 0.9487 -0.3162 -0.0000
vn 0.9658 -0.2591 -0.0001
vn 0.9208 -0.2597 -0.2912
vn 0.9058 -0.3150 -0.2835
vn 0.9057 -0.3150 -0.2835
vn 0.9208 -0.2597 0.2912
vn 0.9058 -0.3150 0.2835
vn 0.9658 -0.2591 0.0001
vn 0.9057 -0.3150 0.2835
vn -0.1973 -0.9472 0.2526
vn -0.0000 -0.9930 0.1182
vn -0.0001 -0.9678 0.2518
vn -0.2040 -0.9728 0.1098
vn 0.2049 -0.9458 0.2521
vn 0.2055 -0.9724 0.1107
vn -0.0000 -0.9678 0.2518
vn -0.0000 -0.9930 -0.1182
vn 0.2049 -0.9458 -0.2521
vn 0.2055 -0.9724 -0.1107
vn -0.0000 -0.9678 -0.2518
vn -0.1973 -0.9472 -0.2526
vn -0.0000 -0.9678 -0.2517
vn -0.2040 -0.9728 -0.1098
vn -0.3542 -0.9287 -0.1102
vn -0.3465 -0.9057 -0.2441
vn -0.1974 -0.9472 -0.2525
vn -0.3465 -0.9057 0.2441
vn -0.1974 -0.9472 0.2526
vn -0.3542 -0.9287 0.1102
vn 0.3628 -0.8992 0.2445
vn 0.3704 -0.9223 0.1104
vn 0.2049 -0.9457 0.2522
vn 0.3628 -0.8992 -0.2445
vn 0.3704 -0.9223 -0.1104
vn 0.2049 -0.9457 -0.2522
vn -0.5992 -0.7649 0.2365
vn -0.3466 -0.9057 0.2441
vn -0.6113 -0.7838 0.1097
vn -0.5992 -0.7649 -0.2365
vn -0.3466 -0.9057 -0.2441
vn -0.6113 -0.7838 -0.1097
vn 0.6128 -0.7543 0.2357
vn 0.3705 -0.9223 0.1104
vn 0.3705 -0.9223 -0.1104
vn 0.6128 -0.7543 -0.2357
vn 0.1807 -0.8406 0.5106
vn -0.0000 -0.8589 0.5122
vn 0.1807 -0.8406 -0.5106
vn -0.0000 -0.8589 -0.5121
vn 0.5981 -0.7634 0.2439
vn 0.3610 -0.9261 0.1099
vn 0.6151 -0.7807 0.1104
vn 0.3472 -0.9074 0.2367
vn -0.1730 -0.8418 0.5113
vn -0.3081 -0.8059 0.5056
vn -0.3465 -0.9057 0.2442
vn -0.1731 -0.8418 0.5113
vn -0.1730 -0.8418 -0.5113
vn -0.1974 -0.9472 -0.2526
vn -0.3081 -0.8059 -0.5056
vn -0.1731 -0.8418 -0.5113
vn -0.3465 -0.9057 -0.2442
vn 0.3610 -0.9261 -0.1099
vn 0.5981 -0.7634 -0.2439
vn 0.6151 -0.7807 -0.1104
vn 0.3472 -0.9074 -0.2367
vn -0.6153 -0.7494 0.2445
vn -0.3705 -0.9222 0.1103
vn -0.3610 -0.9024 0.2354
vn -0.6285 -0.7700 0.1100
vn -0.3705 -0.9222 -0.1104
vn -0.6153 -0.7494 -0.2445
vn -0.3610 -0.9024 -0.2354
vn -0.6285 -0.7700 -0.1100
vn 0.3223 -0.8019 -0.5031
vn 0.3223 -0.8019 0.5031
vn 0.7151 -0.6523 -0.2514
vn 0.7372 -0.6667 -0.1098
vn 0.5981 -0.7634 -0.2440
vn 0.7151 -0.6523 0.2514
vn 0.7372 -0.6667 0.1098
vn -0.7411 -0.6623 -0.1104
vn -0.7226 -0.6440 -0.2513
vn -0.6286 -0.7699 -0.1100
vn -0.7226 -0.6440 0.2513
vn -0.6286 -0.7699 0.1100
vn -0.7411 -0.6623 0.1104
vn -0.5510 -0.6770 0.4880
vn -0.3466 -0.9057 0.2442
vn -0.5992 -0.7648 0.2366
vn -0.5510 -0.6770 -0.4880
vn -0.3082 -0.8059 -0.5056
vn -0.5992 -0.7648 -0.2366
vn 0.5615 -0.6723 0.4824
vn 0.3629 -0.8992 -0.2446
vn 0.5615 -0.6723 -0.4824
vn 0.3224 -0.8019 -0.5031
vn -0.1496 -0.9842 -0.0945
vn -0.3705 -0.9223 -0.1103
vn -0.3609 -0.9024 -0.2354
vn -0.1421 -0.9630 -0.2289
vn -0.3609 -0.9024 0.2354
vn -0.1496 -0.9842 0.0945
vn -0.1421 -0.9630 0.2289
vn -0.3705 -0.9223 0.1104
vn 0.1419 -0.9854 -0.0946
vn 0.3471 -0.9074 -0.2367
vn 0.1343 -0.9641 -0.2291
vn 0.3471 -0.9074 0.2367
vn 0.1344 -0.9641 0.2291
vn 0.1419 -0.9854 0.0946
vn 0.5300 -0.6803 0.5062
vn 0.3006 -0.8227 0.4825
vn 0.5981 -0.7634 0.2440
vn 0.3472 -0.9074 -0.2368
vn 0.5300 -0.6803 -0.5062
vn 0.3006 -0.8227 -0.4825
vn -0.5441 -0.6703 0.5046
vn -0.3137 -0.8156 0.4862
vn -0.6153 -0.7494 0.2446
vn -0.5441 -0.6703 -0.5046
vn -0.6153 -0.7494 -0.2446
vn -0.3137 -0.8156 -0.4862
vn 0.6381 -0.5751 0.5120
vn 0.6381 -0.5751 -0.5120
vn -0.7225 -0.6440 -0.2513
vn -0.6427 -0.5722 -0.5094
vn -0.6427 -0.5722 0.5094
vn -0.7225 -0.6440 0.2513
vn -0.1421 -0.9630 0.2290
vn -0.1025 -0.8751 0.4730
vn -0.1421 -0.9630 -0.2290
vn -0.3136 -0.8156 -0.4862
vn -0.1025 -0.8751 -0.4730
vn 0.1025 -0.8751 0.4730
vn 0.1343 -0.9641 0.2292
vn 0.3471 -0.9074 0.2368
vn 0.1343 -0.9641 -0.2292
vn 0.3471 -0.9074 -0.2368
vn 0.1025 -0.8751 -0.4730
vn -0.1731 -0.8418 -0.5114
vn -0.1501 -0.6872 -0.7108
vn -0.0000 -0.8589 -0.5122
vn -0.0000 -0.7032 -0.7110
vn -0.1500 -0.6872 0.7108
vn -0.0000 -0.7032 0.7110
vn -0.1731 -0.8417 0.5114
vn 0.1578 -0.6863 -0.7100
vn 0.1807 -0.8406 -0.5107
vn -0.0000 -0.7031 -0.7110
vn 0.1578 -0.6863 0.7100
vn 0.1807 -0.8406 0.5107
vn -0.3081 -0.8058 -0.5057
vn -0.2516 -0.6604 -0.7075
vn -0.1731 -0.8417 -0.5114
vn -0.2516 -0.6604 0.7075
vn -0.1501 -0.6872 0.7108
vn -0.3081 -0.8058 0.5057
vn 0.2589 -0.6591 0.7061
vn 0.2589 -0.6591 -0.7061
vn 0.3223 -0.8018 -0.5032
vn -0.5510 -0.6769 -0.4880
vn -0.4651 -0.5598 -0.6858
vn -0.4651 -0.5597 0.6858
vn -0.5509 -0.6769 0.4881
vn 0.3223 -0.8018 0.5032
vn 0.4733 -0.5523 0.6863
vn 0.5615 -0.6723 0.4825
vn 0.3223 -0.8018 -0.5031
vn 0.4733 -0.5523 -0.6863
vn 0.5615 -0.6723 -0.4825
vn 0.3006 -0.8227 -0.4826
vn 0.4408 -0.5511 -0.7085
vn 0.5300 -0.6803 -0.5063
vn 0.2444 -0.6857 -0.6857
vn 0.2444 -0.6857 0.6857
vn 0.3006 -0.8227 0.4826
vn 0.4408 -0.5511 0.7085
vn 0.5300 -0.6803 0.5063
vn -0.5441 -0.6703 -0.5047
vn -0.4553 -0.5417 -0.7065
vn -0.2518 -0.6843 -0.6843
vn -0.4553 -0.5417 0.7066
vn -0.2517 -0.6843 0.6843
vn -0.5441 -0.6703 0.5047
vn -0.2517 -0.6844 -0.6843
vn -0.3136 -0.8156 -0.4863
vn -0.0554 -0.7519 -0.6569
vn -0.2517 -0.6844 0.6843
vn -0.0554 -0.7519 0.6569
vn 0.2443 -0.6857 0.6857
vn 0.0551 -0.7553 0.6530
vn 0.1025 -0.8751 -0.4731
vn 0.2443 -0.6857 -0.6857
vn 0.0551 -0.7553 -0.6530
vn 0.5189 -0.4796 -0.7076
vn 0.6380 -0.5750 -0.5121
vn -0.5441 -0.6702 -0.5047
vn -0.6427 -0.5722 -0.5095
vn -0.5209 -0.4735 -0.7103
vn -0.4554 -0.5417 -0.7065
vn 0.6381 -0.5750 -0.5121
vn 0.6077 -0.3552 -0.7103
vn 0.7436 -0.4272 -0.5143
vn 0.5190 -0.4796 -0.7076
vn -0.7436 -0.4272 -0.5143
vn -0.6077 -0.3552 -0.7103
vn -0.6427 -0.5721 -0.5095
vn -0.0000 -0.5122 -0.8589
vn -0.1500 -0.6871 -0.7109
vn -0.1333 -0.5019 -0.8546
vn -0.0000 -0.7031 -0.7111
vn 0.1333 -0.5019 -0.8546
vn 0.1577 -0.6863 -0.7100
vn -0.1333 -0.5018 -0.8546
vn -0.2516 -0.6604 -0.7076
vn -0.3618 -0.4169 -0.8338
vn -0.4651 -0.5597 -0.6859
vn -0.1501 -0.6871 -0.7109
vn 0.1333 -0.5018 -0.8546
vn 0.3698 -0.4092 -0.8341
vn 0.2589 -0.6590 -0.7062
vn 0.4733 -0.5522 -0.6863
vn 0.1728 -0.5263 -0.8326
vn 0.0551 -0.7553 -0.6531
vn -0.0158 -0.5924 -0.8055
vn 0.0158 -0.5923 -0.8055
vn -0.0554 -0.7519 -0.6570
vn -0.1735 -0.5206 -0.8360
vn -0.4553 -0.5417 -0.7066
vn -0.5208 -0.4735 -0.7103
vn -0.3692 -0.3614 -0.8562
vn -0.1735 -0.5205 -0.8360
vn -0.2517 -0.6843 -0.6844
vn 0.4476 -0.2591 -0.8559
vn 0.3614 -0.3692 -0.8562
vn 0.4408 -0.5510 -0.7085
vn 0.1729 -0.5263 -0.8326
vn 0.2444 -0.6856 -0.6857
vn -0.4476 -0.2592 -0.8559
vn -0.3692 -0.3613 -0.8562
vn -0.6770 -0.3228 -0.6614
vn -0.5427 -0.1023 -0.8337
vn -0.5127 -0.2998 -0.8045
vn -0.6204 -0.4241 -0.6597
vn -0.3619 -0.4169 -0.8338
vn -0.5209 -0.2841 -0.8049
vn 0.3699 -0.4092 -0.8341
vn 0.5209 -0.2841 -0.8049
vn -0.0158 -0.5923 -0.8056
vn 0.1024 -0.3311 -0.9380
vn 0.1728 -0.5262 -0.8326
vn -0.6771 -0.3228 -0.6613
vn -0.7177 -0.1184 -0.6862
vn 0.6788 -0.3315 -0.6552
vn 0.5422 -0.1101 -0.8330
vn 0.5115 -0.3069 -0.8026
vn 0.0158 -0.5923 -0.8056
vn -0.1024 -0.3311 -0.9380
vn -0.1649 -0.2906 -0.9425
vn -0.5427 0.1022 -0.8337
vn -0.6935 -0.1261 -0.7093
vn -0.7177 0.1183 -0.6862
vn -0.5047 -0.1419 -0.8516
vn -0.6697 -0.2206 -0.7091
vn -0.4476 -0.2591 -0.8559
vn -0.6077 -0.3551 -0.7103
vn -0.1333 -0.5018 -0.8547
vn -0.2291 -0.2528 -0.9400
vn -0.0000 -0.3068 -0.9518
vn -0.0000 -0.5121 -0.8589
vn 0.1333 -0.5018 -0.8547
vn 0.2365 -0.2523 -0.9383
vn 0.6077 -0.3551 -0.7103
vn 0.5018 -0.1333 -0.8546
vn 0.6994 -0.1022 -0.7073
vn 0.5422 0.1100 -0.8330
vn 0.1649 -0.2906 -0.9425
vn 0.4475 -0.2591 -0.8559
vn 0.3613 -0.3691 -0.8562
vn 0.2675 -0.1495 -0.9519
vn 0.1025 -0.3311 -0.9380
vn 0.3613 -0.3692 -0.8563
vn -0.4475 -0.2591 -0.8559
vn -0.2675 -0.1495 -0.9519
vn -0.1025 -0.3311 -0.9380
vn -0.3854 0.4561 -0.8022
vn -0.3697 0.8181 -0.4405
vn -0.2525 0.8206 -0.5128
vn -0.1971 0.4416 -0.8753
vn -0.1180 0.8417 -0.5270
vn -0.1025 0.9380 -0.3311
vn -0.0078 0.9379 -0.3468
vn -0.0000 0.4409 -0.8976
vn -0.0000 0.8345 -0.5510
vn 0.1180 0.8417 -0.5270
vn 0.1971 0.4416 -0.8753
vn -0.1815 0.6075 -0.7733
vn -0.0000 0.6063 -0.7953
vn -0.0000 0.0863 -0.9963
vn -0.4486 0.0866 -0.8895
vn -0.6554 0.0869 -0.7503
vn -0.5124 0.6227 -0.5913
vn -0.6284 -0.2671 -0.7306
vn -0.3535 0.6126 -0.7069
vn -0.4264 -0.2526 -0.8685
vn -0.2286 0.0867 -0.9696
vn -0.2129 -0.2444 -0.9460
vn -0.0000 -0.2444 -0.9697
vn 0.3613 -0.3692 -0.8562
vn 0.3388 -0.0788 -0.9375
vn 0.5422 -0.1100 -0.8330
vn -0.3390 -0.0710 -0.9381
vn -0.5127 -0.2997 -0.8046
vn -0.5426 -0.1023 -0.8337
vn -0.3304 -0.0001 -0.9439
vn 0.3388 -0.0788 -0.9376
vn 0.5114 -0.3069 -0.8027
vn 0.3374 -0.0000 -0.9414
vn -0.2291 -0.2527 -0.9400
vn -0.5208 -0.2841 -0.8050
vn 0.5018 0.1333 -0.8546
vn 0.6762 0.2044 -0.7077
vn 0.6762 0.2045 -0.7077
vn 0.4476 0.2591 -0.8559
vn 0.6077 0.3551 -0.7103
vn -0.3390 0.0709 -0.9381
vn -0.5046 -0.1419 -0.8516
vn 0.2366 -0.2523 -0.9383
vn 0.5209 -0.2841 -0.8050
vn 0.3699 -0.4091 -0.8341
vn 0.1650 -0.2906 -0.9425
vn -0.5047 0.1419 -0.8516
vn -0.5427 -0.1022 -0.8337
vn -0.6935 0.1261 -0.7093
vn -0.7177 -0.1183 -0.6862
vn -0.6697 0.2206 -0.7091
vn -0.4476 0.2591 -0.8559
vn -0.6077 0.3551 -0.7104
vn -0.5047 0.1420 -0.8516
vn 0.5018 -0.1333 -0.8547
vn 0.3388 0.0788 -0.9376
vn 0.0790 0.9401 -0.3318
vn 0.3853 0.4561 -0.8022
vn 0.1734 0.9382 -0.2996
vn 0.2525 0.8205 -0.5128
vn 0.4487 0.0866 -0.8895
vn 0.6554 0.0869 -0.7502
vn 0.6284 -0.2671 -0.7306
vn 0.5124 0.6228 -0.5913
vn 0.4264 -0.2526 -0.8685
vn 0.3535 0.6126 -0.7069
vn 0.2286 0.0867 -0.9696
vn 0.2129 -0.2444 -0.9460
vn 0.1815 0.6075 -0.7733
vn -0.0000 0.6062 -0.7953
vn -0.1887 0.9355 -0.2987
vn -0.5681 0.4655 -0.6786
vn -0.1650 -0.2906 -0.9425
vn 0.3388 0.0787 -0.9376
vn 0.2675 -0.1494 -0.9519
vn 0.6077 0.3552 -0.7103
vn 0.5189 0.4796 -0.7076
vn 0.6381 0.5750 -0.5121
vn 0.7436 0.4272 -0.5143
vn -0.6077 0.3552 -0.7103
vn -0.6427 0.5721 -0.5095
vn -0.5209 0.4735 -0.7103
vn -0.7411 0.4337 -0.5125
vn -0.0000 -0.1260 -0.9920
vn 0.1102 -0.0630 -0.9919
vn 0.1025 -0.3310 -0.9380
vn -0.1102 -0.0630 -0.9919
vn -0.2290 -0.2527 -0.9400
vn 0.3388 -0.0787 -0.9376
vn 0.5018 0.1333 -0.8547
vn 0.2675 0.1495 -0.9519
vn 0.4475 0.2591 -0.8559
vn -0.3717 0.3638 -0.8541
vn -0.2675 0.1495 -0.9519
vn -0.5046 0.1419 -0.8516
vn -0.3390 -0.0709 -0.9381
vn -0.5441 0.6702 -0.5047
vn -0.6427 0.5722 -0.5095
vn -0.4554 0.5417 -0.7066
vn 0.5300 0.6803 -0.5063
vn 0.4409 0.5511 -0.7085
vn 0.6380 0.5751 -0.5121
vn -0.5427 0.1023 -0.8337
vn -0.6770 0.3228 -0.6614
vn -0.5095 0.2978 -0.8073
vn -0.6771 0.3228 -0.6613
vn 0.3614 0.3692 -0.8562
vn 0.3613 0.3692 -0.8562
vn 0.4408 0.5510 -0.7085
vn 0.1728 0.5263 -0.8326
vn 0.2443 0.6857 -0.6857
vn 0.6788 0.3315 -0.6552
vn 0.5422 0.1101 -0.8330
vn -0.4553 0.5417 -0.7066
vn -0.1736 0.5205 -0.8360
vn -0.2517 0.6843 -0.6844
vn -0.5208 0.4735 -0.7103
vn 0.1102 0.0630 -0.9919
vn 0.3373 -0.0000 -0.9414
vn 0.3387 0.0788 -0.9376
vn 0.3387 -0.0788 -0.9376
vn 0.2675 0.1494 -0.9519
vn -0.3389 -0.0710 -0.9381
vn -0.1103 0.0630 -0.9919
vn -0.3303 -0.0000 -0.9439
vn -0.3389 0.0710 -0.9381
vn 0.5115 0.3069 -0.8026
vn 0.5114 0.3069 -0.8026
vn 0.3388 0.0788 -0.9375
vn 0.3373 0.0001 -0.9414
vn -0.5209 0.2841 -0.8050
vn -0.6204 0.4241 -0.6597
vn -0.3619 0.4169 -0.8338
vn -0.4651 0.5597 -0.6859
vn 0.3699 0.4092 -0.8341
vn 0.5209 0.2841 -0.8050
vn 0.4733 0.5522 -0.6863
vn -0.1735 0.5205 -0.8360
vn -0.1025 0.3311 -0.9380
vn -0.4475 0.2591 -0.8559
vn 0.3613 0.3692 -0.8563
vn 0.1025 0.3311 -0.9380
vn 0.1728 0.5262 -0.8326
vn -0.1025 0.3310 -0.9380
vn 0.1025 0.3310 -0.9380
vn -0.1650 0.2906 -0.9425
vn -0.5208 0.2841 -0.8050
vn -0.2291 0.2528 -0.9400
vn -0.3618 0.4169 -0.8338
vn 0.2366 0.2523 -0.9383
vn 0.3699 0.4091 -0.8341
vn 0.1650 0.2906 -0.9425
vn -0.0000 0.7031 -0.7111
vn -0.0000 0.5122 -0.8589
vn -0.1500 0.6871 -0.7109
vn -0.1333 0.5018 -0.8546
vn 0.1577 0.6863 -0.7100
vn 0.1333 0.5018 -0.8546
vn 0.3698 0.4092 -0.8341
vn 0.2589 0.6590 -0.7062
vn 0.1578 0.6863 -0.7100
vn -0.2516 0.6604 -0.7076
vn -0.1501 0.6871 -0.7109
vn 0.2365 0.2523 -0.9383
vn 0.1333 0.5018 -0.8547
vn 0.3698 0.4092 -0.8342
vn -0.0000 0.3068 -0.9518
vn -0.0000 0.5121 -0.8589
vn -0.1333 0.5018 -0.8547
vn -0.3390 0.0710 -0.9381
vn -0.5094 0.2978 -0.8073
vn -0.5426 0.1023 -0.8337
vn -0.1102 0.0630 -0.9919
vn -0.1649 0.2906 -0.9425
vn -0.0000 0.1260 -0.9920
vn -0.2291 0.2527 -0.9400
vn 0.1649 0.2906 -0.9425
vn -0.0000 -0.1259 -0.9920
vn -0.1102 -0.0629 -0.9919
vn -0.0000 0.1259 -0.9920
vn 0.0158 0.5923 -0.8056
vn -0.1024 0.3311 -0.9380
vn -0.0158 0.5923 -0.8056
vn 0.1727 0.5262 -0.8326
vn 0.0551 0.7553 -0.6531
vn -0.0158 0.5923 -0.8055
vn -0.0551 0.7480 -0.6614
vn -0.1735 0.5206 -0.8360
vn 0.0158 0.5923 -0.8055
vn 0.1024 0.3311 -0.9380
vn 0.4258 -0.2287 -0.8754
vn 0.2127 -0.2757 -0.9374
vn 0.4266 -0.2765 -0.8612
vn 0.2125 -0.2203 -0.9520
vn -0.0000 -0.2684 -0.9633
vn -0.2124 -0.2203 -0.9520
vn -0.2127 -0.2757 -0.9374
vn -0.0000 -0.2203 -0.9754
vn 0.2124 -0.2203 -0.9520
vn -0.4258 -0.2287 -0.8754
vn -0.4266 -0.2765 -0.8611
vn -0.2125 -0.2203 -0.9520
vn 0.6250 -0.2373 -0.7437
vn 0.4266 -0.2765 -0.8611
vn 0.6195 -0.2902 -0.7294
vn 0.4259 -0.2287 -0.8754
vn 0.4264 -0.2527 -0.8685
vn 0.4267 -0.2765 -0.8611
vn -0.6250 -0.2373 -0.7437
vn -0.6195 -0.2901 -0.7294
vn -0.4259 -0.2287 -0.8754
vn -0.6195 -0.2902 -0.7294
vn -0.4264 -0.2527 -0.8685
vn -0.0000 -0.2685 -0.9633
vn 0.2128 -0.2444 -0.9460
vn -0.2128 -0.2444 -0.9460
vn 0.4263 -0.2527 -0.8686
vn -0.8385 -0.4825 0.2531
vn -0.9429 -0.3143 0.1100
vn -0.8605 -0.4973 0.1105
vn -0.9183 -0.3061 0.2511
vn -0.8605 -0.4974 0.1105
vn -0.8385 -0.4826 0.2531
vn -0.7411 -0.6622 0.1104
vn -0.8605 -0.4974 -0.1105
vn -0.7411 -0.6622 -0.1104
vn -0.8385 -0.4826 -0.2531
vn -0.8385 -0.4825 -0.2531
vn -0.9429 -0.3143 -0.1100
vn -0.9183 -0.3061 -0.2511
vn -0.8605 -0.4973 -0.1105
vn -0.8385 -0.4826 0.2532
vn -0.7437 -0.4272 0.5142
vn -0.7226 -0.6440 0.2514
vn -0.8385 -0.4826 -0.2532
vn -0.7225 -0.6440 -0.2514
vn -0.7437 -0.4272 -0.5142
vn -0.7782 -0.6209 -0.0943
vn -0.5993 -0.7648 -0.2365
vn -0.6114 -0.7837 -0.1097
vn -0.7626 -0.6054 -0.2279
vn -0.5993 -0.7648 0.2365
vn -0.7626 -0.6054 0.2279
vn -0.7781 -0.6210 0.0943
vn -0.6114 -0.7837 0.1097
vn -0.9183 -0.3061 0.2512
vn -0.8155 -0.2745 0.5096
vn -0.8385 -0.4825 0.2532
vn -0.9183 -0.3061 -0.2512
vn -0.8155 -0.2745 -0.5096
vn -0.9786 -0.1736 -0.1105
vn -0.9553 -0.1658 -0.2447
vn -0.9786 -0.1736 0.1105
vn -0.9553 -0.1658 0.2447
vn -0.5510 -0.6769 0.4880
vn -0.7005 -0.5352 0.4722
vn -0.7626 -0.6053 0.2280
vn -0.5993 -0.7648 0.2366
vn -0.7626 -0.6054 -0.2280
vn -0.5993 -0.7648 -0.2366
vn -0.7005 -0.5352 -0.4722
vn -0.8155 -0.2744 0.5096
vn -0.9553 -0.1658 0.2448
vn -0.8506 -0.1497 0.5041
vn -0.9553 -0.1658 -0.2448
vn -0.8155 -0.2744 -0.5096
vn -0.8506 -0.1496 -0.5040
vn -0.9858 0.1261 0.1104
vn -0.9633 0.1263 0.2368
vn -0.9858 0.1261 -0.1104
vn -0.9633 0.1263 -0.2368
vn -0.9858 -0.1262 -0.1104
vn -0.9066 -0.3548 -0.2286
vn -0.9302 -0.3547 -0.0946
vn -0.9633 -0.1264 -0.2368
vn -0.9633 -0.1264 0.2369
vn -0.9858 -0.1262 0.1104
vn -0.9066 -0.3548 0.2286
vn -0.9302 -0.3547 0.0946
vn -0.8154 -0.2744 -0.5097
vn -0.7437 -0.4272 -0.5143
vn -0.6697 -0.2206 0.7091
vn -0.8154 -0.2744 0.5097
vn -0.6077 -0.3551 0.7103
vn -0.7437 -0.4272 0.5143
vn -0.8506 -0.1496 0.5040
vn -0.9633 0.1263 0.2369
vn -0.8643 0.1257 0.4871
vn -0.8642 -0.1257 0.4871
vn -0.8128 -0.3393 0.4735
vn -0.9066 -0.3547 0.2287
vn -0.9633 -0.1264 -0.2369
vn -0.8128 -0.3393 -0.4734
vn -0.9066 -0.3547 -0.2286
vn -0.8642 -0.1257 -0.4871
vn -0.9633 0.1263 -0.2369
vn -0.8643 0.1257 -0.4871
vn -0.6204 -0.4241 0.6597
vn -0.7004 -0.5352 0.4722
vn -0.4652 -0.5597 0.6858
vn -0.4651 -0.5597 -0.6858
vn -0.5510 -0.6769 -0.4881
vn -0.7004 -0.5352 -0.4722
vn -0.6935 -0.1261 0.7093
vn -0.8506 -0.1497 -0.5041
vn -0.6936 -0.1261 -0.7093
vn -0.9633 -0.1263 0.2368
vn -0.9553 0.1658 0.2447
vn -0.9858 -0.1261 0.1104
vn -0.9786 0.1736 0.1105
vn -0.9858 -0.1261 -0.1104
vn -0.9553 0.1658 -0.2447
vn -0.9633 -0.1263 -0.2368
vn -0.9786 0.1736 -0.1105
vn -0.8642 -0.1258 0.4871
vn -0.6771 -0.3228 0.6613
vn -0.7177 -0.1184 0.6862
vn -0.8642 -0.1258 -0.4872
vn -0.8643 -0.1257 0.4871
vn -0.8506 0.1496 0.5040
vn -0.9633 -0.1263 0.2369
vn -0.9553 0.1658 0.2448
vn -0.9633 -0.1263 -0.2369
vn -0.8506 0.1496 -0.5040
vn -0.8643 -0.1257 -0.4871
vn -0.9553 0.1658 -0.2448
vn -0.8642 0.1257 -0.4872
vn -0.8506 -0.1496 -0.5041
vn -0.6936 -0.1261 0.7093
vn -0.7177 0.1183 0.6862
vn -0.8642 0.1257 0.4871
vn -0.8506 -0.1496 0.5041
vn -0.9429 0.3143 -0.1100
vn -0.9183 0.3061 -0.2511
vn -0.9429 0.3143 0.1100
vn -0.9183 0.3061 0.2511
vn -0.8128 -0.3393 -0.4735
vn -0.8155 0.2744 0.5096
vn -0.9183 0.3061 0.2512
vn -0.9183 0.3061 -0.2512
vn -0.8155 0.2744 -0.5096
vn -0.8506 0.1497 -0.5040
vn -0.8506 0.1496 -0.5041
vn -0.6936 0.1261 -0.7093
vn -0.6936 0.1261 0.7093
vn -0.8642 -0.1257 0.4872
vn -0.7177 -0.1183 0.6862
vn -0.8506 0.1496 0.5041
vn -0.8155 0.2745 0.5096
vn -0.7412 0.4336 0.5125
vn -0.8385 0.4825 0.2532
vn -0.7412 0.4336 -0.5125
vn -0.8385 0.4825 -0.2532
vn -0.8155 0.2745 -0.5096
vn -0.8605 0.4974 -0.1105
vn -0.7226 0.6440 -0.2513
vn -0.8385 0.4826 -0.2531
vn -0.7411 0.6622 -0.1104
vn -0.8385 0.4825 -0.2531
vn -0.8605 0.4973 -0.1105
vn -0.8385 0.4826 0.2531
vn -0.7226 0.6440 0.2513
vn -0.8605 0.4974 0.1105
vn -0.7411 0.6622 0.1104
vn -0.8385 0.4825 0.2531
vn -0.8605 0.4973 0.1105
vn -0.8506 0.1497 -0.5041
vn -0.8154 0.2744 -0.5097
vn -0.6697 0.2206 0.7091
vn -0.8506 0.1497 0.5041
vn -0.8154 0.2744 0.5097
vn -0.3697 0.8181 0.4405
vn -0.7239 0.4799 0.4957
vn -0.5682 0.4655 0.6786
vn -0.9527 0.0866 0.2913
vn -0.6453 0.6295 0.4328
vn -0.7414 0.6309 0.2287
vn -0.9962 0.0870 -0.0000
vn -0.7817 0.6237 -0.0000
vn -0.7414 0.6309 -0.2287
vn -0.9527 0.0866 -0.2913
vn -0.6453 0.6295 -0.4328
vn -0.9157 -0.2842 -0.2842
vn -0.7972 -0.2763 -0.5368
vn -0.8313 0.0863 -0.5490
vn -0.5124 0.6228 -0.5913
vn -0.6285 -0.2671 -0.7306
vn -0.6555 0.0869 -0.7502
vn -0.7411 0.4336 -0.5125
vn -0.6077 0.3551 -0.7103
vn -0.6077 0.3552 0.7103
vn -0.7411 0.4336 0.5125
vn -0.6427 0.5722 -0.5094
vn -0.8385 0.4826 -0.2532
vn -0.8385 0.4826 0.2532
vn -0.7411 0.4337 0.5125
vn -0.6427 0.5722 0.5094
vn -0.9066 0.3547 0.2286
vn -0.9858 0.1262 0.1104
vn -0.9633 0.1264 0.2368
vn -0.9302 0.3547 0.0946
vn -0.9858 0.1262 -0.1104
vn -0.9302 0.3547 -0.0946
vn -0.9066 0.3547 -0.2286
vn -0.9633 0.1264 -0.2369
vn -0.8314 0.0863 0.5490
vn -0.6285 -0.2671 0.7306
vn -0.6555 0.0869 0.7502
vn -0.5124 0.6227 0.5913
vn -0.7972 -0.2762 0.5368
vn -0.9157 -0.2842 0.2842
vn -0.9591 -0.2830 -0.0000
vn -0.3632 0.9316 0.0158
vn -0.3058 0.9489 0.0784
vn -0.8312 0.4908 0.2612
vn -0.8312 0.4908 -0.2612
vn -0.3476 0.9320 -0.1027
vn -0.7239 0.4799 -0.4957
vn -0.5188 0.7783 -0.3537
vn -0.6067 0.7721 -0.1891
vn -0.8678 0.4969 -0.0000
vn -0.6789 0.7342 -0.0000
vn -0.6067 0.7721 0.1891
vn -0.5188 0.7783 0.3538
vn -0.8128 0.3393 -0.4734
vn -0.8642 0.1257 -0.4871
vn -0.8128 0.3393 0.4735
vn -0.9633 0.1264 0.2369
vn -0.6771 0.3228 0.6613
vn -0.7177 0.1184 0.6862
vn -0.7177 0.1184 -0.6862
vn -0.8642 0.1258 0.4871
vn -0.8128 0.3393 -0.4735
vn -0.5993 0.7648 0.2365
vn -0.7781 0.6210 0.0943
vn -0.7626 0.6054 0.2280
vn -0.6114 0.7837 0.1097
vn -0.6114 0.7837 -0.1097
vn -0.5993 0.7648 -0.2365
vn -0.7781 0.6210 -0.0943
vn -0.7626 0.6054 -0.2280
vn -0.5510 0.6769 0.4880
vn -0.7005 0.5352 0.4722
vn -0.5993 0.7648 0.2366
vn -0.5993 0.7648 -0.2366
vn -0.5510 0.6769 -0.4880
vn -0.7005 0.5352 -0.4722
vn -0.5510 0.6769 -0.4881
vn -0.4651 0.5597 -0.6858
vn -0.7004 0.5352 -0.4722
vn -0.6205 0.4241 -0.6597
vn -0.6204 0.4241 0.6597
vn -0.4651 0.5597 0.6858
vn -0.7004 0.5352 0.4722
vn -0.5510 0.6769 0.4881
vn -0.7889 -0.2998 0.5365
vn -0.8016 -0.2515 0.5423
vn -0.6250 -0.2373 0.7436
vn -0.6196 -0.2902 0.7293
vn -0.6285 -0.2671 0.7305
vn -0.7972 -0.2763 0.5368
vn -0.6285 -0.2671 -0.7305
vn -0.6196 -0.2902 -0.7293
vn -0.7889 -0.2998 -0.5365
vn -0.6250 -0.2373 -0.7436
vn -0.8016 -0.2515 -0.5423
vn -0.8017 -0.2515 0.5423
vn -0.7889 -0.2998 0.5364
vn -0.9057 -0.3150 0.2836
vn -0.9207 -0.2597 0.2912
vn -0.9057 -0.3151 0.2836
vn -0.7972 -0.2763 0.5367
vn -0.7889 -0.2998 -0.5364
vn -0.9057 -0.3151 -0.2836
vn -0.7972 -0.2763 -0.5367
vn -0.8017 -0.2515 -0.5423
vn -0.9057 -0.3150 -0.2836
vn -0.9207 -0.2597 -0.2912
vn -0.9208 -0.2597 0.2912
vn -0.9058 -0.3150 0.2835
vn -0.9487 -0.3162 0.0001
vn -0.9658 -0.2591 0.0001
vn -0.9057 -0.3151 0.2835
vn -0.9487 -0.3163 -0.0000
vn -0.9057 -0.3151 -0.2835
vn -0.9487 -0.3162 -0.0000
vn -0.9208 -0.2597 -0.2912
vn -0.9057 -0.3150 -0.2835
vn -0.9658 -0.2591 -0.0001
vn -0.8312 0.4908 0.2613
vn -0.3138 0.9337 0.1726
vn -0.7238 0.4800 0.4957
vn -0.2440 0.9365 0.2518
vn -0.5681 0.4656 0.6786
vn -0.1577 0.9384 0.3075
vn 0.0941 0.9728 -0.2118
vn -0.3853 0.4562 0.8021
vn 0.0472 0.9760 -0.2125
vn -0.0710 0.9381 0.3390
vn -0.2525 0.8205 -0.5128
vn -0.2525 0.8205 0.5128
vn 0.0236 0.9377 0.3467
vn -0.0316 0.9782 -0.2051
vn -0.0000 0.8865 -0.4628
vn -0.1180 0.8416 -0.5270
vn -0.1180 0.8416 0.5270
vn -0.0000 0.8345 0.5511
vn -0.0000 0.8345 -0.5511
vn 0.1180 0.8416 -0.5270
vn 0.1180 0.8416 0.5270
vn 0.2525 0.8205 0.5128
vn 0.3698 0.8181 0.4405
vn 0.5681 0.4656 0.6786
vn 0.3854 0.4562 0.8021
vn 0.1496 0.9372 0.3150
vn 0.0866 0.9451 0.3150
vn 0.2361 0.9364 0.2597
vn 0.7238 0.4800 0.4957
vn -0.1022 0.9751 -0.1966
vn 0.3063 0.9346 0.1806
vn -0.0944 0.8808 -0.4640
vn -0.0000 0.6063 -0.7952
vn 0.8312 0.4908 0.2613
vn -0.1815 0.6076 -0.7732
vn -0.2047 0.8817 -0.4251
vn -0.1415 0.9747 -0.1729
vn -0.1731 0.9758 -0.1338
vn -0.3003 0.8851 -0.3556
vn -0.3535 0.6127 -0.7069
vn -0.1971 0.9778 -0.0710
vn -0.2128 0.9771 -0.0000
vn -0.1971 0.9778 0.0710
vn -0.3708 0.8915 -0.2603
vn -0.4242 0.8957 -0.1336
vn -0.5124 0.6228 -0.5912
vn -0.6452 0.6296 -0.4328
vn -0.4243 0.8956 0.1335
vn -0.3708 0.8915 0.2603
vn -0.4409 0.8976 -0.0000
vn -0.7413 0.6310 0.2287
vn -0.7816 0.6238 -0.0000
vn -0.7413 0.6310 -0.2287
vn -0.0315 0.9766 0.2127
vn 0.0790 0.9401 -0.3317
vn -0.0079 0.9379 -0.3468
vn -0.0864 0.9735 0.2120
vn 0.2513 0.9347 -0.2514
vn -0.1181 0.9763 0.1811
vn 0.3237 0.9315 -0.1658
vn -0.1573 0.9762 0.1494
vn -0.2047 0.8817 0.4251
vn -0.3003 0.8851 0.3556
vn -0.5124 0.6228 0.5912
vn -0.0944 0.8808 0.4640
vn -0.3534 0.6127 0.7069
vn -0.1815 0.6076 0.7732
vn -0.0000 0.8865 0.4628
vn -0.0000 0.6063 0.7952
vn 0.0158 0.9770 0.2127
vn 0.0944 0.8808 0.4640
vn 0.1815 0.6076 0.7732
vn 0.2047 0.8817 0.4251
vn 0.3535 0.6127 0.7069
vn 0.3003 0.8851 0.3556
vn 0.5124 0.6228 0.5912
vn 0.3708 0.8915 0.2603
vn 0.6453 0.6296 0.4328
vn 0.4243 0.8956 0.1336
vn 0.7413 0.6310 0.2287
vn 0.7816 0.6238 -0.0000
vn 0.4409 0.8975 -0.0000
vn 0.7413 0.6310 -0.2287
vn 0.6452 0.6296 -0.4328
vn 0.4242 0.8956 -0.1336
vn 0.5124 0.6228 -0.5912
vn 0.3708 0.8915 -0.2604
vn 0.3534 0.6127 -0.7069
vn 0.3003 0.8851 -0.3556
vn 0.1814 0.6076 -0.7732
vn 0.2047 0.8817 -0.4251
vn 0.0944 0.8808 -0.4640
vn -0.0000 0.8864 -0.4629
vn 0.1336 0.9744 -0.1807
vn 0.1653 0.9760 -0.1417
vn 0.1973 0.9783 -0.0631
vn 0.2127 0.9771 0.0078
vn -0.3631 0.9316 0.0158
vn 0.2047 0.9763 0.0709
vn 0.1811 0.9763 0.1181
vn -0.3475 0.9320 -0.1027
vn 0.1340 0.9771 0.1655
vn -0.2978 0.9326 -0.2037
vn 0.0707 0.9747 0.2122
vn -0.2357 0.9428 -0.2357
vn -0.1886 0.9355 -0.2987
vn -0.5681 0.4656 -0.6786
vn -0.7238 0.4800 -0.4957
vn -0.3853 0.4562 -0.8021
vn -0.5188 0.7782 -0.3538
vn -0.6790 0.7342 -0.0000
vn -0.5188 0.7782 0.3538
vn -0.6286 0.7699 0.1100
vn -0.7411 0.6623 0.1104
vn -0.6153 0.7494 0.2445
vn -0.7411 0.6623 -0.1104
vn -0.6286 0.7699 -0.1100
vn -0.6153 0.7494 -0.2445
vn 0.5981 0.7634 0.2439
vn 0.6151 0.7807 0.1104
vn 0.7372 0.6667 0.1098
vn 0.6151 0.7807 -0.1104
vn 0.7372 0.6667 -0.1098
vn 0.5981 0.7634 -0.2439
vn -0.6153 0.7494 0.2446
vn -0.5441 0.6703 0.5046
vn -0.7225 0.6440 0.2514
vn -0.7225 0.6440 -0.2514
vn -0.6153 0.7494 -0.2446
vn -0.5441 0.6703 -0.5046
vn 0.6381 0.5751 -0.5120
vn 0.5981 0.7634 -0.2440
vn 0.5300 0.6803 0.5062
vn 0.6381 0.5751 0.5120
vn 0.5981 0.7634 0.2440
vn -0.3773 0.9195 0.1100
vn -0.6285 0.7700 0.1100
vn -0.3610 0.9024 0.2354
vn -0.6285 0.7700 -0.1100
vn -0.3773 0.9195 -0.1100
vn -0.3610 0.9024 -0.2354
vn 0.3472 0.9074 0.2367
vn 0.3610 0.9261 0.1099
vn 0.3611 0.9260 -0.1099
vn 0.3472 0.9074 -0.2367
vn -0.3137 0.8156 0.4862
vn -0.5441 0.6703 -0.5047
vn -0.3137 0.8156 -0.4862
vn 0.3472 0.9074 0.2368
vn 0.3006 0.8227 0.4825
vn 0.5300 0.6803 0.5063
vn 0.3006 0.8227 -0.4825
vn 0.3628 0.8992 0.2445
vn 0.6128 0.7543 0.2357
vn 0.3705 0.9223 0.1104
vn 0.6242 0.7745 0.1027
vn -0.5992 0.7649 0.2365
vn -0.3542 0.9287 0.1102
vn -0.6113 0.7838 0.1097
vn -0.3466 0.9057 0.2441
vn 0.3705 0.9223 -0.1104
vn 0.6128 0.7543 -0.2357
vn 0.3628 0.8992 -0.2445
vn 0.6242 0.7745 -0.1027
vn -0.6113 0.7838 -0.1097
vn -0.3542 0.9287 -0.1102
vn -0.5992 0.7649 -0.2365
vn -0.3466 0.9057 -0.2441
vn -0.0000 0.9678 0.2518
vn 0.2049 0.9457 0.2522
vn -0.0000 0.9930 0.1182
vn 0.2055 0.9724 0.1107
vn -0.0000 0.9930 -0.1182
vn 0.2049 0.9457 -0.2521
vn -0.0000 0.9678 -0.2517
vn 0.2055 0.9724 -0.1107
vn -0.1973 0.9473 0.2525
vn -0.2040 0.9728 0.1098
vn -0.2040 0.9728 -0.1098
vn -0.1973 0.9472 -0.2526
vn -0.0000 0.9678 -0.2518
vn -0.3465 0.9057 0.2441
vn -0.1973 0.9472 0.2526
vn -0.3541 0.9287 0.1102
vn 0.2056 0.9724 0.1107
vn 0.2056 0.9724 -0.1107
vn -0.3465 0.9057 -0.2441
vn -0.3541 0.9287 -0.1102
vn 0.3223 0.8019 0.5031
vn 0.5615 0.6723 0.4824
vn 0.3628 0.8992 0.2446
vn -0.3465 0.9057 0.2442
vn -0.5510 0.6770 0.4880
vn -0.3081 0.8059 0.5056
vn -0.5992 0.7648 0.2366
vn 0.3629 0.8992 -0.2446
vn 0.5615 0.6723 -0.4824
vn 0.3223 0.8019 -0.5031
vn -0.5992 0.7649 -0.2366
vn -0.3465 0.9057 -0.2442
vn -0.5510 0.6770 -0.4880
vn -0.3081 0.8059 -0.5056
vn -0.2518 0.6843 0.6843
vn -0.4553 0.5417 0.7065
vn -0.5441 0.6703 0.5047
vn -0.4553 0.5417 -0.7065
vn -0.2518 0.6843 -0.6843
vn -0.0000 0.8589 0.5122
vn 0.1807 0.8406 0.5106
vn 0.1807 0.8406 -0.5106
vn -0.0000 0.8589 -0.5121
vn 0.2049 0.9457 -0.2522
vn 0.3007 0.8226 -0.4826
vn 0.2444 0.6857 -0.6857
vn 0.4409 0.5511 0.7085
vn 0.3006 0.8227 0.4826
vn 0.2444 0.6857 0.6857
vn 0.3628 0.8992 -0.2446
vn -0.1974 0.9472 -0.2526
vn -0.1731 0.8418 -0.5113
vn -0.1730 0.8418 -0.5113
vn -0.0000 0.8589 -0.5122
vn -0.1730 0.8418 0.5113
vn -0.1974 0.9472 0.2526
vn -0.1731 0.8418 0.5113
vn 0.5615 0.6723 -0.4825
vn 0.4733 0.5523 -0.6863
vn 0.3223 0.8018 -0.5031
vn 0.2589 0.6591 -0.7061
vn -0.3081 0.8058 -0.5057
vn -0.2516 0.6604 -0.7075
vn 0.4733 0.5523 0.6863
vn 0.3223 0.8018 0.5031
vn 0.2589 0.6591 0.7061
vn 0.5615 0.6723 0.4825
vn -0.2516 0.6604 0.7075
vn -0.3081 0.8058 0.5057
vn 0.1578 0.6863 0.7100
vn -0.0000 0.7032 0.7110
vn 0.1807 0.8406 0.5107
vn 0.1807 0.8406 -0.5107
vn -0.0000 0.7032 -0.7110
vn -0.1500 0.6872 -0.7108
vn -0.1731 0.8417 -0.5114
vn -0.1501 0.6872 0.7108
vn -0.1730 0.8418 0.5114
vn 0.3223 0.8018 0.5032
vn -0.1731 0.8417 0.5114
vn -0.1501 0.6872 -0.7108
vn -0.1496 0.9842 -0.0945
vn -0.3609 0.9024 -0.2354
vn -0.3772 0.9196 -0.1100
vn -0.1421 0.9630 -0.2289
vn -0.1496 0.9842 0.0945
vn -0.3609 0.9024 0.2354
vn -0.1421 0.9630 0.2289
vn -0.3772 0.9196 0.1100
vn 0.3471 0.9074 0.2367
vn 0.1419 0.9854 0.0946
vn 0.1343 0.9641 0.2291
vn 0.3610 0.9261 -0.1099
vn 0.3471 0.9074 -0.2367
vn 0.1419 0.9854 -0.0946
vn 0.1343 0.9641 -0.2291
vn -0.1421 0.9630 -0.2290
vn -0.3136 0.8156 -0.4862
vn -0.1025 0.8751 -0.4730
vn -0.1421 0.9630 0.2290
vn -0.3136 0.8156 0.4862
vn -0.1025 0.8751 0.4730
vn 0.3472 0.9074 -0.2368
vn 0.1343 0.9641 -0.2292
vn 0.1025 0.8751 -0.4730
vn 0.1343 0.9641 0.2292
vn 0.1025 0.8751 0.4730
vn -0.2517 0.6844 0.6843
vn -0.0551 0.7480 0.6614
vn -0.2517 0.6844 -0.6843
vn 0.3006 0.8227 -0.4826
vn 0.1025 0.8751 -0.4731
vn 0.0551 0.7553 -0.6530
vn 0.2443 0.6857 0.6857
vn 0.0551 0.7553 0.6530
vn 0.6790 0.7342 -0.0000
vn 0.5188 0.7782 -0.3538
vn 0.5188 0.7782 0.3538
vn 0.7238 0.4800 -0.4957
vn 0.5681 0.4656 -0.6786
vn 0.3853 0.4562 -0.8021
vn 0.5189 -0.4796 0.7076
vn 0.4409 -0.5511 0.7085
vn -0.5209 -0.4735 0.7103
vn -0.5441 -0.6702 0.5047
vn -0.4554 -0.5417 0.7065
vn -0.6427 -0.5722 0.5095
vn 0.6077 -0.3552 0.7103
vn 0.5190 -0.4796 0.7076
vn 0.6381 -0.5750 0.5121
vn 0.7436 -0.4272 0.5143
vn -0.6077 -0.3552 0.7103
vn -0.6427 -0.5721 0.5095
vn -0.7436 -0.4272 0.5143
vn -0.0000 -0.7031 0.7111
vn -0.0000 -0.5122 0.8589
vn -0.1500 -0.6871 0.7109
vn -0.1333 -0.5019 0.8546
vn 0.1333 -0.5018 0.8546
vn -0.2516 -0.6604 0.7076
vn -0.1501 -0.6871 0.7109
vn -0.1333 -0.5018 0.8546
vn -0.3618 -0.4169 0.8338
vn -0.4651 -0.5597 0.6859
vn 0.3698 -0.4092 0.8341
vn 0.2589 -0.6590 0.7061
vn 0.4733 -0.5522 0.6863
vn 0.1728 -0.5263 0.8326
vn 0.0551 -0.7553 0.6531
vn -0.0158 -0.5923 0.8055
vn -0.0554 -0.7519 0.6570
vn -0.1735 -0.5206 0.8360
vn -0.2517 -0.6843 0.6844
vn 0.0158 -0.5923 0.8055
vn -0.3692 -0.3614 0.8562
vn -0.1735 -0.5205 0.8360
vn -0.5208 -0.4735 0.7103
vn 0.4476 -0.2591 0.8559
vn 0.3614 -0.3692 0.8562
vn 0.1729 -0.5262 0.8326
vn 0.2444 -0.6856 0.6857
vn -0.4476 -0.2592 0.8559
vn -0.3692 -0.3613 0.8562
vn -0.5427 -0.1023 0.8337
vn -0.6770 -0.3228 0.6614
vn -0.5127 -0.2997 0.8045
vn -0.5209 -0.2841 0.8049
vn -0.3619 -0.4169 0.8338
vn 0.3699 -0.4092 0.8341
vn 0.5209 -0.2841 0.8050
vn 0.1025 -0.3311 0.9380
vn -0.0158 -0.5923 0.8056
vn 0.1727 -0.5262 0.8326
vn 0.7163 -0.1339 0.6848
vn 0.5423 -0.1101 0.8330
vn 0.0158 -0.5923 0.8056
vn -0.1024 -0.3311 0.9380
vn -0.1649 -0.2906 0.9425
vn -0.4476 -0.2591 0.8559
vn -0.5046 -0.1420 0.8516
vn -0.5047 -0.1419 0.8516
vn -0.5427 0.1022 0.8337
vn -0.0000 -0.5121 0.8589
vn -0.0000 -0.3068 0.9518
vn -0.1333 -0.5018 0.8547
vn -0.2291 -0.2528 0.9400
vn 0.2365 -0.2523 0.9383
vn 0.1333 -0.5018 0.8547
vn 0.5115 -0.3069 0.8026
vn 0.6788 -0.3315 0.6552
vn 0.5422 -0.1101 0.8330
vn 0.5114 -0.3069 0.8027
vn 0.3388 -0.0788 0.9376
vn 0.3373 -0.0000 0.9414
vn 0.6762 -0.2045 0.7077
vn 0.5018 -0.1333 0.8546
vn 0.6077 -0.3551 0.7103
vn 0.6762 -0.2044 0.7077
vn 0.5422 0.1100 0.8330
vn 0.1024 -0.3311 0.9380
vn 0.1649 -0.2906 0.9425
vn 0.3613 -0.3692 0.8562
vn 0.1728 -0.5262 0.8326
vn 0.2675 -0.1495 0.9519
vn 0.4475 -0.2591 0.8559
vn -0.1025 -0.3311 0.9380
vn -0.2675 -0.1495 0.9519
vn -0.4475 -0.2591 0.8559
vn -0.3853 0.4561 0.8022
vn -0.5681 0.4655 0.6786
vn -0.2525 0.8206 0.5128
vn -0.1971 0.4416 0.8753
vn -0.0000 0.4409 0.8976
vn -0.1180 0.8417 0.5270
vn -0.0000 0.8345 0.5510
vn 0.1180 0.8417 0.5270
vn 0.1971 0.4416 0.8753
vn 0.2525 0.8206 0.5128
vn 0.0237 0.9377 0.3467
vn 0.3853 0.4561 0.8022
vn 0.1025 -0.3310 0.9380
vn -0.3304 -0.0000 0.9439
vn -0.3390 -0.0710 0.9381
vn -0.5127 -0.2997 0.8046
vn -0.5208 -0.2841 0.8050
vn 0.5018 0.1333 0.8546
vn 0.5422 -0.1100 0.8330
vn 0.6762 0.2045 0.7078
vn 0.4476 0.2591 0.8559
vn 0.2366 -0.2523 0.9383
vn 0.1650 -0.2906 0.9425
vn -0.5046 -0.1419 0.8516
vn -0.3390 0.0709 0.9381
vn -0.5427 -0.1022 0.8337
vn -0.6935 0.1261 0.7093
vn -0.5047 0.1419 0.8516
vn -0.4476 0.2591 0.8559
vn -0.5047 0.1420 0.8516
vn -0.6077 0.3551 0.7103
vn 0.5018 -0.1333 0.8547
vn 0.3388 0.0787 0.9376
vn -0.1815 0.6075 0.7733
vn -0.0000 0.0863 0.9963
vn -0.0000 0.6062 0.7953
vn 0.1815 0.6075 0.7733
vn -0.3534 0.6126 0.7069
vn -0.2286 0.0867 0.9697
vn -0.4487 0.0866 0.8895
vn -0.4264 -0.2526 0.8685
vn -0.2129 -0.2443 0.9460
vn -0.6284 -0.2671 0.7306
vn -0.0000 -0.2444 0.9697
vn 0.2129 -0.2444 0.9460
vn -0.6554 0.0869 0.7502
vn 0.2286 0.0867 0.9697
vn 0.4264 -0.2526 0.8686
vn 0.4487 0.0866 0.8895
vn 0.6284 -0.2671 0.7306
vn 0.3535 0.6126 0.7069
vn 0.6554 0.0869 0.7502
vn 0.5124 0.6227 0.5913
vn -0.1650 -0.2906 0.9425
vn -0.6427 0.5721 0.5095
vn -0.5209 0.4735 0.7103
vn 0.6381 0.5750 0.5121
vn 0.6077 0.3552 0.7103
vn 0.7436 0.4272 0.5143
vn 0.5189 0.4796 0.7076
vn 0.1024 -0.3310 0.9380
vn 0.1102 -0.0630 0.9919
vn -0.0000 -0.1260 0.9920
vn -0.1102 -0.0630 0.9919
vn -0.2291 -0.2527 0.9400
vn -0.1024 -0.3310 0.9380
vn 0.5018 0.1333 0.8547
vn 0.3388 -0.0787 0.9376
vn 0.2675 0.1495 0.9519
vn -0.3717 0.3638 0.8541
vn -0.3390 -0.0709 0.9381
vn -0.5046 0.1419 0.8516
vn -0.4475 0.2591 0.8559
vn -0.2675 0.1495 0.9519
vn -0.5441 0.6702 0.5047
vn -0.6427 0.5722 0.5095
vn -0.4554 0.5417 0.7065
vn 0.2675 0.1494 0.9519
vn -0.2675 0.1494 0.9519
vn 0.6380 0.5750 0.5121
vn -0.6770 0.3228 0.6614
vn -0.5427 0.1023 0.8337
vn -0.5095 0.2979 0.8073
vn 0.1728 0.5263 0.8326
vn 0.4408 0.5510 0.7085
vn 0.3613 0.3692 0.8562
vn 0.3614 0.3692 0.8562
vn -0.4553 0.5417 0.7066
vn -0.5208 0.4735 0.7103
vn -0.1735 0.5205 0.8360
vn -0.2517 0.6843 0.6844
vn 0.1103 -0.0630 0.9919
vn 0.1103 0.0630 0.9919
vn 0.3387 -0.0788 0.9376
vn 0.3387 0.0788 0.9376
vn 0.2675 -0.1494 0.9519
vn 0.6788 0.3315 0.6552
vn 0.5115 0.3069 0.8026
vn -0.3390 0.0710 0.9381
vn -0.1103 -0.0630 0.9919
vn -0.3303 -0.0000 0.9439
vn -0.1102 0.0630 0.9919
vn -0.3619 0.4169 0.8338
vn -0.4651 0.5597 0.6859
vn -0.5209 0.2841 0.8050
vn -0.1025 0.3311 0.9380
vn 0.3699 0.4092 0.8341
vn 0.4733 0.5522 0.6863
vn 0.5209 0.2841 0.8050
vn 0.4475 0.2591 0.8559
vn 0.1025 0.3311 0.9380
vn 0.1728 0.5262 0.8326
vn -0.2291 0.2528 0.9400
vn -0.3618 0.4169 0.8338
vn -0.1650 0.2906 0.9425
vn 0.2366 0.2523 0.9383
vn 0.3699 0.4091 0.8341
vn 0.1650 0.2906 0.9425
vn -0.0000 0.5122 0.8589
vn 0.1333 0.5019 0.8546
vn -0.0000 0.7031 0.7111
vn -0.1500 0.6871 0.7109
vn -0.1333 0.5019 0.8546
vn 0.1333 0.5018 0.8546
vn 0.3698 0.4092 0.8341
vn 0.2589 0.6590 0.7062
vn -0.1333 0.5018 0.8546
vn -0.2516 0.6604 0.7076
vn -0.1501 0.6871 0.7109
vn 0.3388 0.0788 0.9376
vn 0.1333 0.5018 0.8547
vn 0.2365 0.2523 0.9383
vn 0.3698 0.4092 0.8342
vn -0.0000 0.3068 0.9518
vn -0.0000 0.5121 0.8589
vn -0.1333 0.5018 0.8547
vn -0.5094 0.2978 0.8073
vn -0.5426 0.1023 0.8337
vn -0.3304 0.0001 0.9439
vn -0.1024 0.3310 0.9380
vn -0.1649 0.2906 0.9425
vn -0.0000 0.1260 0.9920
vn -0.2290 0.2527 0.9400
vn -0.0000 0.3067 0.9518
vn 0.1649 0.2906 0.9425
vn 0.1102 0.0630 0.9919
vn 0.1024 0.3310 0.9380
vn -0.0000 0.1259 0.9920
vn -0.0000 -0.1259 0.9920
vn 0.5114 0.3069 0.8027
vn -0.0158 0.5923 0.8056
vn 0.1024 0.3311 0.9380
vn 0.0158 0.5923 0.8055
vn -0.1735 0.5206 0.8360
vn 0.0551 0.7553 0.6531
vn -0.0158 0.5923 0.8055
vn 0.0158 0.5923 0.8056
vn -0.1024 0.3311 0.9380
vn -0.2124 -0.2203 0.9520
vn -0.0000 -0.2685 0.9633
vn -0.2126 -0.2757 0.9374
vn -0.0000 -0.2203 0.9754
vn -0.2128 -0.2444 0.9460
vn 0.2127 -0.2757 0.9374
vn 0.2125 -0.2203 0.9520
vn 0.4258 -0.2287 0.8754
vn 0.4266 -0.2765 0.8612
vn 0.4266 -0.2765 0.8611
vn 0.4263 -0.2527 0.8685
vn 0.2124 -0.2203 0.9520
vn 0.2126 -0.2757 0.9374
vn 0.2128 -0.2444 0.9460
vn -0.4266 -0.2765 0.8611
vn -0.2129 -0.2444 0.9460
vn -0.4264 -0.2527 0.8685
vn -0.2127 -0.2757 0.9374
vn -0.4258 -0.2287 0.8754
vn -0.4266 -0.2765 0.8612
vn -0.2125 -0.2203 0.9520
vn 0.4264 -0.2527 0.8685
vn 0.6195 -0.2902 0.7294
vn 0.6250 -0.2373 0.7437
vn 0.4267 -0.2765 0.8611
vn 0.4259 -0.2287 0.8754
vn -0.6250 -0.2373 0.7437
vn -0.6195 -0.2902 0.7294
vn -0.4259 -0.2287 0.8754
vt 58.063999 -4.507540
vt 58.000000 -4.552580
vt 58.063999 -4.556270
vt 58.000000 -4.503300
vt 57.936001 -4.507540
vt 57.936001 -4.556270
vt 58.130798 -4.524470
vt 58.130798 -4.571000
vt 57.869202 -4.524470
vt 57.869202 -4.571000
vt 58.000000 -4.609310
vt 58.063999 -4.612370
vt 57.936001 -4.612370
vt 58.130798 -4.624560
vt 57.869202 -4.624560
vt 58.000000 -4.369170
vt 58.000000 -4.295230
vt 57.936001 -4.301800
vt 57.938202 -4.374910
vt 58.063999 -4.301800
vt 58.061798 -4.374910
vt 58.000000 -4.735510
vt 57.936001 -4.737160
vt 58.063999 -4.737160
vt 57.869202 -4.328010
vt 57.873501 -4.397830
vt 58.130798 -4.328010
vt 58.126499 -4.397830
vt 57.869202 -4.743720
vt 58.130798 -4.743720
vt 58.061798 -4.882750
vt 58.000000 -4.971470
vt 58.063999 -4.970480
vt 58.000000 -4.882750
vt 57.938202 -4.882750
vt 57.936001 -4.970480
vt 57.799900 -4.599910
vt 57.799900 -4.648500
vt 58.200100 -4.599910
vt 58.200100 -4.648500
vt 58.000000 -4.794020
vt 58.063999 -4.795010
vt 57.936001 -4.795010
vt 58.126499 -4.882750
vt 58.130798 -4.966530
vt 57.873501 -4.882750
vt 57.869202 -4.966530
vt 58.200100 -4.379450
vt 58.193401 -4.442790
vt 57.799900 -4.379450
vt 57.806599 -4.442790
vt 58.130798 -4.798960
vt 57.869202 -4.798960
vt 58.063999 -5.028340
vt 58.000000 -5.029980
vt 57.936001 -5.028340
vt 58.200100 -4.756610
vt 57.799900 -4.756610
vt 58.130798 -5.021770
vt 57.869202 -5.021770
vt 58.193401 -4.882750
vt 58.200100 -4.958760
vt 57.806599 -4.882750
vt 57.799900 -4.958760
vt 58.063999 -5.153130
vt 58.000000 -5.156180
vt 57.936001 -5.153130
vt 57.799900 -4.806730
vt 58.200100 -4.806730
vt 57.869202 -5.140930
vt 58.130798 -5.140930
vt 58.063999 -5.209220
vt 58.000000 -5.212910
vt 57.936001 -5.209220
vt 57.799900 -5.008880
vt 58.200100 -5.008880
vt 58.130798 -5.194490
vt 57.869202 -5.194490
vt 57.799900 -5.116990
vt 58.200100 -5.116990
vt 57.956699 -5.771220
vt 57.962502 -5.608990
vt 57.938702 -5.771220
vt 58.000000 -5.775500
vt 57.977600 -5.771220
vt 57.976700 -5.775500
vt 58.000000 -5.262200
vt 57.936001 -5.257950
vt 58.063999 -5.257950
vt 58.200100 -5.165590
vt 57.799900 -5.165590
vt 57.869202 -5.241030
vt 58.130798 -5.241030
vt 58.080200 -5.757660
vt 58.077999 -5.740130
vt 58.056702 -5.757660
vt 58.077999 -5.766620
vt 58.055199 -5.740130
vt 58.029400 -5.757660
vt 58.028500 -5.740130
vt 58.055099 -5.766620
vt 58.000000 -5.757660
vt 58.000000 -5.740130
vt 57.971500 -5.740130
vt 58.028500 -5.766620
vt 58.000000 -5.766620
vt 57.970600 -5.757660
vt 57.944801 -5.740130
vt 57.971500 -5.766620
vt 57.943298 -5.757660
vt 57.922001 -5.740130
vt 57.944901 -5.766620
vt 57.919800 -5.757660
vt 57.922001 -5.766620
vt 58.000000 -5.396320
vt 58.063999 -5.463690
vt 58.061798 -5.390580
vt 58.000000 -5.470260
vt 57.936001 -5.463690
vt 57.938202 -5.390580
vt 57.869202 -5.437480
vt 57.873501 -5.367670
vt 58.130798 -5.437480
vt 58.126499 -5.367670
vt 57.799900 -5.386040
vt 57.806599 -5.322700
vt 58.200100 -5.386040
vt 58.193401 -5.322700
vt 57.986301 -5.608990
vt 58.000000 -5.771220
vt 58.000000 -5.608990
vt 58.013699 -5.608990
vt 58.022400 -5.771220
vt 58.026798 -5.608990
vt 57.973202 -5.608990
vt 58.043301 -5.771220
vt 58.037498 -5.608990
vt 58.061298 -5.771220
vt 58.023300 -5.775500
vt 57.961399 -5.640360
vt 57.976700 -5.505080
vt 57.967201 -5.505080
vt 57.945400 -5.640360
vt 58.032799 -5.505080
vt 58.038601 -5.640360
vt 58.054600 -5.640360
vt 58.023300 -5.505080
vt 58.020000 -5.640360
vt 58.012001 -5.505080
vt 57.980000 -5.640360
vt 57.987999 -5.505080
vt 58.000000 -5.640360
vt 58.000000 -5.505080
vt 58.057400 -5.063960
vt 57.996799 -5.000000
vt 57.996799 -5.063960
vt 58.057999 -5.000000
vt 57.936401 -5.063960
vt 57.935699 -5.000000
vt 57.936401 -4.936040
vt 57.996799 -4.936040
vt 58.057400 -4.936040
vt 58.183201 -5.000000
vt 58.181198 -4.936040
vt 58.181198 -5.063960
vt 57.816299 -5.063960
vt 57.814201 -5.000000
vt 57.816299 -4.936040
vt 58.234299 -5.063960
vt 58.237000 -5.000000
vt 58.234299 -4.936040
vt 57.765701 -5.063960
vt 57.763000 -5.000000
vt 57.765701 -4.936040
vt 57.939301 -5.130850
vt 57.996899 -5.130850
vt 57.939301 -4.869150
vt 57.996899 -4.869150
vt 57.566700 -5.063960
vt 57.611000 -5.000000
vt 57.561798 -5.000000
vt 57.615299 -5.063960
vt 58.054699 -5.130850
vt 58.172901 -5.130850
vt 58.054699 -4.869150
vt 58.172901 -4.869150
vt 57.566700 -4.936040
vt 57.615299 -4.936040
vt 58.430698 -5.063960
vt 58.389000 -5.000000
vt 58.384701 -5.063960
vt 58.435600 -5.000000
vt 58.430698 -4.936040
vt 58.384701 -4.936040
vt 57.824501 -4.869150
vt 57.824501 -5.130850
vt 57.472000 -4.936040
vt 57.466099 -5.000000
vt 57.472000 -5.063960
vt 58.527599 -5.000000
vt 58.521702 -4.936040
vt 58.521702 -5.063960
vt 58.223701 -5.130850
vt 58.223701 -4.869150
vt 57.776199 -5.130850
vt 57.776199 -4.869150
vt 58.296501 -5.000000
vt 58.293201 -4.938180
vt 58.293201 -5.061820
vt 57.704800 -5.000000
vt 57.708099 -4.938180
vt 57.708099 -5.061820
vt 57.586300 -5.130850
vt 57.632599 -5.130850
vt 57.586300 -4.869150
vt 57.632599 -4.869150
vt 58.411201 -5.130850
vt 58.367298 -5.130850
vt 58.411201 -4.869150
vt 58.367298 -4.869150
vt 57.495800 -5.130850
vt 57.495800 -4.869150
vt 58.498100 -4.869150
vt 58.498100 -5.130850
vt 58.279900 -5.126460
vt 58.279900 -4.873540
vt 57.721199 -5.126460
vt 57.721199 -4.873540
vt 58.049500 -4.799870
vt 57.997101 -4.799870
vt 58.049500 -5.200130
vt 57.997101 -5.200130
vt 57.944801 -4.799870
vt 57.944801 -5.200130
vt 58.156799 -4.799870
vt 58.156799 -5.200130
vt 57.840698 -5.200130
vt 57.840698 -4.799870
vt 58.202801 -4.799870
vt 58.202801 -5.200130
vt 57.796902 -5.200130
vt 57.796902 -4.799870
vt 57.624500 -4.799870
vt 57.666599 -4.799870
vt 57.666599 -5.200130
vt 57.624500 -5.200130
vt 58.373001 -4.799870
vt 58.333099 -4.799870
vt 58.373001 -5.200130
vt 58.333099 -5.200130
vt 58.253799 -4.806580
vt 58.253799 -5.193420
vt 57.747002 -5.193420
vt 57.747002 -4.806580
vt 58.413700 -4.441720
vt 58.457500 -4.557690
vt 58.504200 -4.524470
vt 58.375500 -4.482610
vt 57.588799 -4.441720
vt 57.501900 -4.524470
vt 57.548199 -4.557690
vt 57.626999 -4.482610
vt 58.489300 -4.599910
vt 58.539101 -4.571000
vt 57.466999 -4.571000
vt 57.516602 -4.599910
vt 58.002701 -4.392340
vt 57.950500 -4.325210
vt 57.957100 -4.397860
vt 58.002899 -4.318860
vt 58.048199 -4.397860
vt 58.055199 -4.325210
vt 57.843201 -4.357690
vt 57.823799 -4.445030
vt 57.797199 -4.379450
vt 58.176800 -4.445030
vt 58.159302 -4.357690
vt 58.203098 -4.379450
vt 58.290100 -4.510510
vt 58.252998 -4.442790
vt 58.220200 -4.500120
vt 58.333401 -4.454740
vt 57.779400 -4.500120
vt 57.746201 -4.442790
vt 57.710400 -4.510510
vt 57.666901 -4.454740
vt 57.607201 -4.600040
vt 58.425701 -4.636760
vt 58.398102 -4.600040
vt 57.579700 -4.636760
vt 57.492699 -4.882750
vt 57.533901 -4.948860
vt 57.558998 -4.882750
vt 58.245800 -4.567580
vt 57.463902 -4.958760
vt 58.506401 -4.882750
vt 58.466702 -4.948860
vt 58.536400 -4.958760
vt 58.440601 -4.882750
vt 57.755001 -4.567580
vt 57.813400 -4.558780
vt 57.533901 -4.816630
vt 57.469002 -4.756610
vt 57.463902 -4.806730
vt 57.561600 -4.679020
vt 57.495800 -4.648500
vt 57.851002 -4.512140
vt 58.002499 -4.467530
vt 58.149899 -4.512140
vt 58.509899 -4.648500
vt 58.443600 -4.679020
vt 58.533501 -4.756610
vt 58.466702 -4.816630
vt 58.536400 -4.806730
vt 58.186600 -4.558780
vt 58.360600 -4.674470
vt 57.644299 -4.674470
vt 58.054600 -5.771220
vt 58.047699 -5.608990
vt 58.034901 -5.608990
vt 58.029800 -5.771220
vt 58.019402 -5.608990
vt 58.030800 -5.775500
vt 58.003101 -5.775500
vt 58.003101 -5.771220
vt 58.003101 -5.608990
vt 57.986698 -5.608990
vt 57.976398 -5.771220
vt 57.969101 -5.766620
vt 58.003101 -5.766620
vt 58.003101 -5.757660
vt 57.935600 -5.757660
vt 57.907700 -5.757660
vt 57.910400 -5.766620
vt 57.910301 -5.740130
vt 57.937500 -5.766620
vt 57.937500 -5.740130
vt 57.968201 -5.757660
vt 57.969101 -5.740130
vt 58.003101 -5.740130
vt 58.395302 -4.938720
vt 57.605598 -4.938720
vt 57.626801 -4.882750
vt 58.373199 -4.882750
vt 58.443600 -5.086470
vt 58.533501 -5.008880
vt 58.509899 -5.116990
vt 58.425701 -5.128730
vt 58.489300 -5.165590
vt 57.605598 -4.826770
vt 57.561600 -5.086470
vt 57.469002 -5.008880
vt 57.495800 -5.116990
vt 57.579700 -5.128730
vt 57.516602 -5.165590
vt 58.395302 -4.826770
vt 57.975300 -5.775500
vt 57.951500 -5.771220
vt 57.949501 -5.775500
vt 57.971199 -5.608990
vt 58.070499 -5.757660
vt 58.098499 -5.757660
vt 58.095798 -5.740130
vt 58.095798 -5.766620
vt 58.068699 -5.740130
vt 58.068699 -5.766620
vt 58.037998 -5.757660
vt 58.036999 -5.740130
vt 58.036999 -5.766620
vt 58.056702 -5.775500
vt 58.075901 -5.771220
vt 58.457500 -5.207810
vt 58.504200 -5.241030
vt 58.539101 -5.194490
vt 57.501900 -5.241030
vt 57.548199 -5.207810
vt 57.466999 -5.194490
vt 58.002201 -4.542100
vt 58.296101 -4.711880
vt 57.708401 -4.711880
vt 58.360600 -5.091020
vt 57.607201 -5.165450
vt 57.644299 -5.091020
vt 57.588799 -5.323770
vt 57.626999 -5.282880
vt 58.413700 -5.323770
vt 58.375500 -5.282880
vt 58.398102 -5.165450
vt 58.290100 -5.254980
vt 58.333401 -5.310750
vt 57.710400 -5.254980
vt 57.666901 -5.310750
vt 58.296101 -5.053610
vt 57.708401 -5.053610
vt 57.779400 -5.265370
vt 57.746201 -5.322700
vt 57.823799 -5.320460
vt 57.797199 -5.386040
vt 58.176800 -5.320460
vt 58.252998 -5.322700
vt 58.220200 -5.265370
vt 58.203098 -5.386040
vt 57.755001 -5.197910
vt 58.245800 -5.197910
vt 57.813400 -5.206710
vt 57.851002 -5.253350
vt 58.149899 -5.253350
vt 58.186600 -5.206710
vt 58.002899 -5.446630
vt 58.002701 -5.373150
vt 57.950500 -5.440280
vt 57.957100 -5.367630
vt 58.055199 -5.440280
vt 58.048199 -5.367630
vt 58.159302 -5.407810
vt 57.843201 -5.407810
vt 58.002499 -5.297960
vt 58.002201 -5.223390
vt 57.958500 -5.608990
vt 57.930199 -5.771220
vt 58.030800 -5.505080
vt 58.026901 -5.640360
vt 58.049000 -5.640360
vt 58.017300 -5.505080
vt 58.003101 -5.640360
vt 57.988800 -5.505080
vt 57.979301 -5.640360
vt 58.003101 -5.505080
vt 57.975300 -5.505080
vt 57.957100 -5.640360
vt 58.042000 -5.505080
vt 58.068001 -5.640360
vt 57.964100 -5.505080
vt 57.938099 -5.640360
vt 58.102600 -4.977570
vt 58.095901 -4.954930
vt 58.092300 -4.956660
vt 58.078899 -4.936280
vt 58.075901 -4.938720
vt 58.056702 -4.921940
vt 58.059898 -4.917240
vt 58.054600 -4.924940
vt 58.032501 -4.907720
vt 58.030800 -4.912950
vt 58.047699 -5.037530
vt 58.047699 -4.962470
vt 58.034901 -5.046410
vt 58.034901 -4.953590
vt 58.003101 -4.909860
vt 57.973701 -4.907720
vt 58.003101 -4.896780
vt 58.019402 -5.051270
vt 58.019402 -4.948730
vt 58.003101 -4.946410
vt 58.003101 -5.053590
vt 57.986698 -5.051270
vt 57.986698 -4.948730
vt 57.971199 -5.046410
vt 57.971199 -4.953590
vt 57.958500 -4.962470
vt 57.930199 -4.938720
vt 57.951500 -4.924940
vt 57.949501 -4.921940
vt 57.975300 -4.912950
vt 57.927299 -4.936280
vt 57.913799 -4.956660
vt 57.946301 -4.917240
vt 57.910301 -4.954930
vt 57.971298 -4.900320
vt 58.003101 -4.889700
vt 57.903500 -4.977570
vt 57.969101 -4.893480
vt 57.941700 -4.910610
vt 57.922798 -4.932450
vt 57.899601 -4.976680
vt 57.904701 -4.952220
vt 57.916302 -4.927030
vt 57.937500 -4.904480
vt 57.893299 -4.975270
vt 57.895901 -5.000000
vt 57.889500 -5.000000
vt 57.893299 -5.024730
vt 57.896801 -4.948390
vt 57.884602 -4.973290
vt 57.910400 -4.922020
vt 57.889500 -4.944850
vt 57.884602 -5.026710
vt 57.896801 -5.051610
vt 57.889500 -5.055150
vt 57.880299 -5.000000
vt 57.876400 -5.028540
vt 57.871899 -5.000000
vt 57.876400 -4.971460
vt 57.949501 -5.078060
vt 57.973701 -5.092280
vt 57.975300 -5.087050
vt 58.003101 -5.090140
vt 57.946301 -5.082750
vt 57.927299 -5.063720
vt 57.922798 -5.067550
vt 57.910301 -5.045070
vt 57.904701 -5.047780
vt 57.899601 -5.023320
vt 57.941700 -5.089390
vt 57.916302 -5.072970
vt 57.910400 -5.077980
vt 57.971298 -5.099680
vt 57.937500 -5.095520
vt 57.969101 -5.106520
vt 58.003101 -5.103220
vt 58.003101 -5.110300
vt 58.032501 -5.092280
vt 58.034801 -5.099680
vt 58.036999 -5.106520
vt 58.064499 -5.089390
vt 58.068699 -5.095520
vt 58.089901 -5.072970
vt 58.095798 -5.077980
vt 58.109402 -5.051610
vt 58.116699 -5.055150
vt 58.121601 -5.026710
vt 58.129700 -5.028540
vt 58.134201 -5.000000
vt 58.125801 -5.000000
vt 58.129700 -4.971460
vt 58.116699 -4.944850
vt 58.121601 -4.973290
vt 58.095798 -4.922020
vt 58.109402 -4.948390
vt 58.068699 -4.904480
vt 58.089901 -4.927030
vt 58.036999 -4.893480
vt 58.064499 -4.910610
vt 58.034801 -4.900320
vt 58.083401 -4.932450
vt 58.101501 -4.952220
vt 58.112801 -4.975270
vt 58.106602 -4.976680
vt 58.116699 -5.000000
vt 58.110298 -5.000000
vt 58.112801 -5.024730
vt 58.101501 -5.047780
vt 58.106602 -5.023320
vt 58.083401 -5.067550
vt 58.095901 -5.045070
vt 58.102600 -5.022430
vt 58.059898 -5.082750
vt 58.078899 -5.063720
vt 58.056702 -5.078060
vt 58.030800 -5.087050
vt 58.075901 -5.061280
vt 58.092300 -5.043340
vt 58.054600 -5.075060
vt 58.063999 -5.013740
vt 58.058300 -5.026800
vt 58.063999 -4.986260
vt 58.066799 -5.000000
vt 58.058300 -4.973200
vt 57.478298 -5.063960
vt 57.564400 -5.000000
vt 57.472401 -5.000000
vt 57.569302 -5.063960
vt 57.478298 -4.936040
vt 57.569302 -4.936040
vt 58.433300 -5.063960
vt 58.528000 -5.063960
vt 58.438202 -5.000000
vt 58.533901 -5.000000
vt 58.528000 -4.936040
vt 58.433300 -4.936040
vt 57.501900 -5.130850
vt 57.588799 -5.130850
vt 57.501900 -4.869150
vt 57.588799 -4.869150
vt 58.504200 -4.869150
vt 58.413700 -4.869150
vt 58.413700 -5.130850
vt 58.504200 -5.130850
vt 57.632702 -5.130850
vt 57.632702 -4.869150
vt 58.367401 -5.130850
vt 58.367401 -4.869150
vt 58.183701 -5.063960
vt 58.185799 -5.000000
vt 57.816799 -5.000000
vt 57.818802 -5.063960
vt 58.183701 -4.936040
vt 57.818802 -4.936040
vt 58.003201 -5.063960
vt 58.063599 -5.063960
vt 58.003201 -5.000000
vt 58.064301 -5.000000
vt 58.063599 -4.936040
vt 58.003201 -4.936040
vt 57.942600 -5.063960
vt 57.942001 -5.000000
vt 57.942600 -4.936040
vt 58.175499 -5.130850
vt 58.223801 -5.130850
vt 57.776299 -5.130850
vt 57.827099 -5.130850
vt 58.223801 -4.869150
vt 58.175499 -4.869150
vt 57.776299 -4.869150
vt 57.827099 -4.869150
vt 57.666901 -5.200130
vt 57.626999 -5.200130
vt 57.626999 -4.799870
vt 57.666901 -4.799870
vt 58.003101 -5.130850
vt 58.060699 -5.130850
vt 58.060699 -4.869150
vt 58.003101 -4.869150
vt 58.375500 -4.799870
vt 58.333401 -4.799870
vt 58.375500 -5.200130
vt 58.333401 -5.200130
vt 57.945301 -4.869150
vt 57.945301 -5.130850
vt 58.203098 -4.799870
vt 58.159302 -4.799870
vt 57.797199 -4.799870
vt 57.843201 -4.799870
vt 58.203098 -5.200130
vt 58.159302 -5.200130
vt 57.843201 -5.200130
vt 57.797199 -5.200130
vt 58.055199 -5.200130
vt 58.002899 -5.200130
vt 58.055199 -4.799870
vt 58.002899 -4.799870
vt 57.950500 -4.799870
vt 57.950500 -5.200130
vt 57.703499 -5.000000
vt 57.706799 -4.938180
vt 57.706799 -5.061820
vt 58.295200 -5.000000
vt 58.291901 -5.061820
vt 58.291901 -4.938180
vt 57.720100 -4.873540
vt 57.720100 -5.126460
vt 58.278801 -4.873540
vt 58.278801 -5.126460
vt 57.746201 -5.193420
vt 57.746201 -4.806580
vt 58.252998 -4.806580
vt 58.252998 -5.193420
vt 57.942101 -5.013740
vt 57.942101 -4.986260
vt 57.939400 -5.000000
vt 57.958500 -5.037530
vt 57.947899 -5.026800
vt 57.947899 -4.973200
vt 57.903500 -5.022430
vt 57.913799 -5.043340
vt 57.930199 -5.061280
vt 57.951500 -5.075060
vt 57.586300 -4.441720
vt 57.542500 -4.557690
vt 57.624500 -4.482610
vt 57.495800 -4.524470
vt 58.451801 -4.557690
vt 58.411201 -4.441720
vt 58.373001 -4.482610
vt 58.498100 -4.524470
vt 57.510700 -4.599910
vt 57.460899 -4.571000
vt 58.483398 -4.599910
vt 58.533001 -4.571000
vt 57.997101 -4.318860
vt 57.997299 -4.392340
vt 58.049500 -4.325210
vt 58.042900 -4.397860
vt 57.944801 -4.325210
vt 57.951801 -4.397860
vt 58.156799 -4.357690
vt 58.176201 -4.445030
vt 58.202801 -4.379450
vt 57.823200 -4.445030
vt 57.840698 -4.357690
vt 57.796902 -4.379450
vt 57.709900 -4.510510
vt 57.747002 -4.442790
vt 57.666599 -4.454740
vt 57.779800 -4.500120
vt 58.253799 -4.442790
vt 58.289600 -4.510510
vt 58.333099 -4.454740
vt 58.220600 -4.500120
vt 58.392799 -4.600040
vt 57.574299 -4.636760
vt 57.601898 -4.600040
vt 58.420300 -4.636760
vt 58.466099 -4.948860
vt 58.507301 -4.882750
vt 58.441002 -4.882750
vt 57.754200 -4.567580
vt 58.536098 -4.958760
vt 57.493599 -4.882750
vt 57.463600 -4.958760
vt 57.533298 -4.948860
vt 58.244999 -4.567580
vt 58.438400 -4.679020
vt 58.504200 -4.648500
vt 58.530998 -4.756610
vt 58.466099 -4.816630
vt 58.536098 -4.806730
vt 57.997501 -4.467530
vt 58.148998 -4.512140
vt 57.850101 -4.512140
vt 57.559399 -4.882750
vt 57.604698 -4.938720
vt 57.490101 -4.648500
vt 57.556400 -4.679020
vt 57.466499 -4.756610
vt 57.533298 -4.816630
vt 57.463600 -4.806730
vt 57.639400 -4.674470
vt 58.355701 -4.674470
vt 57.945400 -5.771220
vt 57.952301 -5.608990
vt 57.924099 -5.771220
vt 57.969200 -5.775500
vt 57.943298 -5.775500
vt 57.965099 -5.608990
vt 57.970200 -5.771220
vt 57.996899 -5.775500
vt 57.996899 -5.771220
vt 57.980598 -5.608990
vt 57.996899 -5.608990
vt 58.013302 -5.608990
vt 58.023602 -5.771220
vt 58.028801 -5.608990
vt 58.024700 -5.775500
vt 58.048500 -5.771220
vt 58.041500 -5.608990
vt 58.069801 -5.771220
vt 58.050499 -5.775500
vt 58.394402 -4.938720
vt 57.466499 -5.008880
vt 57.490101 -5.116990
vt 57.556400 -5.086470
vt 57.574299 -5.128730
vt 57.510700 -5.165590
vt 58.394402 -4.826770
vt 58.530998 -5.008880
vt 58.438400 -5.086470
vt 58.504200 -5.116990
vt 58.420300 -5.128730
vt 58.483398 -5.165590
vt 57.604698 -4.826770
vt 58.030899 -5.766620
vt 57.996899 -5.757660
vt 57.996899 -5.766620
vt 57.963001 -5.766620
vt 58.062500 -5.766620
vt 58.031799 -5.757660
vt 58.064400 -5.757660
vt 58.089600 -5.766620
vt 58.062500 -5.740130
vt 58.030899 -5.740130
vt 58.089699 -5.740130
vt 57.996899 -5.740130
vt 57.963001 -5.740130
vt 58.092300 -5.757660
vt 57.962002 -5.757660
vt 57.931301 -5.740130
vt 57.929501 -5.757660
vt 57.904202 -5.740130
vt 57.931301 -5.766620
vt 57.901501 -5.757660
vt 57.904202 -5.766620
vt 58.533001 -5.194490
vt 58.498100 -5.241030
vt 58.451801 -5.207810
vt 57.495800 -5.241030
vt 57.460899 -5.194490
vt 57.542500 -5.207810
vt 57.703899 -4.711880
vt 57.997799 -4.542100
vt 58.291599 -4.711880
vt 57.639400 -5.091020
vt 58.392799 -5.165450
vt 58.355701 -5.091020
vt 58.411201 -5.323770
vt 58.373001 -5.282880
vt 57.586300 -5.323770
vt 57.624500 -5.282880
vt 57.709900 -5.254980
vt 57.666599 -5.310750
vt 57.601898 -5.165450
vt 58.289600 -5.254980
vt 58.333099 -5.310750
vt 57.703899 -5.053610
vt 58.291599 -5.053610
vt 58.253799 -5.322700
vt 58.176201 -5.320460
vt 58.202801 -5.386040
vt 58.220600 -5.265370
vt 58.244999 -5.197910
vt 57.823200 -5.320460
vt 57.747002 -5.322700
vt 57.796902 -5.386040
vt 57.779800 -5.265380
vt 57.754200 -5.197910
vt 58.148998 -5.253350
vt 57.850101 -5.253350
vt 57.997299 -5.373150
vt 57.951801 -5.367630
vt 57.944801 -5.440280
vt 57.997101 -5.446630
vt 58.049500 -5.440280
vt 58.042900 -5.367630
vt 57.840698 -5.407810
vt 58.156799 -5.407810
vt 57.997501 -5.297960
vt 57.997799 -5.223390
vt 58.011200 -5.505080
vt 57.996899 -5.640360
vt 58.020699 -5.640360
vt 57.996899 -5.505080
vt 57.973099 -5.640360
vt 57.982700 -5.505080
vt 57.969200 -5.505080
vt 57.951000 -5.640360
vt 58.042900 -5.640360
vt 58.024700 -5.505080
vt 57.931999 -5.640360
vt 57.958000 -5.505080
vt 58.035900 -5.505080
vt 58.061901 -5.640360
s 1
usemtl Meshpart1Mtl
f 1/1/1 2/2/2 3/3/3
f 2/2/2 1/1/1 4/4/4
f 5/2/5 6/5/6 7/6/7
f 6/5/6 5/2/5 8/4/8
f 9/7/9 10/3/10 11/8/11
f 10/3/10 9/7/9 12/1/12
f 13/9/13 14/6/14 15/5/15
f 14/6/14 13/9/13 16/10/16
f 17/3/17 18/11/18 19/12/19
f 18/11/18 17/3/17 20/2/2
f 21/11/20 22/6/7 23/13/21
f 22/6/7 21/11/20 24/2/22
f 25/8/11 26/12/23 27/14/24
f 26/12/23 25/8/11 28/3/10
f 29/10/16 30/13/25 31/6/14
f 30/13/25 29/10/16 32/15/26
f 33/16/27 34/17/28 35/18/29
f 33/16/27 35/18/29 36/19/30
f 37/20/31 38/16/32 39/21/33
f 38/16/32 37/20/31 40/17/34
f 41/22/35 42/11/20 43/13/36
f 41/22/35 43/13/36 44/23/37
f 45/12/19 46/22/38 47/24/39
f 46/22/38 45/12/19 48/11/18
f 49/19/30 50/18/40 51/25/41
f 51/25/41 52/26/42 49/19/30
f 53/27/43 54/21/33 55/28/44
f 54/21/33 53/27/43 56/20/45
f 57/13/46 58/15/47 59/23/48
f 59/23/48 58/15/47 60/29/49
f 61/14/50 62/24/51 63/30/52
f 62/24/51 61/14/50 64/12/53
f 65/31/54 66/32/55 67/33/56
f 66/32/55 65/31/54 68/34/57
f 69/34/58 70/35/59 71/32/60
f 71/32/60 70/35/59 72/36/61
f 73/10/62 74/37/63 75/15/64
f 75/15/64 74/37/63 76/38/65
f 77/39/66 78/14/67 79/40/68
f 78/14/67 77/39/66 80/8/69
f 81/24/70 82/41/71 83/42/72
f 82/41/71 81/24/70 84/22/73
f 85/41/74 86/23/75 87/43/76
f 86/23/75 85/41/74 88/22/77
f 89/44/78 90/33/56 91/45/79
f 90/33/56 89/44/78 92/31/80
f 93/35/81 94/46/82 95/36/83
f 95/36/83 94/46/82 96/47/84
f 97/48/85 98/28/86 99/49/87
f 98/28/86 97/48/85 100/27/88
f 101/50/89 102/26/90 103/25/91
f 102/26/90 101/50/89 104/51/92
f 105/30/93 106/42/72 107/52/94
f 106/42/72 105/30/93 108/24/95
f 109/43/76 110/29/96 111/53/97
f 110/29/96 109/43/76 112/23/98
f 113/54/99 114/32/100 115/55/101
f 114/32/100 113/54/99 116/33/102
f 117/55/103 118/32/104 119/56/105
f 118/32/104 120/36/106 119/56/105
f 121/40/107 122/30/52 123/57/108
f 122/30/52 121/40/107 124/14/50
f 125/15/47 126/38/109 127/29/96
f 127/29/96 126/38/109 128/58/110
f 129/59/111 130/33/102 131/54/112
f 130/33/102 129/59/111 132/45/113
f 133/56/114 134/36/115 135/60/116
f 134/36/115 136/47/117 135/60/116
f 137/61/118 138/45/79 139/62/119
f 140/47/84 141/63/120 142/64/121
f 143/46/122 144/63/123 145/47/124
f 146/55/125 147/65/126 148/54/127
f 147/65/126 146/55/125 149/66/128
f 150/56/129 151/67/130 152/55/131
f 153/66/132 152/55/131 151/67/130
f 154/29/96 155/58/110 156/53/97
f 156/53/97 155/58/110 157/68/133
f 158/57/108 159/52/134 160/69/135
f 159/52/134 158/57/108 161/30/136
f 162/67/137 163/56/138 164/70/139
f 163/56/138 165/60/140 164/70/139
f 166/54/112 167/71/141 168/59/142
f 167/71/141 166/54/112 169/65/143
f 170/72/144 171/66/128 172/73/145
f 171/66/128 170/72/144 173/65/146
f 174/73/147 175/66/148 176/74/149
f 175/66/148 177/67/130 176/74/149
f 178/45/79 179/61/150 180/44/151
f 181/47/152 182/75/153 183/60/116
f 182/75/153 181/47/152 184/64/154
f 185/76/155 186/62/119 187/45/113
f 187/45/113 188/59/111 185/76/155
f 189/65/156 190/77/157 191/71/158
f 190/77/157 189/65/156 192/72/159
f 193/74/160 194/67/161 195/78/162
f 194/67/161 196/70/139 195/78/162
f 197/60/140 198/79/163 199/70/139
f 198/79/163 197/60/140 200/75/153
f 201/80/164 202/76/155 203/59/111
f 203/59/111 204/71/141 201/80/164
f 207/81/165 205/82/166 206/83/167
f 210/84/168 208/85/169 209/86/170
f 211/87/171 212/73/147 213/88/172
f 212/73/147 214/74/173 213/88/172
f 215/89/174 216/73/145 217/87/175
f 216/73/145 215/89/174 218/72/144
f 219/80/176 220/71/177 221/90/178
f 220/71/177 222/77/179 221/90/178
f 223/70/180 224/91/181 225/78/182
f 224/91/181 223/70/180 226/79/183
f 227/92/184 228/88/185 229/74/160
f 229/74/160 230/78/162 227/92/184
f 231/72/159 232/93/186 233/77/157
f 232/93/186 231/72/159 234/89/187
f 237/94/188 236/95/189 239/96/190
f 239/96/190 238/97/191 237/94/188
f 236/95/189 240/98/192 239/96/190
f 239/96/190 240/98/192 241/99/193
f 240/98/192 242/100/194 241/99/193
f 238/97/191 239/96/190 243/101/195
f 241/99/193 243/101/195 239/96/190
f 241/99/193 242/100/194 244/102/196
f 242/100/194 245/103/197 244/102/196
f 246/104/198 244/102/196 245/103/197
f 243/101/195 241/99/193 247/105/199
f 244/102/196 247/105/199 241/99/193
f 247/105/199 244/102/196 248/106/200
f 244/102/196 246/104/198 249/107/201
f 250/108/202 249/107/201 246/104/198
f 251/109/203 248/106/200 244/102/196
f 244/102/196 249/107/201 251/109/203
f 249/107/201 250/108/202 252/110/204
f 253/111/205 252/110/204 250/108/202
f 254/112/206 251/109/203 249/107/201
f 249/107/201 252/110/204 254/112/206
f 252/110/204 253/111/205 255/113/207
f 256/114/208 254/112/206 252/110/204
f 252/110/204 255/113/207 256/114/208
f 257/41/209 258/35/210 259/34/211
f 258/35/210 257/41/209 260/43/212
f 261/31/213 262/42/214 263/41/215
f 261/31/213 263/41/215 264/34/216
f 265/43/217 266/46/218 267/35/219
f 266/46/218 265/43/217 268/53/220
f 269/44/221 270/52/222 271/42/223
f 269/44/221 271/42/223 272/31/224
f 273/61/225 274/52/226 275/44/227
f 276/53/228 277/68/229 278/63/230
f 279/61/225 280/69/231 281/52/222
f 282/115/232 283/116/233 284/117/234
f 283/116/233 282/115/232 285/118/235
f 286/115/236 287/119/237 288/118/238
f 287/119/237 286/115/236 289/120/239
f 290/120/239 291/121/240 292/119/237
f 291/121/240 290/120/239 293/122/241
f 294/117/234 295/123/242 296/124/243
f 295/123/242 294/117/234 297/116/244
f 298/122/245 299/125/246 300/121/247
f 299/125/246 298/122/245 301/126/248
f 302/124/243 303/127/249 304/128/250
f 303/127/249 302/124/243 305/123/251
f 306/46/252 307/53/220 308/63/230
f 309/129/253 310/130/254 311/131/255
f 310/130/254 312/132/256 311/131/255
f 312/132/256 310/130/254 313/133/257
f 310/130/254 309/129/253 208/85/169
f 313/133/257 314/134/258 312/132/256
f 208/85/169 309/129/253 316/135/259
f 208/85/169 316/135/259 207/81/165
f 205/82/166 207/81/165 316/135/259
f 208/85/169 210/84/168 310/130/254
f 210/84/168 313/133/257 310/130/254
f 314/134/258 313/133/257 317/136/260
f 317/136/260 315/137/261 314/134/258
f 315/137/261 317/136/260 318/138/262
f 313/133/257 210/84/168 235/139/263
f 319/140/264 320/141/265 321/142/266
f 319/140/264 321/142/266 322/143/267
f 323/108/268 322/143/267 324/111/205
f 323/108/268 325/140/264 322/143/267
f 326/144/269 327/145/270 328/146/271
f 327/145/270 326/144/269 329/147/272
f 330/145/270 331/98/273 328/146/271
f 328/146/271 331/98/273 332/95/189
f 333/147/274 334/148/275 335/145/276
f 334/148/275 333/147/274 336/149/277
f 337/100/278 335/145/276 338/148/275
f 335/145/276 337/100/278 339/98/273
f 340/150/279 341/151/280 342/141/281
f 340/150/279 342/141/281 343/140/282
f 344/104/198 343/140/282 345/108/268
f 344/104/198 346/150/283 343/140/282
f 347/152/284 348/153/285 349/151/286
f 347/152/284 349/151/286 350/150/287
f 351/103/197 350/150/288 352/104/198
f 351/103/197 353/152/284 350/150/288
f 354/149/289 355/152/284 356/148/290
f 355/152/284 354/149/289 357/153/291
f 358/103/197 356/148/292 359/152/284
f 356/148/292 358/103/197 360/100/278
f 361/154/293 362/155/294 363/156/295
f 362/155/294 361/154/293 364/157/296
f 365/158/297 366/155/294 367/159/298
f 366/155/294 365/158/297 368/156/299
f 369/155/300 370/160/301 371/159/302
f 370/160/301 369/155/300 372/161/303
f 373/155/300 374/162/304 375/161/305
f 374/162/304 373/155/300 376/157/306
f 377/157/306 378/163/307 379/164/308
f 377/157/306 379/164/308 380/162/309
f 381/165/310 382/157/296 383/154/311
f 382/157/296 381/165/310 384/163/312
f 385/166/313 386/159/298 387/167/314
f 386/159/298 385/166/313 388/158/315
f 389/159/302 390/168/316 391/167/317
f 390/168/316 389/159/302 392/160/318
f 393/169/319 394/163/312 395/165/320
f 394/163/312 393/169/319 396/170/321
f 397/163/307 398/171/322 399/164/323
f 398/171/322 397/163/307 400/170/324
f 401/172/325 402/167/326 403/173/34
f 402/167/326 401/172/325 404/166/313
f 405/167/327 406/174/328 407/173/28
f 406/174/328 405/167/327 408/168/316
f 409/175/329 410/156/299 411/158/315
f 410/156/299 409/175/329 412/176/330
f 413/161/303 414/177/331 415/160/318
f 414/177/331 413/161/303 416/178/332
f 417/179/333 418/180/334 419/181/335
f 418/180/334 417/179/333 420/182/336
f 421/183/337 422/156/299 423/176/330
f 422/156/299 421/183/337 424/154/293
f 424/154/311 425/184/338 426/165/339
f 425/184/338 424/154/311 427/183/340
f 428/161/303 429/185/341 430/178/332
f 429/185/341 428/161/303 431/162/304
f 431/162/342 432/186/343 433/185/344
f 434/164/345 432/186/343 431/162/342
f 435/180/346 436/187/347 437/181/348
f 436/187/347 435/180/346 438/188/349
f 439/189/350 440/190/351 441/191/352
f 440/190/351 439/189/350 442/192/353
f 443/190/354 444/193/355 445/194/356
f 444/193/355 443/190/354 446/192/357
f 447/160/318 448/195/358 449/168/316
f 448/195/358 447/160/318 450/177/331
f 451/196/359 452/158/315 453/166/313
f 452/158/315 451/196/359 454/175/329
f 455/181/348 456/197/360 457/198/361
f 456/197/360 455/181/348 458/187/362
f 459/199/363 460/181/335 461/198/364
f 460/181/335 459/199/363 462/179/333
f 463/200/365 464/201/366 465/192/367
f 465/192/367 464/201/366 466/193/355
f 467/202/368 468/192/369 469/189/350
f 468/192/369 467/202/368 470/200/370
f 471/203/371 472/165/372 473/184/338
f 472/165/372 471/203/371 474/169/373
f 475/164/345 476/204/374 477/186/375
f 476/204/374 475/164/345 478/171/376
f 479/166/313 480/205/377 481/196/359
f 480/205/377 479/166/313 482/172/325
f 483/168/378 484/206/379 485/174/328
f 484/206/379 483/168/378 486/195/380
f 487/207/381 488/190/382 489/194/383
f 487/207/381 489/194/383 490/208/384
f 491/191/385 492/207/386 493/209/387
f 492/207/386 491/191/385 494/190/388
f 495/210/389 496/188/390 497/180/346
f 496/188/390 495/210/389 498/211/391
f 499/182/392 500/212/393 501/210/394
f 499/182/392 501/210/394 502/180/334
f 503/182/336 504/213/395 505/214/396
f 504/213/395 503/182/336 506/179/397
f 507/188/398 508/215/399 509/187/362
f 508/215/399 507/188/398 510/216/400
f 511/217/401 512/191/352 513/218/402
f 512/191/352 511/217/401 514/189/403
f 515/219/404 516/194/356 517/193/405
f 516/194/356 515/219/404 518/220/406
f 519/179/397 520/221/407 521/213/395
f 520/221/407 519/179/397 522/199/12
f 523/187/362 524/222/408 525/197/15
f 524/222/408 523/187/362 526/215/399
f 527/201/409 528/223/410 529/193/405
f 529/193/405 528/223/410 530/219/404
f 531/224/411 532/189/403 533/217/401
f 532/189/403 531/224/411 534/202/412
f 535/218/402 536/209/413 537/225/414
f 536/209/413 535/218/402 538/191/385
f 539/208/415 540/194/383 541/220/416
f 541/220/416 542/226/417 539/208/415
f 543/214/396 544/227/418 545/212/419
f 545/212/419 546/182/420 543/214/396
f 547/211/421 548/216/400 549/188/422
f 548/216/400 547/211/421 550/228/423
f 551/185/424 552/229/425 553/178/426
f 553/178/426 552/229/425 554/230/427
f 555/231/428 556/176/330 557/232/429
f 556/176/330 555/231/428 558/183/430
f 559/178/426 560/233/431 561/177/432
f 560/233/431 559/178/426 562/230/433
f 563/234/434 564/232/429 565/176/330
f 563/234/434 565/176/330 566/175/435
f 567/186/436 568/235/437 569/185/438
f 569/185/438 568/235/437 570/229/425
f 571/236/439 572/183/430 573/231/440
f 572/183/430 571/236/439 574/184/441
f 575/237/442 576/234/434 577/175/435
f 577/175/435 578/196/359 575/237/442
f 579/177/432 580/238/443 581/195/444
f 580/238/443 579/177/432 582/233/431
f 583/204/445 584/239/446 585/186/436
f 585/186/436 584/239/446 586/235/437
f 587/240/447 588/184/441 589/236/439
f 588/184/441 587/240/447 590/203/448
f 591/237/442 592/196/449 593/241/450
f 592/196/449 594/205/451 593/241/450
f 595/195/452 596/242/453 597/206/454
f 596/242/453 595/195/452 598/238/443
f 599/216/455 600/243/456 601/215/457
f 600/243/456 599/216/455 602/244/458
f 603/245/459 604/214/460 605/246/461
f 604/214/460 606/213/462 605/246/461
f 607/219/463 608/247/464 609/220/406
f 609/220/406 608/247/464 610/248/465
f 611/249/466 612/218/402 613/250/467
f 612/218/402 611/249/466 614/217/468
f 615/248/469 616/226/417 617/220/470
f 616/226/417 615/248/469 618/251/471
f 619/250/472 620/225/414 621/252/473
f 620/225/414 619/250/472 622/218/402
f 623/245/474 624/253/475 625/227/418
f 625/227/418 626/214/396 623/245/474
f 627/216/400 628/228/476 629/244/477
f 628/228/476 630/254/478 629/244/477
f 631/255/457 632/256/479 633/257/480
f 632/256/479 631/255/457 634/258/456
f 635/259/481 636/260/482 637/261/483
f 635/259/481 637/261/483 638/262/484
f 639/257/485 640/263/486 641/264/487
f 640/263/486 639/257/485 642/256/488
f 643/265/489 644/266/490 645/260/491
f 645/260/491 644/266/490 646/261/483
f 647/267/492 648/268/493 649/269/494
f 648/268/493 647/267/492 650/270/495
f 651/267/492 652/271/496 653/272/497
f 651/267/492 653/272/497 654/270/495
f 655/269/498 656/273/499 657/274/500
f 656/273/499 658/275/501 657/274/500
f 656/273/499 655/269/498 659/268/502
f 660/271/503 661/276/504 662/277/505
f 662/277/505 661/276/504 663/278/506
f 660/271/503 662/277/505 664/272/431
f 665/279/507 666/280/508 667/281/509
f 666/280/508 665/279/507 668/282/477
f 669/283/510 670/284/511 671/285/512
f 670/284/511 672/286/469 671/285/512
f 673/262/513 674/261/514 675/287/515
f 673/262/513 675/287/515 676/285/516
f 676/285/516 677/286/517 673/262/513
f 678/256/479 679/288/518 680/263/486
f 679/288/518 678/256/479 681/289/519
f 682/258/520 683/289/519 678/256/479
f 683/289/519 682/258/520 684/279/521
f 684/279/521 682/258/520 685/282/522
f 686/266/490 687/290/523 688/261/514
f 688/261/514 687/290/523 689/287/524
f 690/291/525 691/292/526 692/293/527
f 693/284/528 694/274/529 695/275/501
f 694/274/529 693/284/528 696/283/530
f 697/276/531 698/280/92 699/278/89
f 698/280/92 697/276/531 700/281/532
f 701/281/533 702/294/534 703/279/535
f 704/292/526 705/291/536 706/295/537
f 707/296/538 708/297/539 709/298/121
f 708/297/539 707/296/538 710/299/540
f 711/283/541 712/300/542 713/301/543
f 712/300/542 711/283/541 714/285/516
f 715/302/544 716/303/545 717/304/546
f 718/305/547 716/303/545 715/302/544
f 716/303/545 718/305/547 719/306/548
f 720/290/549 719/306/548 721/305/547
f 719/306/548 720/290/549 722/266/550
f 723/269/551 724/274/500 725/307/552
f 723/269/551 726/308/553 727/267/554
f 728/271/555 729/309/556 730/276/504
f 731/308/553 728/271/555 732/267/554
f 733/263/557 734/288/518 735/310/65
f 735/310/65 734/288/518 736/311/558
f 737/312/559 735/310/109 738/311/558
f 737/312/559 738/311/558 739/313/560
f 739/313/560 740/314/133 737/312/559
f 741/315/561 742/294/534 743/281/533
f 744/307/552 745/308/553 746/269/551
f 747/309/556 748/271/555 749/308/553
f 750/288/562 751/289/563 752/316/564
f 753/294/565 751/289/566 754/279/535
f 755/290/567 756/317/568 757/287/524
f 757/287/524 758/300/569 759/285/516
f 762/318/570 760/319/571 761/320/572
f 766/321/573 761/320/572 763/322/574
f 761/320/572 766/321/573 762/318/570
f 767/323/575 762/318/570 766/321/573
f 768/324/576 767/323/575 766/321/573
f 768/324/576 766/321/573 769/325/577
f 763/322/574 769/325/577 766/321/573
f 769/325/577 763/322/574 764/326/578
f 765/327/579 769/325/577 764/326/578
f 770/328/580 768/324/576 769/325/577
f 769/325/577 765/327/579 770/328/580
f 773/329/581 772/330/582 774/331/583
f 779/332/584 778/333/585 776/334/586
f 779/332/584 777/335/587 778/333/585
f 776/334/586 775/336/588 779/332/584
f 777/335/587 779/332/584 780/337/589
f 775/336/588 781/338/590 779/332/584
f 781/338/590 780/337/589 779/332/584
f 775/336/588 773/329/581 781/338/590
f 780/337/589 781/338/590 782/339/591
f 773/329/581 774/331/583 781/338/590
f 774/331/583 782/339/591 781/338/590
f 782/339/591 774/331/583 783/340/592
f 784/289/593 785/294/565 786/316/564
f 787/300/569 788/287/524 789/317/568
f 790/299/540 791/341/594 792/297/595
f 793/342/596 794/293/597 795/292/598
f 794/293/597 793/342/596 796/343/599
f 797/341/600 798/299/601 799/344/602
f 800/307/603 801/274/529 802/283/604
f 803/345/605 804/346/153 805/297/595
f 804/346/153 806/298/154 805/297/595
f 804/346/153 803/345/605 807/347/606
f 807/347/607 808/348/608 809/349/609
f 808/348/608 807/347/607 810/345/605
f 811/350/610 812/305/611 813/302/544
f 814/290/567 812/305/611 815/317/568
f 816/309/612 817/281/613 818/276/614
f 817/281/613 816/309/612 819/315/615
f 820/351/616 821/292/617 822/352/618
f 822/352/618 821/292/617 823/295/619
f 820/351/616 822/352/618 824/353/620
f 825/354/621 824/353/620 826/355/622
f 825/354/621 827/351/623 824/353/620
f 828/288/518 829/316/564 830/311/624
f 830/311/558 831/356/625 832/313/560
f 833/357/626 834/358/627 835/359/628
f 834/358/627 833/357/626 770/328/580
f 771/360/629 834/358/627 770/328/580
f 768/324/576 770/328/580 833/357/626
f 770/328/580 765/327/579 771/360/629
f 839/361/630 837/362/631 836/363/632
f 839/361/630 838/364/633 837/362/631
f 839/361/630 836/363/632 840/365/634
f 838/364/633 839/361/630 841/366/635
f 842/367/636 839/361/630 840/365/634
f 842/367/636 841/366/635 839/361/630
f 842/367/636 840/365/634 843/368/637
f 844/331/583 842/367/636 843/368/637
f 844/331/583 843/368/637 845/340/592
f 844/331/583 846/369/638 842/367/636
f 841/366/635 842/367/636 846/369/638
f 846/369/638 844/331/583 847/330/639
f 767/323/575 848/370/640 762/318/570
f 760/319/571 762/318/570 849/371/641
f 850/283/604 851/301/642 852/307/552
f 853/305/611 854/350/610 855/317/568
f 856/356/643 857/311/624 858/316/644
f 859/349/645 860/372/646 861/373/647
f 859/349/645 861/373/647 862/374/648
f 863/355/649 864/375/650 865/376/651
f 864/375/650 863/355/649 866/377/652
f 867/309/556 868/378/653 869/315/561
f 868/378/653 867/309/556 870/308/553
f 871/379/654 869/315/561 868/378/653
f 871/379/654 872/294/655 869/315/561
f 872/294/655 871/379/654 873/316/564
f 874/380/656 875/300/569 876/317/568
f 875/300/569 874/380/656 877/301/543
f 877/301/543 874/380/656 878/378/653
f 877/301/543 878/378/653 879/307/657
f 879/307/657 878/378/653 880/308/553
f 881/341/658 882/345/659 883/297/595
f 882/345/659 884/381/660 885/348/661
f 886/354/621 887/376/651 888/382/662
f 887/376/651 886/354/621 889/355/649
f 890/383/663 891/351/664 892/354/621
f 891/351/664 893/342/665 894/292/617
f 895/384/666 896/376/651 897/375/667
f 896/376/651 895/384/666 898/385/668
f 899/345/659 900/341/658 901/381/660
f 902/386/669 903/372/646 904/387/670
f 903/372/646 902/386/669 905/373/671
f 906/383/663 907/342/665 908/351/664
f 910/302/672 909/291/673 911/293/674
f 912/291/675 913/302/672 914/304/546
f 915/348/608 916/388/676 917/372/646
f 915/348/608 917/372/646 918/349/645
f 919/388/677 920/387/678 917/372/646
f 919/388/677 921/389/679 920/387/678
f 920/387/678 921/389/679 922/390/680
f 923/296/681 924/314/229 925/313/682
f 926/382/662 927/385/683 928/391/684
f 927/385/683 929/392/685 928/391/684
f 927/385/683 926/382/662 930/376/686
f 931/393/687 932/344/688 933/379/654
f 934/356/689 933/379/654 932/344/688
f 933/379/654 934/356/689 935/316/644
f 931/393/687 936/341/690 932/344/688
f 936/341/690 931/393/687 937/381/691
f 938/342/692 939/394/693 940/343/694
f 939/394/693 938/342/692 941/383/663
f 940/343/694 939/394/693 942/380/656
f 942/380/656 943/350/695 940/343/694
f 944/317/568 943/350/695 942/380/656
f 946/299/696 945/296/681 947/313/560
f 946/299/697 948/356/698 949/344/699
f 950/395/700 951/396/701 952/397/702
f 951/396/701 953/398/703 952/397/702
f 954/399/704 955/400/248 956/401/705
f 955/400/248 954/399/704 957/402/706
f 958/382/662 959/391/707 960/403/708
f 958/382/662 961/383/663 962/354/709
f 963/388/710 964/404/711 965/389/712
f 966/381/660 963/388/677 967/348/608
f 968/403/713 969/383/663 970/382/662
f 971/404/714 972/388/677 973/381/660
f 974/405/715 975/395/716 976/406/717
f 975/395/716 977/397/718 976/406/717
f 978/401/705 979/407/719 980/399/720
f 981/407/719 982/401/705 983/408/721
f 984/409/722 985/410/723 986/411/724
f 986/411/724 985/410/723 987/412/725
f 988/413/726 989/410/723 990/409/722
f 989/410/723 988/413/726 991/414/727
f 992/399/728 993/415/729 994/402/706
f 995/414/727 993/415/729 992/399/728
f 993/415/729 995/414/727 996/413/730
f 997/416/731 998/411/732 999/412/725
f 997/416/731 999/412/725 1000/397/718
f 1000/397/718 1001/398/703 997/416/731
f 1002/356/698 1003/299/696 1004/313/560
f 1005/407/733 1006/414/734 1007/399/735
f 1006/414/734 1008/417/736 1009/410/737
f 1010/397/718 1011/412/738 1012/406/717
f 1013/410/737 1014/417/736 1011/412/738
f 1015/414/734 1016/407/733 1017/417/736
f 1018/343/694 1019/350/739 1020/293/740
f 1020/293/740 1019/350/739 1021/302/741
f 1022/412/738 1023/417/736 1024/406/717
f 1025/394/742 1026/405/743 1027/418/744
f 1028/406/745 1027/418/744 1026/405/743
f 1027/418/744 1028/406/745 1029/417/736
f 1025/394/742 1030/403/713 1026/405/743
f 1030/403/713 1025/394/742 1031/383/663
f 1032/404/714 1033/393/687 1034/408/746
f 1033/393/687 1032/404/714 1035/381/660
f 1034/408/746 1033/393/687 1036/418/744
f 1036/418/744 1037/407/733 1034/408/746
f 1038/417/736 1037/407/733 1036/418/744
f 1039/378/747 1040/380/656 1041/379/654
f 1042/380/748 1043/393/687 1044/379/654
f 1045/394/742 1043/393/687 1042/380/748
f 1046/393/687 1047/394/742 1048/418/749
f 1049/395/750 1050/403/751 1051/391/707
f 1052/404/711 1053/401/752 1054/389/753
f 1055/389/679 1056/400/754 1057/390/680
f 1056/400/754 1055/389/679 1058/401/755
f 1059/396/756 1060/391/757 1061/392/685
f 1060/391/757 1059/396/756 1062/395/758
f 1063/401/752 1064/404/759 1065/408/746
f 1066/403/751 1067/395/750 1068/405/743
f 834/358/627 1069/419/261 1070/420/262
f 1069/419/261 834/358/627 771/360/629
f 1071/421/760 1072/422/761 1073/423/762
f 1072/422/761 1071/421/760 1074/424/763
f 1075/425/764 1076/426/765 1077/427/766
f 1076/426/765 1075/425/764 1078/428/767
f 1079/425/764 1080/424/768 1081/428/767
f 1080/424/768 1079/425/764 1082/422/761
f 1083/427/766 1084/429/769 1085/430/770
f 1084/429/769 1083/427/766 1086/426/771
f 1087/431/772 1088/423/773 1089/432/774
f 1088/423/773 1087/431/772 1090/421/775
f 1091/365/776 1089/432/774 1092/423/777
f 1093/363/632 1089/432/774 1091/365/776
f 1094/430/770 1095/433/778 1096/434/779
f 1095/433/778 1094/430/770 1097/429/780
f 1096/434/781 1098/337/782 1099/430/770
f 1098/337/782 1096/434/781 1100/335/587
f 1101/340/592 1102/422/761 1103/425/783
f 1104/422/761 1105/340/592 1106/368/784
f 1107/340/592 1108/427/766 1109/339/785
f 1108/427/766 1107/340/592 1110/425/783
f 1111/423/773 1112/368/637 1113/365/786
f 1112/368/637 1111/423/773 1114/422/761
f 1115/339/591 1116/430/770 1117/337/782
f 1116/430/770 1115/339/591 1118/427/766
f 1119/6/787 1120/11/788 1121/2/789
f 1120/11/788 1119/6/787 1122/13/790
f 1123/2/791 1124/5/368 1119/6/792
f 1124/5/368 1123/2/791 1125/4/793
f 1126/2/794 1127/1/366 1128/4/795
f 1127/1/366 1126/2/794 1129/3/796
f 1129/3/797 1130/11/798 1131/12/799
f 1130/11/798 1129/3/797 1132/2/800
f 1133/6/801 1134/9/411 1135/10/802
f 1134/9/411 1133/6/801 1136/5/803
f 1137/3/804 1138/7/410 1139/1/805
f 1138/7/410 1137/3/804 1140/8/806
f 1141/16/807 1142/20/808 1143/17/809
f 1142/20/808 1141/16/807 1144/21/810
f 1145/18/811 1146/19/812 1147/16/813
f 1145/18/811 1147/16/813 1148/17/814
f 1149/13/815 1150/10/802 1151/15/816
f 1150/10/802 1149/13/815 1152/6/817
f 1153/12/818 1154/8/806 1155/3/797
f 1154/8/806 1153/12/818 1156/14/819
f 1157/22/820 1158/12/799 1159/11/798
f 1158/12/799 1157/22/820 1160/24/821
f 1161/13/790 1162/22/822 1163/11/788
f 1162/22/822 1161/13/790 1164/23/823
f 1165/25/824 1166/26/825 1167/19/826
f 1167/19/826 1168/18/827 1165/25/824
f 1169/21/828 1170/27/445 1171/20/829
f 1170/27/445 1169/21/828 1172/28/830
f 1173/15/831 1174/23/832 1175/13/815
f 1174/23/832 1173/15/831 1176/29/833
f 1177/24/834 1178/14/835 1179/12/818
f 1178/14/835 1177/24/834 1180/30/836
f 1181/23/823 1182/41/837 1183/22/822
f 1182/41/837 1181/23/823 1184/43/838
f 1185/41/839 1186/24/821 1187/22/820
f 1186/24/821 1185/41/839 1188/42/840
f 1189/32/841 1190/31/842 1191/34/843
f 1190/31/842 1189/32/841 1192/33/844
f 1193/36/845 1194/32/846 1195/35/847
f 1195/35/847 1194/32/846 1196/34/848
f 1197/14/849 1198/39/490 1199/8/850
f 1198/39/490 1197/14/849 1200/40/548
f 1201/38/851 1202/15/852 1203/37/853
f 1202/15/852 1204/10/854 1203/37/853
f 1205/29/855 1206/43/856 1207/23/832
f 1206/43/856 1205/29/855 1208/53/857
f 1209/47/858 1210/36/845 1211/46/859
f 1211/46/859 1210/36/845 1212/35/860
f 1213/33/861 1214/44/862 1215/31/863
f 1214/44/862 1213/33/861 1216/45/864
f 1217/42/865 1218/30/836 1219/24/834
f 1218/30/836 1217/42/865 1220/52/866
f 1221/51/867 1222/26/868 1223/50/869
f 1222/26/868 1224/25/824 1223/50/869
f 1225/48/870 1226/27/871 1227/28/872
f 1227/28/872 1228/49/528 1225/48/870
f 1229/38/851 1230/58/873 1231/29/833
f 1231/29/833 1232/15/852 1229/38/851
f 1233/30/874 1234/40/548 1235/14/849
f 1234/40/548 1233/30/874 1236/57/875
f 1237/36/876 1238/56/877 1239/32/878
f 1238/56/877 1240/55/879 1239/32/878
f 1241/32/880 1242/54/881 1243/33/882
f 1242/54/881 1241/32/880 1244/55/883
f 1245/47/884 1246/63/885 1247/64/886
f 1248/61/536 1249/45/887 1250/62/537
f 1251/47/888 1252/60/889 1253/36/890
f 1252/60/889 1254/56/891 1253/36/890
f 1255/33/892 1256/59/893 1257/45/894
f 1256/59/893 1255/33/892 1258/54/895
f 1259/52/896 1260/57/875 1261/30/897
f 1260/57/875 1259/52/896 1262/69/546
f 1263/58/898 1264/68/899 1265/53/900
f 1265/53/900 1266/29/901 1263/58/898
f 1267/55/883 1268/66/902 1269/65/903
f 1267/55/883 1269/65/903 1270/54/881
f 1271/66/904 1272/55/879 1273/67/905
f 1274/56/877 1273/67/905 1272/55/879
f 1275/63/885 1276/47/858 1277/46/859
f 1278/45/864 1279/61/536 1280/44/906
f 1281/60/889 1282/70/907 1283/56/891
f 1282/70/907 1284/67/908 1283/56/891
f 1285/54/895 1286/65/909 1287/71/910
f 1285/54/895 1287/71/910 1288/59/911
f 1289/59/912 1290/76/913 1291/45/864
f 1291/45/864 1290/76/913 1292/62/619
f 1293/75/914 1294/47/915 1295/64/916
f 1294/47/915 1293/75/914 1296/60/917
f 1297/70/918 1298/78/919 1299/67/908
f 1298/78/919 1300/74/920 1299/67/908
f 1301/77/921 1302/65/909 1303/72/922
f 1302/65/909 1301/77/921 1304/71/923
f 1305/73/924 1306/89/925 1307/72/926
f 1306/89/925 1305/73/924 1308/87/927
f 1307/72/928 1309/66/902 1310/73/929
f 1309/66/902 1307/72/928 1311/65/903
f 1312/74/930 1313/88/931 1314/73/932
f 1313/88/931 1315/87/933 1314/73/932
f 1312/74/934 1316/73/935 1317/66/904
f 1318/67/905 1312/74/934 1317/66/904
f 1319/80/620 1320/59/936 1321/71/937
f 1320/59/936 1319/80/620 1322/76/618
f 1323/79/938 1324/60/939 1325/75/914
f 1324/60/939 1323/79/938 1326/70/940
f 1330/137/941 1328/136/942 1329/138/943
f 1336/107/944 1334/112/945 1335/109/946
f 1335/109/946 1338/102/947 1336/107/944
f 1338/102/947 1335/109/946 1337/106/948
f 1339/105/949 1338/102/947 1337/106/948
f 1338/102/947 1339/105/949 1340/99/950
f 1333/101/951 1340/99/950 1339/105/949
f 1341/100/952 1338/102/947 1340/99/950
f 1340/99/950 1342/98/953 1341/100/952
f 1340/99/950 1333/101/951 1343/96/954
f 1342/98/953 1340/99/950 1343/96/954
f 1332/97/955 1343/96/954 1333/101/951
f 1343/96/954 1344/95/956 1342/98/953
f 1343/96/954 1332/97/955 1345/94/957
f 1344/95/956 1343/96/954 1345/94/957
f 1346/77/958 1347/90/959 1348/71/937
f 1348/71/937 1347/90/959 1349/80/620
f 1350/91/960 1351/70/940 1352/79/938
f 1351/70/940 1350/91/960 1353/78/961
f 1354/93/962 1355/72/963 1356/89/925
f 1355/72/963 1354/93/962 1357/77/652
f 1358/74/964 1359/78/965 1360/92/966
f 1360/92/966 1361/88/931 1358/74/964
f 1362/35/967 1363/41/968 1364/43/969
f 1363/41/968 1362/35/967 1365/34/970
f 1366/41/971 1367/34/972 1368/31/973
f 1366/41/971 1368/31/973 1369/42/974
f 1373/110/975 1371/111/976 1372/113/977
f 1370/114/978 1373/110/975 1372/113/977
f 1371/111/976 1373/110/975 1374/108/979
f 1373/110/975 1370/114/978 1334/112/945
f 1336/107/944 1374/108/979 1373/110/975
f 1334/112/945 1336/107/944 1373/110/975
f 1374/108/979 1336/107/944 1375/104/980
f 1338/102/947 1375/104/980 1336/107/944
f 1375/104/980 1338/102/947 1376/103/981
f 1338/102/947 1341/100/952 1376/103/981
f 1378/84/982 1377/139/983 1327/133/984
f 1378/84/982 1380/85/985 1379/86/986
f 1382/81/987 1331/82/571 1381/83/641
f 1383/135/988 1382/81/987 1380/85/985
f 1331/82/571 1382/81/987 1383/135/988
f 1383/135/988 1380/85/985 1384/129/989
f 1385/130/990 1384/129/989 1380/85/985
f 1380/85/985 1378/84/982 1385/130/990
f 1384/129/989 1385/130/990 1386/131/991
f 1385/130/990 1387/132/992 1386/131/991
f 1327/133/984 1385/130/990 1378/84/982
f 1387/132/992 1385/130/990 1327/133/984
f 1327/133/984 1388/134/993 1387/132/992
f 1388/134/993 1327/133/984 1328/136/942
f 1328/136/942 1330/137/941 1388/134/993
f 1389/42/974 1390/31/973 1391/44/994
f 1389/42/974 1391/44/994 1392/52/995
f 1393/46/996 1394/43/997 1395/53/900
f 1394/43/997 1393/46/996 1396/35/967
f 1397/63/998 1398/53/900 1399/68/999
f 1400/52/995 1401/61/675 1402/69/1000
f 1403/53/1001 1404/63/998 1405/46/996
f 1406/61/675 1407/52/896 1408/44/1002
f 1409/119/1003 1410/115/1004 1411/120/1005
f 1410/115/1004 1409/119/1003 1412/118/1006
f 1413/118/1007 1414/116/1008 1415/115/1009
f 1415/115/1009 1414/116/1008 1416/117/1010
f 1417/121/1011 1418/120/1005 1419/122/1012
f 1418/120/1005 1417/121/1011 1420/119/1013
f 1421/116/1014 1422/123/1015 1423/117/1010
f 1423/117/1010 1422/123/1015 1424/124/1016
f 1425/123/1017 1426/127/1018 1427/124/1019
f 1427/124/1019 1426/127/1018 1428/128/1020
f 1429/126/1021 1430/125/1022 1431/122/1023
f 1431/122/1023 1430/125/1022 1432/121/1024
f 1433/140/1025 1434/141/1026 1435/142/1027
f 1435/142/1027 1436/143/1028 1433/140/1025
f 1436/143/1028 1437/111/1029 1438/108/1030
f 1438/108/1030 1439/140/1025 1436/143/1028
f 1440/95/1031 1441/146/1032 1442/98/953
f 1443/145/1033 1442/98/953 1441/146/1032
f 1444/144/1034 1445/145/1033 1441/146/1032
f 1445/145/1033 1444/144/1034 1446/147/1035
f 1447/141/1036 1448/140/1037 1449/150/1038
f 1447/141/1036 1449/150/1038 1450/151/1039
f 1448/140/1037 1451/104/980 1452/150/1040
f 1451/104/980 1448/140/1037 1453/108/1041
f 1454/100/952 1455/145/1042 1456/148/1043
f 1455/145/1042 1454/100/952 1457/98/1044
f 1458/147/1045 1459/148/1046 1455/145/1042
f 1459/148/1046 1458/147/1045 1460/149/1047
f 1461/151/1048 1462/150/1049 1463/152/1050
f 1461/151/1048 1463/152/1050 1464/153/1051
f 1462/150/1052 1465/103/981 1466/152/1053
f 1462/150/1052 1467/104/980 1465/103/981
f 1468/103/981 1469/148/1054 1470/152/1055
f 1469/148/1054 1468/103/981 1471/100/952
f 1472/149/1056 1473/152/1055 1469/148/1057
f 1473/152/1055 1472/149/1056 1474/153/1058
f 1475/435/1059 1476/436/1060 1477/437/1061
f 1478/438/1062 1477/437/1061 1476/436/1060
f 1477/437/1061 1478/438/1062 1479/439/1063
f 1481/440/1064 1479/439/1063 1478/438/1062
f 1481/440/1064 1478/438/1062 1482/441/1065
f 1479/439/1063 1481/440/1064 1483/442/1066
f 1484/443/1067 1481/440/1064 1482/441/1065
f 1481/440/1064 1484/443/1067 1485/444/1068
f 1487/445/571 1480/446/941 1488/447/1069
f 1486/448/1070 1488/447/1069 1480/446/941
f 1485/444/1068 1484/443/1067 1490/449/1071
f 1484/443/1067 1491/450/1072 1490/449/1071
f 1491/450/1072 1484/443/1067 1492/451/1073
f 1495/452/1074 1486/448/1070 1493/453/1075
f 1488/447/1069 1486/448/1070 1495/452/1074
f 1494/454/1076 1496/455/1077 1493/453/1075
f 1495/452/1074 1493/453/1075 1496/455/1077
f 1494/454/1076 1497/456/1078 1496/455/1077
f 1497/456/1078 1494/454/1076 1500/457/1079
f 1497/456/1078 1500/457/1079 1501/458/629
f 1502/459/1080 1501/458/629 1500/457/1079
f 1503/460/1081 1501/458/629 1502/459/1080
f 1506/461/1082 1505/462/1083 1508/463/1084
f 1491/450/1072 1508/463/1084 1504/464/1085
f 1504/464/1085 1490/449/1071 1491/450/1072
f 1508/463/1084 1509/465/1086 1506/461/1082
f 1507/466/1087 1506/461/1082 1509/465/1086
f 1508/463/1084 1491/450/1072 1510/467/1088
f 1510/467/1088 1509/465/1086 1508/463/1084
f 1509/465/1086 1511/468/1089 1507/466/1087
f 1510/467/1088 1491/450/1072 1512/469/1090
f 1492/451/1073 1512/469/1090 1491/450/1072
f 1512/469/1090 1492/451/1073 1513/470/1091
f 1511/468/1089 1514/471/1092 1507/466/1087
f 1513/470/1091 1515/472/1093 1512/469/1090
f 1512/469/1090 1516/473/1094 1510/467/1088
f 1516/473/1094 1512/469/1090 1515/472/1093
f 1509/465/1086 1510/467/1088 1517/474/1095
f 1517/474/1095 1510/467/1088 1516/473/1094
f 1517/474/1095 1511/468/1089 1509/465/1086
f 1514/471/1092 1511/468/1089 1518/475/170
f 1511/468/1089 1517/474/1095 1520/476/1096
f 1520/476/1096 1518/475/170 1511/468/1089
f 1516/473/1094 1521/477/1097 1517/474/1095
f 1521/477/1097 1520/476/1096 1517/474/1095
f 1521/477/1097 1516/473/1094 1522/478/1098
f 1515/472/1093 1522/478/1098 1516/473/1094
f 1523/479/1099 1519/480/168 1518/475/170
f 1518/475/170 1520/476/1096 1523/479/1099
f 1519/480/168 1523/479/1099 1524/481/1100
f 1525/482/1101 1519/480/168 1524/481/1100
f 1526/483/1102 1523/479/1099 1520/476/1096
f 1521/477/1097 1526/483/1102 1520/476/1096
f 1527/484/1103 1524/481/1100 1523/479/1099
f 1523/479/1099 1526/483/1102 1527/484/1103
f 1528/485/1104 1526/483/1102 1521/477/1097
f 1522/478/1098 1528/485/1104 1521/477/1097
f 1529/486/1105 1527/484/1103 1526/483/1102
f 1528/485/1104 1529/486/1105 1526/483/1102
f 1524/481/1100 1530/487/1106 1525/482/1101
f 1531/488/1107 1525/482/1101 1530/487/1106
f 1530/487/1106 1532/489/945 1531/488/1107
f 1530/487/1106 1524/481/1100 1533/490/1108
f 1524/481/1100 1527/484/1103 1533/490/1108
f 1532/489/945 1530/487/1106 1534/491/1109
f 1533/490/1108 1534/491/1109 1530/487/1106
f 1534/491/1109 1533/490/1108 1535/492/1110
f 1533/490/1108 1536/493/1111 1535/492/1110
f 1536/493/1111 1533/490/1108 1527/484/1103
f 1527/484/1103 1529/486/1105 1536/493/1111
f 1539/494/628 1540/495/1112 1537/496/1113
f 1540/495/1112 1499/497/1114 1537/496/1113
f 1540/495/1112 1539/494/628 1541/498/1115
f 1542/499/1116 1541/498/1115 1539/494/628
f 1541/498/1115 1542/499/1116 1543/500/1117
f 1544/501/1118 1543/500/1117 1542/499/1116
f 1543/500/1117 1544/501/1118 1545/502/1119
f 1546/503/263 1545/502/1119 1544/501/1118
f 1543/500/1117 1547/504/1120 1541/498/1115
f 1545/502/1119 1546/503/263 1525/482/1101
f 1545/502/1119 1548/505/1121 1543/500/1117
f 1547/504/1120 1543/500/1117 1548/505/1121
f 1548/505/1121 1545/502/1119 1531/488/1107
f 1525/482/1101 1531/488/1107 1545/502/1119
f 1519/480/168 1525/482/1101 1546/503/263
f 1531/488/1107 1549/506/1122 1548/505/1121
f 1550/507/1123 1541/498/1115 1547/504/1120
f 1541/498/1115 1550/507/1123 1540/495/1112
f 1548/505/1121 1551/508/1124 1547/504/1120
f 1551/508/1124 1548/505/1121 1549/506/1122
f 1547/504/1120 1552/509/1125 1550/507/1123
f 1552/509/1125 1547/504/1120 1551/508/1124
f 1553/510/1126 1540/495/1112 1550/507/1123
f 1554/511/1127 1550/507/1123 1552/509/1125
f 1550/507/1123 1554/511/1127 1553/510/1126
f 1540/495/1112 1553/510/1126 1555/512/1128
f 1554/511/1127 1556/513/1129 1553/510/1126
f 1553/510/1126 1556/513/1129 1555/512/1128
f 1540/495/1112 1555/512/1128 1499/497/1114
f 1556/513/1129 1554/511/1127 1557/514/1130
f 1549/506/1122 1531/488/1107 1532/489/945
f 1560/515/1131 1557/514/1130 1558/516/1132
f 1557/514/1130 1560/515/1131 1556/513/1129
f 1561/517/1133 1558/516/1132 1559/518/1134
f 1558/516/1132 1561/517/1133 1560/515/1131
f 1563/519/1135 1561/517/1133 1559/518/1134
f 1563/519/1135 1559/518/1134 1562/520/1136
f 1565/521/1137 1563/519/1135 1562/520/1136
f 1562/520/1136 1564/522/1138 1565/521/1137
f 1564/522/1138 1566/523/1139 1568/524/1140
f 1568/524/1140 1565/521/1137 1564/522/1138
f 1567/525/1141 1568/524/1140 1566/523/1139
f 1569/526/1142 1570/527/1143 1567/525/1141
f 1568/524/1140 1567/525/1141 1570/527/1143
f 1571/528/1144 1572/529/1145 1569/526/1142
f 1570/527/1143 1569/526/1142 1572/529/1145
f 1573/530/1146 1576/531/1147 1571/528/1144
f 1572/529/1145 1571/528/1144 1576/531/1147
f 1574/532/1148 1577/533/1149 1573/530/1146
f 1576/531/1147 1573/530/1146 1577/533/1149
f 1575/470/1091 1578/534/1150 1574/532/1148
f 1577/533/1149 1574/532/1148 1578/534/1150
f 1578/534/1150 1575/470/1091 1579/451/1151
f 1577/533/1149 1580/535/1152 1576/531/1147
f 1578/534/1150 1482/441/1065 1577/533/1149
f 1580/535/1152 1577/533/1149 1482/441/1065
f 1482/441/1065 1578/534/1150 1484/443/1067
f 1492/451/1073 1484/443/1067 1578/534/1150
f 1482/441/1065 1478/438/1062 1580/535/1152
f 1581/536/1153 1576/531/1147 1580/535/1152
f 1576/531/1147 1581/536/1153 1572/529/1145
f 1580/535/1152 1476/436/1060 1581/536/1153
f 1476/436/1060 1580/535/1152 1478/438/1062
f 1582/537/1154 1572/529/1145 1581/536/1153
f 1572/529/1145 1582/537/1154 1570/527/1143
f 1583/538/983 1581/536/1153 1476/436/1060
f 1581/536/1153 1583/538/983 1582/537/1154
f 1476/436/1060 1475/435/1059 1583/538/983
f 1584/539/1155 1570/527/1143 1582/537/1154
f 1570/527/1143 1584/539/1155 1568/524/1140
f 1565/521/1137 1568/524/1140 1584/539/1155
f 1585/540/1156 1582/537/1154 1583/538/983
f 1582/537/1154 1585/540/1156 1584/539/1155
f 1584/539/1155 1586/541/1157 1565/521/1137
f 1585/540/1156 1586/541/1157 1584/539/1155
f 1563/519/1135 1565/521/1137 1586/541/1157
f 1586/541/1157 1587/542/1158 1563/519/1135
f 1587/542/1158 1561/517/1133 1563/519/1135
f 1586/541/1157 1585/540/1156 1588/543/1159
f 1588/543/1159 1587/542/1158 1586/541/1157
f 1587/542/1158 1590/544/1160 1561/517/1133
f 1590/544/1160 1560/515/1131 1561/517/1133
f 1587/542/1158 1588/543/1159 1591/545/1161
f 1587/542/1158 1591/545/1161 1590/544/1160
f 1591/545/1161 1588/543/1159 1589/546/985
f 1560/515/1131 1590/544/1160 1592/547/1162
f 1592/547/1162 1556/513/1129 1560/515/1131
f 1556/513/1129 1592/547/1162 1555/512/1128
f 1593/548/1163 1592/547/1162 1590/544/1160
f 1591/545/1161 1593/548/1163 1590/544/1160
f 1555/512/1128 1592/547/1162 1594/549/1164
f 1592/547/1162 1593/548/1163 1594/549/1164
f 1555/512/1128 1594/549/1164 1498/550/575
f 1499/497/1114 1555/512/1128 1498/550/575
f 1595/551/1165 1594/549/1164 1593/548/1163
f 1596/552/1166 1593/548/1163 1591/545/1161
f 1596/552/1166 1595/551/1165 1593/548/1163
f 1589/546/985 1596/552/1166 1591/545/1161
f 1594/549/1164 1595/551/1165 1489/553/1167
f 1598/554/989 1487/445/571 1597/555/1168
f 1600/556/992 1598/554/989 1599/557/1169
f 1600/556/992 1487/445/571 1598/554/989
f 1487/445/571 1600/556/992 1480/446/941
f 1480/446/941 1600/556/992 1601/558/1170
f 1602/559/931 1603/560/1171 1604/561/1172
f 1603/560/1171 1602/559/931 1605/562/1173
f 1606/561/1174 1607/560/1175 1608/563/925
f 1607/560/1175 1609/564/1176 1608/563/925
f 1610/565/1177 1611/566/174 1612/567/1178
f 1611/566/174 1613/568/1179 1612/567/1178
f 1614/567/1180 1615/568/1181 1616/569/172
f 1614/567/1180 1616/569/172 1617/570/1182
f 1618/562/1183 1619/571/966 1620/572/1184
f 1619/571/966 1618/562/1183 1621/559/1185
f 1622/563/1186 1623/564/1187 1624/573/962
f 1623/564/1187 1625/574/1188 1624/573/962
f 1626/575/1189 1627/570/1190 1628/569/185
f 1627/570/1190 1626/575/1189 1629/576/669
f 1630/577/1191 1631/578/1192 1632/565/1193
f 1631/578/1192 1633/566/187 1632/565/1193
f 1634/562/1173 1635/180/1194 1636/560/1195
f 1635/180/1194 1634/562/1173 1637/182/1196
f 1638/560/1197 1639/180/1198 1640/564/1176
f 1639/180/1198 1641/188/1199 1640/564/1176
f 1642/191/1200 1643/565/1177 1644/190/1201
f 1643/565/1177 1645/567/1178 1644/190/1201
f 1646/190/1202 1647/570/1182 1648/194/1203
f 1647/570/1182 1646/190/1202 1649/567/1180
f 1650/182/1196 1651/572/1184 1652/579/1204
f 1651/572/1184 1650/182/1196 1653/562/1183
f 1654/574/1205 1655/564/1187 1656/188/1199
f 1656/188/1199 1657/580/1206 1654/574/1205
f 1658/191/1207 1659/581/1208 1660/577/1209
f 1660/577/1209 1661/565/1193 1658/191/1207
f 1662/576/669 1663/194/1203 1664/570/1190
f 1663/194/1203 1662/576/669 1665/582/1210
f 1666/583/1211 1667/169/1212 1668/584/1213
f 1667/169/1212 1669/170/1214 1668/584/1213
f 1670/172/1215 1671/585/1216 1672/173/1217
f 1671/585/1216 1670/172/1215 1673/586/1218
f 1674/584/1219 1675/171/1220 1676/587/1221
f 1675/171/1220 1674/584/1219 1677/170/1222
f 1678/173/1223 1679/585/1224 1680/174/1225
f 1679/585/1224 1681/588/1226 1680/174/1225
f 1682/589/1227 1683/590/1228 1684/591/1229
f 1683/590/1228 1685/592/1230 1684/591/1229
f 1686/591/1231 1687/593/1232 1688/594/1233
f 1687/593/1232 1686/591/1231 1689/592/1234
f 1690/595/1235 1691/591/1229 1692/596/1236
f 1691/591/1229 1690/595/1235 1693/589/1227
f 1694/596/1237 1695/591/1231 1696/597/1238
f 1695/591/1231 1697/594/1239 1696/597/1238
f 1698/586/1240 1699/595/1241 1700/596/1236
f 1698/586/1240 1700/596/1236 1701/585/1242
f 1702/584/1213 1703/592/1243 1704/583/1211
f 1705/590/1228 1704/583/1211 1703/592/1243
f 1706/587/1221 1707/592/1244 1708/584/1219
f 1707/592/1244 1706/587/1221 1709/593/1232
f 1710/596/1237 1711/588/1245 1712/585/1246
f 1711/588/1245 1710/596/1237 1713/597/1238
f 1714/598/1247 1715/599/1248 1716/583/1249
f 1715/599/1248 1717/169/1212 1716/583/1249
f 1718/586/1250 1719/600/1251 1720/601/1252
f 1719/600/1251 1718/586/1250 1721/172/1253
f 1722/587/1254 1723/602/1255 1724/603/1256
f 1723/602/1255 1722/587/1254 1725/171/1220
f 1726/174/1257 1727/588/1258 1728/604/1259
f 1727/588/1258 1729/605/1260 1728/604/1259
f 1730/606/1261 1731/579/1204 1732/607/1262
f 1731/579/1204 1733/572/1263 1732/607/1262
f 1734/580/1206 1735/608/1264 1736/574/1205
f 1735/608/1264 1734/580/1206 1737/609/1265
f 1738/610/1266 1739/611/1267 1740/589/1227
f 1739/611/1267 1741/590/1228 1740/589/1227
f 1742/594/1239 1743/612/1268 1744/613/1269
f 1743/612/1268 1742/594/1239 1745/593/1270
f 1746/576/669 1747/614/670 1748/582/1271
f 1748/582/1271 1747/614/670 1749/615/1272
f 1750/616/1273 1751/581/1274 1752/617/1275
f 1751/581/1274 1750/616/1273 1753/577/1209
f 1754/603/1256 1755/593/1270 1756/587/1276
f 1755/593/1270 1754/603/1256 1757/612/1268
f 1758/611/1267 1759/598/1247 1760/590/1228
f 1759/598/1247 1761/583/1249 1760/590/1228
f 1762/597/1277 1763/605/1260 1764/588/1258
f 1763/605/1260 1762/597/1277 1765/618/1278
f 1762/597/1238 1766/594/1239 1767/618/1279
f 1766/594/1239 1768/613/1280 1767/618/1279
f 1769/619/1281 1770/589/1227 1771/595/1241
f 1770/589/1227 1769/619/1281 1772/610/1266
f 1773/601/1252 1771/595/1282 1774/586/1250
f 1773/601/1252 1775/619/1283 1771/595/1282
f 1776/602/1284 1777/620/1285 1778/603/1286
f 1778/603/1286 1777/620/1285 1779/621/1287
f 1780/605/1288 1781/622/1018 1782/604/1017
f 1781/622/1018 1780/605/1288 1783/623/1289
f 1784/624/1290 1785/598/1291 1786/625/1292
f 1785/598/1291 1784/624/1290 1787/599/1293
f 1788/626/1294 1789/601/1295 1790/627/1022
f 1789/601/1295 1791/600/1024 1790/627/1022
f 1792/628/1296 1793/610/1266 1794/629/1297
f 1793/610/1266 1792/628/1296 1795/611/1298
f 1796/612/1299 1797/630/730 1798/613/1280
f 1798/613/1280 1797/630/730 1799/631/1300
f 1800/613/1280 1801/632/1301 1802/618/1302
f 1801/632/1301 1800/613/1280 1803/631/1300
f 1804/603/1256 1805/621/1287 1806/612/1299
f 1806/612/1299 1805/621/1287 1807/630/730
f 1808/633/1303 1809/629/1297 1810/610/1266
f 1808/633/1303 1810/610/1266 1811/619/1304
f 1812/625/1292 1813/611/1298 1814/628/1296
f 1813/611/1298 1812/625/1292 1815/598/1305
f 1816/626/1294 1817/633/1303 1818/619/1306
f 1818/619/1306 1819/601/1295 1816/626/1294
f 1820/618/1302 1821/623/1289 1822/605/1288
f 1821/623/1289 1820/618/1302 1823/632/1307
f 1824/634/1308 1825/188/1309 1826/180/1310
f 1825/188/1309 1824/634/1308 1827/635/1311
f 1828/634/1312 1829/182/1313 1830/636/1314
f 1829/182/1313 1828/634/1312 1831/180/1315
f 1832/191/1316 1833/637/1317 1834/638/1318
f 1833/637/1317 1832/191/1316 1835/190/1201
f 1836/190/1319 1837/194/1320 1838/637/1321
f 1838/637/1321 1837/194/1320 1839/639/1322
f 1840/635/1323 1841/580/1324 1842/188/1309
f 1841/580/1324 1840/635/1323 1843/640/1325
f 1844/636/1326 1845/579/1327 1846/641/1328
f 1845/579/1327 1844/636/1326 1847/182/1313
f 1848/194/1329 1849/582/1210 1850/639/1330
f 1850/639/1330 1849/582/1210 1851/642/1331
f 1852/581/1208 1853/638/1332 1854/643/1333
f 1853/638/1332 1852/581/1208 1855/191/1200
f 1856/641/1328 1857/606/1334 1858/644/1335
f 1857/606/1334 1856/641/1328 1859/579/1204
f 1860/640/1325 1861/609/1336 1862/580/1206
f 1861/609/1336 1860/640/1325 1863/645/756
f 1864/582/1337 1865/615/680 1866/642/1338
f 1866/642/1338 1865/615/680 1867/646/1339
f 1868/617/1340 1869/643/1333 1870/647/1341
f 1869/643/1333 1868/617/1340 1871/581/1208
f 1874/648/256 1872/649/253 1873/650/1342
f 1877/651/261 1872/649/253 1874/648/256
f 1877/651/261 1874/648/256 1876/652/1343
f 1872/649/253 1503/460/1081 1878/653/1344
f 1872/649/253 1877/651/261 1503/460/1081
f 1875/654/257 1544/501/1118 1879/655/1345
f 1879/655/1345 1542/499/1116 1880/656/1346
f 1542/499/1116 1879/655/1345 1544/501/1118
f 1539/494/628 1880/656/1346 1542/499/1116
f 1880/656/1346 1539/494/628 1538/657/1347
f 1544/501/1118 1875/654/257 1546/503/263
f 1501/458/629 1503/460/1081 1877/651/261
f 1881/658/462 1882/659/1348 1883/660/1349
f 1882/659/1348 1881/658/462 1884/661/407
f 1885/662/1350 1886/663/1351 1887/664/1352
f 1886/663/1351 1885/662/1350 1888/665/1353
f 1889/666/1354 1890/659/1355 1891/661/1356
f 1889/666/1354 1891/661/1356 1892/667/1357
f 1893/668/1358 1894/665/1359 1895/662/1350
f 1894/665/1359 1893/668/1358 1896/669/1360
f 1897/670/1361 1898/671/1362 1899/672/1363
f 1899/672/1363 1898/671/1362 1900/673/1364
f 1901/674/434 1902/671/1362 1903/670/1361
f 1902/671/1362 1901/674/434 1904/675/1365
f 1905/676/1366 1906/672/1367 1907/673/1368
f 1905/676/1366 1907/673/1368 1908/677/1369
f 1908/677/1369 1909/678/1370 1905/676/1366
f 1910/679/1371 1911/680/1372 1912/681/1373
f 1913/675/1365 1911/680/1372 1910/679/1371
f 1911/680/1372 1913/675/1365 1914/674/434
f 1915/682/1374 1916/683/1375 1917/684/474
f 1916/683/1375 1915/682/1374 1918/685/1376
f 1919/686/1377 1920/687/1378 1921/688/1379
f 1920/687/1378 1919/686/1377 1922/689/1380
f 1923/690/1381 1924/664/466 1925/687/1382
f 1924/664/466 1926/688/467 1925/687/1382
f 1924/664/466 1923/690/1381 1927/662/1383
f 1928/691/1384 1929/692/1385 1930/659/1348
f 1928/691/1384 1930/659/1348 1931/666/1354
f 1932/692/1385 1933/660/461 1930/659/1348
f 1932/692/1385 1934/682/1386 1933/660/461
f 1933/660/461 1934/682/1386 1935/684/1387
f 1936/693/1388 1937/662/1350 1938/690/1389
f 1937/662/1350 1936/693/1388 1939/668/1358
f 1941/694/1390 1940/695/1391 1942/696/1392
f 1943/689/1393 1944/686/867 1945/677/1394
f 1944/686/867 1946/678/1370 1945/677/1394
f 1947/679/1395 1948/683/87 1949/685/1396
f 1948/683/87 1947/679/1395 1950/681/1373
f 1951/697/1397 1952/685/1398 1953/682/1399
f 1954/695/885 1955/694/1390 1956/698/886
f 1957/699/118 1958/700/1400 1959/701/1401
f 1960/689/1402 1961/702/1403 1962/687/1382
f 1961/702/1403 1960/689/1402 1963/315/1404
f 1964/693/1405 1965/703/1406 1966/704/851
f 1964/693/1405 1966/704/851 1967/668/853
f 1968/703/1407 1969/705/873 1966/704/851
f 1968/703/1407 1970/706/1408 1969/705/873
f 1969/705/873 1970/706/1408 1971/707/899
f 1972/671/1409 1973/708/1410 1974/673/1411
f 1974/673/1411 1975/709/1412 1976/677/1369
f 1977/710/1413 1978/675/1414 1979/679/1371
f 1980/671/1409 1978/675/1414 1981/708/1410
f 1983/711/1415 1982/699/1416 1984/701/1417
f 1983/711/1418 1985/712/1419 1986/343/1420
f 1987/691/1384 1988/713/1421 1989/714/1422
f 1988/713/1421 1987/691/1384 1990/666/1423
f 1991/715/108 1992/714/1422 1988/713/1424
f 1992/714/1422 1991/715/108 1993/716/1425
f 1991/715/108 1994/717/135 1993/716/1425
f 1995/685/1398 1996/697/1426 1997/301/1427
f 1998/709/1412 1999/673/1411 2000/708/1410
f 2001/675/1414 2002/710/1413 2003/708/1410
f 2004/692/1428 2005/697/1397 2006/682/1429
f 2007/718/1430 2004/692/1428 2008/691/1431
f 2009/690/1389 2010/687/1382 2011/702/1432
f 2009/690/1389 2012/719/1433 2013/693/1434
f 2017/720/1435 2015/721/941 2014/722/1436
f 2018/723/1068 2017/720/1435 2016/724/1064
f 2015/721/941 2017/720/1435 2019/725/1437
f 2020/726/1438 2019/725/1437 2017/720/1435
f 2017/720/1435 2018/723/1068 2020/726/1438
f 2021/727/1071 2020/726/1438 2018/723/1068
f 2020/726/1438 2021/727/1071 2022/728/1439
f 2022/728/1439 2023/729/1440 2020/726/1438
f 2019/725/1437 2020/726/1438 2023/729/1440
f 2023/729/1440 2022/728/1439 2024/730/1441
f 2028/728/1439 2025/731/1442 2029/730/1441
f 2025/731/1442 2028/728/1439 2030/732/1443
f 2030/732/1443 2026/733/1444 2025/731/1442
f 2030/732/1443 2028/728/1439 2031/727/1445
f 2031/727/1445 2032/734/1085 2030/732/1443
f 2026/733/1444 2030/732/1443 2033/735/1446
f 2033/735/1446 2027/736/166 2026/733/1444
f 2033/735/1446 2030/732/1443 2032/734/1085
f 2027/736/166 2033/735/1446 2034/737/167
f 2032/734/1085 2035/738/1084 2033/735/1446
f 2036/697/1447 2037/692/1428 2038/718/1430
f 2039/702/1432 2040/719/1433 2041/690/1389
f 2042/712/1419 2043/711/1415 2044/701/1417
f 2045/344/1448 2046/739/1449 2047/696/1450
f 2047/696/1450 2046/739/1449 2048/694/1390
f 2049/689/1451 2050/677/1369 2051/709/1412
f 2052/740/155 2053/741/164 2054/742/1452
f 2052/740/155 2054/742/1452 2055/701/1453
f 2055/701/1453 2056/700/119 2052/740/155
f 2053/741/1454 2057/743/1455 2058/742/1452
f 2059/744/178 2057/743/1455 2053/741/1454
f 2060/710/1456 2061/685/1396 2062/301/1457
f 2061/685/1396 2060/710/1456 2063/679/1395
f 2064/703/1458 2065/745/1459 2066/706/1408
f 2067/719/1433 2064/703/1458 2068/693/1405
f 2069/694/1460 2070/746/1461 2071/698/916
f 2072/747/1462 2070/746/1461 2069/694/1460
f 2070/746/1461 2072/747/1462 2073/748/938
f 2074/749/1463 2073/748/938 2075/747/1464
f 2073/748/938 2074/749/1463 2076/750/1465
f 2077/714/1466 2078/716/1425 2079/751/1467
f 2077/714/1466 2080/718/1430 2081/691/1384
f 2084/752/1468 2087/753/1469 2085/754/1470
f 2087/753/1469 2086/755/1471 2085/754/1470
f 2083/756/1472 2088/757/1473 2084/752/1468
f 2087/753/1469 2084/752/1468 2088/757/1473
f 2088/757/1473 2083/756/1472 2089/758/1474
f 2082/759/978 2089/758/1474 2083/756/1472
f 2090/760/1475 2088/757/1473 2089/758/1474
f 2090/760/1475 2091/761/1476 2088/757/1473
f 2091/761/1476 2087/753/1469 2088/757/1473
f 2090/760/1475 2089/758/1474 2092/762/1477
f 2091/761/1476 2093/763/1478 2087/753/1469
f 2094/764/1479 2087/753/1469 2093/763/1478
f 2092/762/1477 2089/758/1474 2095/765/1480
f 2089/758/1474 2082/759/978 2095/765/1480
f 2087/753/1469 2094/764/1479 2096/766/1481
f 2086/755/1471 2087/753/1469 2096/766/1481
f 2097/767/1482 2096/766/1481 2094/764/1479
f 2096/766/1481 2097/767/1482 2098/768/1483
f 2099/769/1484 2098/768/1483 2097/767/1482
f 2096/766/1481 2098/768/1483 2100/770/1485
f 2096/766/1481 2100/770/1485 2086/755/1471
f 2098/768/1483 2099/769/1484 2101/771/1486
f 2098/768/1483 2102/772/1487 2100/770/1485
f 2098/768/1483 2101/771/1486 2102/772/1487
f 2103/315/1488 2104/689/1451 2105/709/1412
f 2106/745/1459 2107/703/1458 2108/719/1433
f 2109/751/1467 2110/718/1430 2111/714/1466
f 2112/773/965 2113/750/960 2114/774/1489
f 2114/774/1489 2113/750/960 2115/775/1490
f 2116/776/1491 2117/744/1492 2118/777/1493
f 2117/744/1492 2116/776/1491 2119/778/1494
f 2120/697/1495 2121/779/1496 2122/301/1427
f 2121/779/1496 2120/697/1495 2123/718/1430
f 2122/301/1427 2121/779/1496 2124/780/1497
f 2124/780/1497 2125/710/1413 2122/301/1427
f 2126/708/1410 2125/710/1413 2124/780/1497
f 2127/781/1498 2128/315/1404 2129/780/1497
f 2130/709/1499 2129/780/1497 2128/315/1404
f 2129/780/1497 2130/709/1499 2131/708/1410
f 2127/781/1498 2132/702/1500 2128/315/1404
f 2132/702/1500 2127/781/1498 2133/719/1433
f 2134/701/1453 2135/742/1501 2136/712/1502
f 2137/743/1455 2138/782/1503 2135/742/1501
f 2139/750/960 2140/749/1463 2141/775/1490
f 2141/775/1490 2140/749/1463 2142/783/1504
f 2143/739/1505 2144/747/1506 2145/694/1460
f 2146/749/1507 2144/747/1506 2147/784/1508
f 2148/785/1509 2149/774/1510 2150/775/1490
f 2148/785/1509 2150/775/1490 2151/786/1511
f 2152/742/1501 2153/782/1512 2154/712/1502
f 2155/747/1506 2156/739/1505 2157/784/1513
f 2158/787/1209 2159/778/1494 2160/776/1514
f 2159/778/1494 2158/787/1209 2161/788/1273
f 2162/695/1515 2163/706/1516 2164/696/1517
f 2165/706/1516 2166/695/998 2167/707/899
f 2168/789/1518 2169/788/1519 2170/790/1340
f 2171/791/1520 2169/788/1519 2168/789/1518
f 2169/788/1519 2171/791/1520 2172/778/1494
f 2173/743/1455 2172/778/1494 2174/791/1521
f 2172/778/1494 2173/743/1455 2175/744/1492
f 2176/786/1522 2177/775/1523 2178/783/1504
f 2176/786/1522 2178/783/1504 2179/792/1524
f 2179/792/1524 2180/793/1525 2176/786/1522
f 2181/779/1526 2182/343/1420 2183/794/1527
f 2184/712/1528 2183/794/1527 2182/343/1420
f 2183/794/1527 2184/712/1528 2185/782/1512
f 2181/779/1526 2186/751/1529 2182/343/1420
f 2186/751/1529 2181/779/1526 2187/718/1530
f 2188/699/1531 2189/716/1425 2190/717/231
f 2189/716/1425 2188/699/1531 2191/711/1532
f 2192/745/1533 2193/781/1534 2194/344/1535
f 2193/781/1534 2192/745/1533 2195/719/1433
f 2196/795/1536 2194/344/1535 2193/781/1534
f 2196/795/1536 2197/739/1505 2194/344/1535
f 2197/739/1505 2196/795/1536 2198/784/1508
f 2199/796/1021 2200/797/1537 2201/798/1538
f 2200/797/1537 2199/796/1021 2202/799/1539
f 2203/792/1524 2204/783/1504 2205/800/1540
f 2206/749/1507 2207/784/1508 2204/783/1504
f 2208/801/1541 2209/802/250 2210/803/1542
f 2209/802/250 2208/801/1541 2211/804/1543
f 2212/743/1544 2213/791/1520 2214/782/1503
f 2215/805/1545 2213/791/1520 2216/789/1546
f 2217/783/1504 2218/784/1508 2219/800/1540
f 2220/791/1520 2221/805/1545 2222/782/1503
f 2223/806/1547 2224/797/1548 2225/799/1539
f 2225/799/1539 2226/408/1549 2223/806/1547
f 2227/807/1550 2228/804/1543 2229/801/1551
f 2228/804/1543 2227/807/1550 2230/405/1552
f 2231/808/1553 2232/809/1554 2233/810/1296
f 2231/808/1553 2233/810/1296 2234/811/1555
f 2235/808/1553 2236/812/1556 2237/813/1557
f 2236/812/1556 2235/808/1553 2238/811/1555
f 2239/809/1558 2240/801/1559 2241/814/1560
f 2241/814/1560 2240/801/1559 2242/803/1542
f 2239/809/1558 2241/814/1560 2243/810/1296
f 2244/813/1561 2245/815/1562 2246/797/1548
f 2245/815/1562 2247/798/1538 2246/797/1548
f 2245/815/1562 2244/813/1561 2248/812/1563
f 2249/711/1532 2250/751/1564 2251/716/1425
f 2252/809/1565 2253/807/1566 2254/801/1567
f 2255/816/1568 2252/809/1565 2256/808/1569
f 2257/813/1570 2258/797/1548 2259/806/1547
f 2257/813/1570 2260/816/1568 2261/808/1553
f 2262/807/1566 2263/809/1565 2264/816/1568
f 2265/806/1547 2266/816/1568 2267/813/1570
f 2268/745/1533 2269/696/1571 2270/706/1572
f 2269/696/1571 2268/745/1533 2271/344/1573
f 2272/795/1536 2273/800/1574 2274/784/1508
f 2273/800/1574 2272/795/1536 2275/408/1575
f 2275/408/1575 2272/795/1536 2276/817/1576
f 2275/408/1575 2276/817/1576 2277/806/1577
f 2277/806/1577 2276/817/1576 2278/816/1578
f 2279/807/1566 2280/817/1576 2281/405/1579
f 2280/817/1576 2279/807/1566 2282/816/1578
f 2283/794/1580 2281/405/1579 2280/817/1576
f 2283/794/1580 2284/805/1581 2281/405/1579
f 2284/805/1581 2283/794/1580 2285/782/1503
f 2286/794/1580 2287/795/1536 2288/779/1496
f 2289/781/1498 2288/779/1496 2287/795/1536
f 2290/795/1536 2291/794/1580 2292/817/1582
f 2293/779/1496 2294/781/1498 2295/780/1583
f 2296/751/1564 2297/711/1584 2298/343/1420
f 2299/804/1585 2300/805/1586 2301/789/1546
f 2302/799/1587 2303/796/1335 2304/792/1588
f 2303/796/1335 2305/793/1334 2304/792/1588
f 2306/789/1518 2307/802/1589 2308/804/1590
f 2307/802/1589 2306/789/1518 2309/790/1340
f 2310/799/1591 2311/800/1592 2312/408/1575
f 2311/800/1592 2310/799/1591 2313/792/1524
f 2314/405/1579 2315/805/1586 2316/804/1585
f 2317/818/1593 2318/819/1594 2319/820/1595
f 2318/819/1594 2317/818/1593 2320/821/1596
f 2318/819/1594 2321/763/1478 2319/820/1595
f 2321/763/1478 2322/761/1597 2319/820/1595
f 2323/822/1598 2324/823/1599 2325/824/1600
f 2325/824/1600 2326/825/1601 2323/822/1598
f 2326/825/1602 2327/767/1603 2328/764/1479
f 2328/764/1479 2329/822/1598 2326/825/1602
f 2330/819/1594 2331/821/1596 2332/823/1604
f 2332/823/1604 2333/822/1605 2330/819/1594
f 2334/763/1478 2330/819/1594 2333/822/1605
f 2333/822/1605 2335/764/1606 2334/763/1478
f 2336/826/1607 2337/761/1608 2338/760/1609
f 2337/761/1608 2336/826/1607 2339/820/1610
f 2340/827/1611 2341/820/1610 2336/826/1612
f 2341/820/1610 2340/827/1611 2342/818/1613
f 2343/767/1614 2344/825/1602 2345/828/1615
f 2345/828/1615 2346/769/1484 2343/767/1614
f 2347/829/1616 2345/828/1615 2348/825/1617
f 2348/825/1617 2349/824/1618 2347/829/1616
f 2350/830/1619 2351/826/1607 2352/831/1620
f 2351/826/1607 2350/830/1619 2353/827/1621
f 2351/826/1607 2354/760/1609 2352/831/1620
f 2355/762/1477 2352/831/1620 2354/760/1609
